Fecha_orig,Dia,Mes,Year,COP_125_Kg
ju.-02-ene-03,02-ene-03,01,2003,277
vi.-03-ene-03,03-ene-03,01,2003,280.875
sá.-04-ene-03,04-ene-03,01,2003,280.875
do.-05-ene-03,05-ene-03,01,2003,280.875
lu.-06-ene-03,06-ene-03,01,2003,281.5
ma.-07-ene-03,07-ene-03,01,2003,294.875
mi.-08-ene-03,08-ene-03,01,2003,317.375
ju.-09-ene-03,09-ene-03,01,2003,319.125
vi.-10-ene-03,10-ene-03,01,2003,331.375
sá.-11-ene-03,11-ene-03,01,2003,331.375
do.-12-ene-03,12-ene-03,01,2003,331.375
lu.-13-ene-03,13-ene-03,01,2003,330.875
ma.-14-ene-03,14-ene-03,01,2003,331.75
mi.-15-ene-03,15-ene-03,01,2003,337.625
ju.-16-ene-03,16-ene-03,01,2003,337.5
vi.-17-ene-03,17-ene-03,01,2003,337.75
sá.-18-ene-03,18-ene-03,01,2003,337.75
do.-19-ene-03,19-ene-03,01,2003,337.75
lu.-20-ene-03,20-ene-03,01,2003,333.625
ma.-21-ene-03,21-ene-03,01,2003,336
mi.-22-ene-03,22-ene-03,01,2003,346.625
ju.-23-ene-03,23-ene-03,01,2003,345.875
vi.-24-ene-03,24-ene-03,01,2003,344
sá.-25-ene-03,25-ene-03,01,2003,344
do.-26-ene-03,26-ene-03,01,2003,344
lu.-27-ene-03,27-ene-03,01,2003,334.25
ma.-28-ene-03,28-ene-03,01,2003,336.125
mi.-29-ene-03,29-ene-03,01,2003,323.75
ju.-30-ene-03,30-ene-03,01,2003,319.75
vi.-31-ene-03,31-ene-03,01,2003,329.5
sá.-01-feb-03,01-feb-03,02,2003,329.5
do.-02-feb-03,02-feb-03,02,2003,329.5
lu.-03-feb-03,03-feb-03,02,2003,334.125
ma.-04-feb-03,04-feb-03,02,2003,332.5
mi.-05-feb-03,05-feb-03,02,2003,326.375
ju.-06-feb-03,06-feb-03,02,2003,330
vi.-07-feb-03,07-feb-03,02,2003,334.625
sá.-08-feb-03,08-feb-03,02,2003,334.625
do.-09-feb-03,09-feb-03,02,2003,334.625
lu.-10-feb-03,10-feb-03,02,2003,340.125
ma.-11-feb-03,11-feb-03,02,2003,336.625
mi.-12-feb-03,12-feb-03,02,2003,331.5
ju.-13-feb-03,13-feb-03,02,2003,311.5
vi.-14-feb-03,14-feb-03,02,2003,317.5
sá.-15-feb-03,15-feb-03,02,2003,317.5
do.-16-feb-03,16-feb-03,02,2003,317.5
lu.-17-feb-03,17-feb-03,02,2003,315.375
ma.-18-feb-03,18-feb-03,02,2003,318.75
mi.-19-feb-03,19-feb-03,02,2003,316
ju.-20-feb-03,20-feb-03,02,2003,318
vi.-21-feb-03,21-feb-03,02,2003,317.875
sá.-22-feb-03,22-feb-03,02,2003,317.875
do.-23-feb-03,23-feb-03,02,2003,317.875
lu.-24-feb-03,24-feb-03,02,2003,310.875
ma.-25-feb-03,25-feb-03,02,2003,303
mi.-26-feb-03,26-feb-03,02,2003,299.25
ju.-27-feb-03,27-feb-03,02,2003,300.375
vi.-28-feb-03,28-feb-03,02,2003,291.75
sá.-01-mar-03,01-mar-03,03,2003,291.75
do.-02-mar-03,02-mar-03,03,2003,291.75
lu.-03-mar-03,03-mar-03,03,2003,297.5
ma.-04-mar-03,04-mar-03,03,2003,293.25
mi.-05-mar-03,05-mar-03,03,2003,293.25
ju.-06-mar-03,06-mar-03,03,2003,294.25
vi.-07-mar-03,07-mar-03,03,2003,300.125
sá.-08-mar-03,08-mar-03,03,2003,300.125
do.-09-mar-03,09-mar-03,03,2003,300.125
lu.-10-mar-03,10-mar-03,03,2003,304.375
ma.-11-mar-03,11-mar-03,03,2003,298.875
mi.-12-mar-03,12-mar-03,03,2003,294.5
ju.-13-mar-03,13-mar-03,03,2003,294.5
vi.-14-mar-03,14-mar-03,03,2003,296.75
sá.-15-mar-03,15-mar-03,03,2003,296.75
do.-16-mar-03,16-mar-03,03,2003,296.75
lu.-17-mar-03,17-mar-03,03,2003,284
ma.-18-mar-03,18-mar-03,03,2003,290
mi.-19-mar-03,19-mar-03,03,2003,305.875
ju.-20-mar-03,20-mar-03,03,2003,314.125
vi.-21-mar-03,21-mar-03,03,2003,314.75
sá.-22-mar-03,22-mar-03,03,2003,314.75
do.-23-mar-03,23-mar-03,03,2003,314.75
lu.-24-mar-03,24-mar-03,03,2003,308.375
ma.-25-mar-03,25-mar-03,03,2003,300
mi.-26-mar-03,26-mar-03,03,2003,300
ju.-27-mar-03,27-mar-03,03,2003,293.375
vi.-28-mar-03,28-mar-03,03,2003,300
sá.-29-mar-03,29-mar-03,03,2003,300
do.-30-mar-03,30-mar-03,03,2003,300
lu.-31-mar-03,31-mar-03,03,2003,302.75
ma.-01-abr-03,01-abr-03,04,2003,300.5
mi.-02-abr-03,02-abr-03,04,2003,311.25
ju.-03-abr-03,03-abr-03,04,2003,317.625
vi.-04-abr-03,04-abr-03,04,2003,312.125
sá.-05-abr-03,05-abr-03,04,2003,312.125
do.-06-abr-03,06-abr-03,04,2003,312.125
lu.-07-abr-03,07-abr-03,04,2003,319.75
ma.-08-abr-03,08-abr-03,04,2003,313.375
mi.-09-abr-03,09-abr-03,04,2003,309.75
ju.-10-abr-03,10-abr-03,04,2003,304.75
vi.-11-abr-03,11-abr-03,04,2003,307.75
sá.-12-abr-03,12-abr-03,04,2003,307.75
do.-13-abr-03,13-abr-03,04,2003,307.75
lu.-14-abr-03,14-abr-03,04,2003,295.25
ma.-15-abr-03,15-abr-03,04,2003,302.125
mi.-16-abr-03,16-abr-03,04,2003,304.75
ju.-17-abr-03,17-abr-03,04,2003,315.25
vi.-18-abr-03,18-abr-03,04,2003,315.25
sá.-19-abr-03,19-abr-03,04,2003,315.25
do.-20-abr-03,20-abr-03,04,2003,315.25
lu.-21-abr-03,21-abr-03,04,2003,320.625
ma.-22-abr-03,22-abr-03,04,2003,321.5
mi.-23-abr-03,23-abr-03,04,2003,320.875
ju.-24-abr-03,24-abr-03,04,2003,315.75
vi.-25-abr-03,25-abr-03,04,2003,313.625
sá.-26-abr-03,26-abr-03,04,2003,313.625
do.-27-abr-03,27-abr-03,04,2003,313.625
lu.-28-abr-03,28-abr-03,04,2003,307.375
ma.-29-abr-03,29-abr-03,04,2003,320.75
mi.-30-abr-03,30-abr-03,04,2003,330
ju.-01-may-03,01-may-03,05,2003,334
vi.-02-may-03,02-may-03,05,2003,324.25
sá.-03-may-03,03-may-03,05,2003,324.25
do.-04-may-03,04-may-03,05,2003,324.25
lu.-05-may-03,05-may-03,05,2003,326.875
ma.-06-may-03,06-may-03,05,2003,332.5
mi.-07-may-03,07-may-03,05,2003,327.25
ju.-08-may-03,08-may-03,05,2003,326.25
vi.-09-may-03,09-may-03,05,2003,319.25
sá.-10-may-03,10-may-03,05,2003,319.25
do.-11-may-03,11-may-03,05,2003,319.25
lu.-12-may-03,12-may-03,05,2003,318.625
ma.-13-may-03,13-may-03,05,2003,312.875
mi.-14-may-03,14-may-03,05,2003,305.875
ju.-15-may-03,15-may-03,05,2003,305
vi.-16-may-03,16-may-03,05,2003,306.125
sá.-17-may-03,17-may-03,05,2003,306.125
do.-18-may-03,18-may-03,05,2003,306.125
lu.-19-may-03,19-may-03,05,2003,312.25
ma.-20-may-03,20-may-03,05,2003,330.75
mi.-21-may-03,21-may-03,05,2003,322.375
ju.-22-may-03,22-may-03,05,2003,322.375
vi.-23-may-03,23-may-03,05,2003,314.625
sá.-24-may-03,24-may-03,05,2003,314.625
do.-25-may-03,25-may-03,05,2003,314.625
lu.-26-may-03,26-may-03,05,2003,313.625
ma.-27-may-03,27-may-03,05,2003,288
mi.-28-may-03,28-may-03,05,2003,308.875
ju.-29-may-03,29-may-03,05,2003,291.25
vi.-30-may-03,30-may-03,05,2003,284.625
sá.-31-may-03,31-may-03,05,2003,284.625
do.-01-jun-03,01-jun-03,06,2003,284.625
lu.-02-jun-03,02-jun-03,06,2003,291.875
ma.-03-jun-03,03-jun-03,06,2003,290.25
mi.-04-jun-03,04-jun-03,06,2003,291.125
ju.-05-jun-03,05-jun-03,06,2003,286.375
vi.-06-jun-03,06-jun-03,06,2003,290
sá.-07-jun-03,07-jun-03,06,2003,290
do.-08-jun-03,08-jun-03,06,2003,290
lu.-09-jun-03,09-jun-03,06,2003,287.125
ma.-10-jun-03,10-jun-03,06,2003,292.875
mi.-11-jun-03,11-jun-03,06,2003,298.125
ju.-12-jun-03,12-jun-03,06,2003,296.375
vi.-13-jun-03,13-jun-03,06,2003,289
sá.-14-jun-03,14-jun-03,06,2003,289
do.-15-jun-03,15-jun-03,06,2003,289
lu.-16-jun-03,16-jun-03,06,2003,285.75
ma.-17-jun-03,17-jun-03,06,2003,285.375
mi.-18-jun-03,18-jun-03,06,2003,289.625
ju.-19-jun-03,19-jun-03,06,2003,277.625
vi.-20-jun-03,20-jun-03,06,2003,280.875
sá.-21-jun-03,21-jun-03,06,2003,280.875
do.-22-jun-03,22-jun-03,06,2003,280.875
lu.-23-jun-03,23-jun-03,06,2003,282.25
ma.-24-jun-03,24-jun-03,06,2003,286.375
mi.-25-jun-03,25-jun-03,06,2003,279.5
ju.-26-jun-03,26-jun-03,06,2003,288.125
vi.-27-jun-03,27-jun-03,06,2003,310.125
sá.-28-jun-03,28-jun-03,06,2003,310.125
do.-29-jun-03,29-jun-03,06,2003,310.125
lu.-30-jun-03,30-jun-03,06,2003,311.625
ma.-01-jul-03,01-jul-03,07,2003,311.875
mi.-02-jul-03,02-jul-03,07,2003,325.875
ju.-03-jul-03,03-jul-03,07,2003,322.625
vi.-04-jul-03,04-jul-03,07,2003,323
sá.-05-jul-03,05-jul-03,07,2003,323
do.-06-jul-03,06-jul-03,07,2003,323
lu.-07-jul-03,07-jul-03,07,2003,320.25
ma.-08-jul-03,08-jul-03,07,2003,319
mi.-09-jul-03,09-jul-03,07,2003,316
ju.-10-jul-03,10-jul-03,07,2003,315.125
vi.-11-jul-03,11-jul-03,07,2003,315.375
sá.-12-jul-03,12-jul-03,07,2003,315.375
do.-13-jul-03,13-jul-03,07,2003,315.375
lu.-14-jul-03,14-jul-03,07,2003,327.125
ma.-15-jul-03,15-jul-03,07,2003,329.5
mi.-16-jul-03,16-jul-03,07,2003,334.25
ju.-17-jul-03,17-jul-03,07,2003,337.5
vi.-18-jul-03,18-jul-03,07,2003,339.625
sá.-19-jul-03,19-jul-03,07,2003,339.625
do.-20-jul-03,20-jul-03,07,2003,339.625
lu.-21-jul-03,21-jul-03,07,2003,314.5
ma.-22-jul-03,22-jul-03,07,2003,308.5
mi.-23-jul-03,23-jul-03,07,2003,306.25
ju.-24-jul-03,24-jul-03,07,2003,300.875
vi.-25-jul-03,25-jul-03,07,2003,311
sá.-26-jul-03,26-jul-03,07,2003,311
do.-27-jul-03,27-jul-03,07,2003,311
lu.-28-jul-03,28-jul-03,07,2003,299.75
ma.-29-jul-03,29-jul-03,07,2003,316.25
mi.-30-jul-03,30-jul-03,07,2003,311.125
ju.-31-jul-03,31-jul-03,07,2003,316.625
vi.-01-ago-03,01-ago-03,08,2003,326.375
sá.-02-ago-03,02-ago-03,08,2003,326.375
do.-03-ago-03,03-ago-03,08,2003,326.375
lu.-04-ago-03,04-ago-03,08,2003,320.5
ma.-05-ago-03,05-ago-03,08,2003,311.75
mi.-06-ago-03,06-ago-03,08,2003,313.75
ju.-07-ago-03,07-ago-03,08,2003,314.125
vi.-08-ago-03,08-ago-03,08,2003,312.75
sá.-09-ago-03,09-ago-03,08,2003,312.75
do.-10-ago-03,10-ago-03,08,2003,312.75
lu.-11-ago-03,11-ago-03,08,2003,299.25
ma.-12-ago-03,12-ago-03,08,2003,295.625
mi.-13-ago-03,13-ago-03,08,2003,301.5
ju.-14-ago-03,14-ago-03,08,2003,293.875
vi.-15-ago-03,15-ago-03,08,2003,291.875
sá.-16-ago-03,16-ago-03,08,2003,291.875
do.-17-ago-03,17-ago-03,08,2003,291.875
lu.-18-ago-03,18-ago-03,08,2003,287.75
ma.-19-ago-03,19-ago-03,08,2003,288.5
mi.-20-ago-03,20-ago-03,08,2003,288.5
ju.-21-ago-03,21-ago-03,08,2003,298.25
vi.-22-ago-03,22-ago-03,08,2003,292
sá.-23-ago-03,23-ago-03,08,2003,292
do.-24-ago-03,24-ago-03,08,2003,292
lu.-25-ago-03,25-ago-03,08,2003,293.75
ma.-26-ago-03,26-ago-03,08,2003,292.625
mi.-27-ago-03,27-ago-03,08,2003,289.625
ju.-28-ago-03,28-ago-03,08,2003,290.375
vi.-29-ago-03,29-ago-03,08,2003,291.25
sá.-30-ago-03,30-ago-03,08,2003,291.25
do.-31-ago-03,31-ago-03,08,2003,291.25
lu.-01-sep-03,01-sep-03,09,2003,290.75
ma.-02-sep-03,02-sep-03,09,2003,292.875
mi.-03-sep-03,03-sep-03,09,2003,289
ju.-04-sep-03,04-sep-03,09,2003,296.75
vi.-05-sep-03,05-sep-03,09,2003,308.5
sá.-06-sep-03,06-sep-03,09,2003,308.5
do.-07-sep-03,07-sep-03,09,2003,308.5
lu.-08-sep-03,08-sep-03,09,2003,321.625
ma.-09-sep-03,09-sep-03,09,2003,329.5
mi.-10-sep-03,10-sep-03,09,2003,331.75
ju.-11-sep-03,11-sep-03,09,2003,333.25
vi.-12-sep-03,12-sep-03,09,2003,329.75
sá.-13-sep-03,13-sep-03,09,2003,329.75
do.-14-sep-03,14-sep-03,09,2003,329.75
lu.-15-sep-03,15-sep-03,09,2003,302.5
ma.-16-sep-03,16-sep-03,09,2003,288.75
mi.-17-sep-03,17-sep-03,09,2003,300.875
ju.-18-sep-03,18-sep-03,09,2003,296.375
vi.-19-sep-03,19-sep-03,09,2003,298
sá.-20-sep-03,20-sep-03,09,2003,298
do.-21-sep-03,21-sep-03,09,2003,298
lu.-22-sep-03,22-sep-03,09,2003,311
ma.-23-sep-03,23-sep-03,09,2003,308.5
mi.-24-sep-03,24-sep-03,09,2003,313.625
ju.-25-sep-03,25-sep-03,09,2003,313.5
vi.-26-sep-03,26-sep-03,09,2003,306.375
sá.-27-sep-03,27-sep-03,09,2003,306.375
do.-28-sep-03,28-sep-03,09,2003,306.375
lu.-29-sep-03,29-sep-03,09,2003,306.625
ma.-30-sep-03,30-sep-03,09,2003,303.875
mi.-01-oct-03,01-oct-03,10,2003,319.75
ju.-02-oct-03,02-oct-03,10,2003,304.375
vi.-03-oct-03,03-oct-03,10,2003,305.625
sá.-04-oct-03,04-oct-03,10,2003,305.625
do.-05-oct-03,05-oct-03,10,2003,305.625
lu.-06-oct-03,06-oct-03,10,2003,294
ma.-07-oct-03,07-oct-03,10,2003,295.25
mi.-08-oct-03,08-oct-03,10,2003,293.25
ju.-09-oct-03,09-oct-03,10,2003,288.5
vi.-10-oct-03,10-oct-03,10,2003,282.625
sá.-11-oct-03,11-oct-03,10,2003,282.625
do.-12-oct-03,12-oct-03,10,2003,282.625
lu.-13-oct-03,13-oct-03,10,2003,278.25
ma.-14-oct-03,14-oct-03,10,2003,283.25
mi.-15-oct-03,15-oct-03,10,2003,282.125
ju.-16-oct-03,16-oct-03,10,2003,287.375
vi.-17-oct-03,17-oct-03,10,2003,281.875
sá.-18-oct-03,18-oct-03,10,2003,281.875
do.-19-oct-03,19-oct-03,10,2003,281.875
lu.-20-oct-03,20-oct-03,10,2003,288.75
ma.-21-oct-03,21-oct-03,10,2003,301
mi.-22-oct-03,22-oct-03,10,2003,300.5
ju.-23-oct-03,23-oct-03,10,2003,304.5
vi.-24-oct-03,24-oct-03,10,2003,312
sá.-25-oct-03,25-oct-03,10,2003,312
do.-26-oct-03,26-oct-03,10,2003,312
lu.-27-oct-03,27-oct-03,10,2003,320
ma.-28-oct-03,28-oct-03,10,2003,319.875
mi.-29-oct-03,29-oct-03,10,2003,301
ju.-30-oct-03,30-oct-03,10,2003,290.875
vi.-31-oct-03,31-oct-03,10,2003,284.125
sá.-01-nov-03,01-nov-03,11,2003,284.125
do.-02-nov-03,02-nov-03,11,2003,284.125
lu.-03-nov-03,03-nov-03,11,2003,284.375
ma.-04-nov-03,04-nov-03,11,2003,288.875
mi.-05-nov-03,05-nov-03,11,2003,287.5
ju.-06-nov-03,06-nov-03,11,2003,289
vi.-07-nov-03,07-nov-03,11,2003,294.125
sá.-08-nov-03,08-nov-03,11,2003,294.125
do.-09-nov-03,09-nov-03,11,2003,294.125
lu.-10-nov-03,10-nov-03,11,2003,286
ma.-11-nov-03,11-nov-03,11,2003,289.25
mi.-12-nov-03,12-nov-03,11,2003,305.625
ju.-13-nov-03,13-nov-03,11,2003,310.75
vi.-14-nov-03,14-nov-03,11,2003,311.5
sá.-15-nov-03,15-nov-03,11,2003,311.5
do.-16-nov-03,16-nov-03,11,2003,311.5
lu.-17-nov-03,17-nov-03,11,2003,310.75
ma.-18-nov-03,18-nov-03,11,2003,310.875
mi.-19-nov-03,19-nov-03,11,2003,304.125
ju.-20-nov-03,20-nov-03,11,2003,299.625
vi.-21-nov-03,21-nov-03,11,2003,293.375
sá.-22-nov-03,22-nov-03,11,2003,293.375
do.-23-nov-03,23-nov-03,11,2003,293.375
lu.-24-nov-03,24-nov-03,11,2003,297
ma.-25-nov-03,25-nov-03,11,2003,299.5
mi.-26-nov-03,26-nov-03,11,2003,305.5
ju.-27-nov-03,27-nov-03,11,2003,305.5
vi.-28-nov-03,28-nov-03,11,2003,305.5
sá.-29-nov-03,29-nov-03,11,2003,305.5
do.-30-nov-03,30-nov-03,11,2003,305.5
lu.-01-dic-03,01-dic-03,12,2003,314.25
ma.-02-dic-03,02-dic-03,12,2003,323.375
mi.-03-dic-03,03-dic-03,12,2003,315.25
ju.-04-dic-03,04-dic-03,12,2003,301.25
vi.-05-dic-03,05-dic-03,12,2003,305.375
sá.-06-dic-03,06-dic-03,12,2003,305.375
do.-07-dic-03,07-dic-03,12,2003,305.375
lu.-08-dic-03,08-dic-03,12,2003,316.875
ma.-09-dic-03,09-dic-03,12,2003,315.375
mi.-10-dic-03,10-dic-03,12,2003,310.875
ju.-11-dic-03,11-dic-03,12,2003,305.875
vi.-12-dic-03,12-dic-03,12,2003,310.625
sá.-13-dic-03,13-dic-03,12,2003,310.625
do.-14-dic-03,14-dic-03,12,2003,310.625
lu.-15-dic-03,15-dic-03,12,2003,290.625
ma.-16-dic-03,16-dic-03,12,2003,292.5
mi.-17-dic-03,17-dic-03,12,2003,296.25
ju.-18-dic-03,18-dic-03,12,2003,295.875
vi.-19-dic-03,19-dic-03,12,2003,303.25
sá.-20-dic-03,20-dic-03,12,2003,303.25
do.-21-dic-03,21-dic-03,12,2003,303.25
lu.-22-dic-03,22-dic-03,12,2003,303.375
ma.-23-dic-03,23-dic-03,12,2003,303
mi.-24-dic-03,24-dic-03,12,2003,300.25
ju.-25-dic-03,25-dic-03,12,2003,300.25
vi.-26-dic-03,26-dic-03,12,2003,300.25
sá.-27-dic-03,27-dic-03,12,2003,300.25
do.-28-dic-03,28-dic-03,12,2003,300.25
lu.-29-dic-03,29-dic-03,12,2003,300.875
ma.-30-dic-03,30-dic-03,12,2003,304.875
mi.-31-dic-03,31-dic-03,12,2003,291.25
ju.-01-ene-04,01-ene-04,01,2004,291.25
vi.-02-ene-04,02-ene-04,01,2004,291.25
sá.-03-ene-04,03-ene-04,01,2004,291.25
do.-04-ene-04,04-ene-04,01,2004,291.25
lu.-05-ene-04,05-ene-04,01,2004,322.875
ma.-06-ene-04,06-ene-04,01,2004,342
mi.-07-ene-04,07-ene-04,01,2004,335.875
ju.-08-ene-04,08-ene-04,01,2004,328.875
vi.-09-ene-04,09-ene-04,01,2004,330.75
sá.-10-ene-04,10-ene-04,01,2004,330.75
do.-11-ene-04,11-ene-04,01,2004,330.75
lu.-12-ene-04,12-ene-04,01,2004,336.875
ma.-13-ene-04,13-ene-04,01,2004,332.625
mi.-14-ene-04,14-ene-04,01,2004,325.75
ju.-15-ene-04,15-ene-04,01,2004,323.875
vi.-16-ene-04,16-ene-04,01,2004,333.375
sá.-17-ene-04,17-ene-04,01,2004,333.375
do.-18-ene-04,18-ene-04,01,2004,333.375
lu.-19-ene-04,19-ene-04,01,2004,333.375
ma.-20-ene-04,20-ene-04,01,2004,351.25
mi.-21-ene-04,21-ene-04,01,2004,347
ju.-22-ene-04,22-ene-04,01,2004,350.625
vi.-23-ene-04,23-ene-04,01,2004,352.25
sá.-24-ene-04,24-ene-04,01,2004,352.25
do.-25-ene-04,25-ene-04,01,2004,352.25
lu.-26-ene-04,26-ene-04,01,2004,363.375
ma.-27-ene-04,27-ene-04,01,2004,368.125
mi.-28-ene-04,28-ene-04,01,2004,353
ju.-29-ene-04,29-ene-04,01,2004,347.25
vi.-30-ene-04,30-ene-04,01,2004,344.625
sá.-31-ene-04,31-ene-04,01,2004,344.625
do.-01-feb-04,01-feb-04,02,2004,344.625
lu.-02-feb-04,02-feb-04,02,2004,344.625
ma.-03-feb-04,03-feb-04,02,2004,342.125
mi.-04-feb-04,04-feb-04,02,2004,329.375
ju.-05-feb-04,05-feb-04,02,2004,329.875
vi.-06-feb-04,06-feb-04,02,2004,327.125
sá.-07-feb-04,07-feb-04,02,2004,327.125
do.-08-feb-04,08-feb-04,02,2004,327.125
lu.-09-feb-04,09-feb-04,02,2004,323.25
ma.-10-feb-04,10-feb-04,02,2004,337.125
mi.-11-feb-04,11-feb-04,02,2004,341.25
ju.-12-feb-04,12-feb-04,02,2004,346.125
vi.-13-feb-04,13-feb-04,02,2004,343.375
sá.-14-feb-04,14-feb-04,02,2004,343.375
do.-15-feb-04,15-feb-04,02,2004,343.375
lu.-16-feb-04,16-feb-04,02,2004,343.375
ma.-17-feb-04,17-feb-04,02,2004,349.625
mi.-18-feb-04,18-feb-04,02,2004,323.625
ju.-19-feb-04,19-feb-04,02,2004,325.875
vi.-20-feb-04,20-feb-04,02,2004,320.875
sá.-21-feb-04,21-feb-04,02,2004,320.875
do.-22-feb-04,22-feb-04,02,2004,320.875
lu.-23-feb-04,23-feb-04,02,2004,314.375
ma.-24-feb-04,24-feb-04,02,2004,329.75
mi.-25-feb-04,25-feb-04,02,2004,328.25
ju.-26-feb-04,26-feb-04,02,2004,343.25
vi.-27-feb-04,27-feb-04,02,2004,346.75
sá.-28-feb-04,28-feb-04,02,2004,346.75
do.-29-feb-04,29-feb-04,02,2004,346.75
lu.-01-mar-04,01-mar-04,03,2004,342.25
ma.-02-mar-04,02-mar-04,03,2004,339.25
mi.-03-mar-04,03-mar-04,03,2004,329.25
ju.-04-mar-04,04-mar-04,03,2004,336.25
vi.-05-mar-04,05-mar-04,03,2004,336.625
sá.-06-mar-04,06-mar-04,03,2004,336.625
do.-07-mar-04,07-mar-04,03,2004,336.625
lu.-08-mar-04,08-mar-04,03,2004,340
ma.-09-mar-04,09-mar-04,03,2004,333.875
mi.-10-mar-04,10-mar-04,03,2004,337.5
ju.-11-mar-04,11-mar-04,03,2004,346.375
vi.-12-mar-04,12-mar-04,03,2004,345.375
sá.-13-mar-04,13-mar-04,03,2004,345.375
do.-14-mar-04,14-mar-04,03,2004,345.375
lu.-15-mar-04,15-mar-04,03,2004,348.375
ma.-16-mar-04,16-mar-04,03,2004,349.125
mi.-17-mar-04,17-mar-04,03,2004,347.75
ju.-18-mar-04,18-mar-04,03,2004,347.625
vi.-19-mar-04,19-mar-04,03,2004,352.125
sá.-20-mar-04,20-mar-04,03,2004,352.125
do.-21-mar-04,21-mar-04,03,2004,352.125
lu.-22-mar-04,22-mar-04,03,2004,355.625
ma.-23-mar-04,23-mar-04,03,2004,355
mi.-24-mar-04,24-mar-04,03,2004,350.625
ju.-25-mar-04,25-mar-04,03,2004,330.375
vi.-26-mar-04,26-mar-04,03,2004,334.875
sá.-27-mar-04,27-mar-04,03,2004,334.875
do.-28-mar-04,28-mar-04,03,2004,334.875
lu.-29-mar-04,29-mar-04,03,2004,338.25
ma.-30-mar-04,30-mar-04,03,2004,343.625
mi.-31-mar-04,31-mar-04,03,2004,344.625
ju.-01-abr-04,01-abr-04,04,2004,346.875
vi.-02-abr-04,02-abr-04,04,2004,342.75
sá.-03-abr-04,03-abr-04,04,2004,342.75
do.-04-abr-04,04-abr-04,04,2004,342.75
lu.-05-abr-04,05-abr-04,04,2004,336.5
ma.-06-abr-04,06-abr-04,04,2004,340.375
mi.-07-abr-04,07-abr-04,04,2004,343.75
ju.-08-abr-04,08-abr-04,04,2004,341.75
vi.-09-abr-04,09-abr-04,04,2004,341.75
sá.-10-abr-04,10-abr-04,04,2004,341.75
do.-11-abr-04,11-abr-04,04,2004,341.75
lu.-12-abr-04,12-abr-04,04,2004,336.375
ma.-13-abr-04,13-abr-04,04,2004,320.375
mi.-14-abr-04,14-abr-04,04,2004,323.75
ju.-15-abr-04,15-abr-04,04,2004,324.5
vi.-16-abr-04,16-abr-04,04,2004,318.375
sá.-17-abr-04,17-abr-04,04,2004,318.375
do.-18-abr-04,18-abr-04,04,2004,318.375
lu.-19-abr-04,19-abr-04,04,2004,322.625
ma.-20-abr-04,20-abr-04,04,2004,317
mi.-21-abr-04,21-abr-04,04,2004,309.75
ju.-22-abr-04,22-abr-04,04,2004,312
vi.-23-abr-04,23-abr-04,04,2004,313.75
sá.-24-abr-04,24-abr-04,04,2004,313.75
do.-25-abr-04,25-abr-04,04,2004,313.75
lu.-26-abr-04,26-abr-04,04,2004,313
ma.-27-abr-04,27-abr-04,04,2004,316.875
mi.-28-abr-04,28-abr-04,04,2004,316.125
ju.-29-abr-04,29-abr-04,04,2004,324.5
vi.-30-abr-04,30-abr-04,04,2004,321.625
sá.-01-may-04,01-may-04,05,2004,321.625
do.-02-may-04,02-may-04,05,2004,321.625
lu.-03-may-04,03-may-04,05,2004,326.375
ma.-04-may-04,04-may-04,05,2004,339.25
mi.-05-may-04,05-may-04,05,2004,334.75
ju.-06-may-04,06-may-04,05,2004,333.875
vi.-07-may-04,07-may-04,05,2004,330.75
sá.-08-may-04,08-may-04,05,2004,330.75
do.-09-may-04,09-may-04,05,2004,330.75
lu.-10-may-04,10-may-04,05,2004,337.875
ma.-11-may-04,11-may-04,05,2004,339.25
mi.-12-may-04,12-may-04,05,2004,328.875
ju.-13-may-04,13-may-04,05,2004,333.25
vi.-14-may-04,14-may-04,05,2004,329.75
sá.-15-may-04,15-may-04,05,2004,329.75
do.-16-may-04,16-may-04,05,2004,329.75
lu.-17-may-04,17-may-04,05,2004,316.875
ma.-18-may-04,18-may-04,05,2004,331.625
mi.-19-may-04,19-may-04,05,2004,335.75
ju.-20-may-04,20-may-04,05,2004,334.625
vi.-21-may-04,21-may-04,05,2004,339
sá.-22-may-04,22-may-04,05,2004,339
do.-23-may-04,23-may-04,05,2004,339
lu.-24-may-04,24-may-04,05,2004,355
ma.-25-may-04,25-may-04,05,2004,363.375
mi.-26-may-04,26-may-04,05,2004,376.75
ju.-27-may-04,27-may-04,05,2004,369.375
vi.-28-may-04,28-may-04,05,2004,408.625
sá.-29-may-04,29-may-04,05,2004,408.625
do.-30-may-04,30-may-04,05,2004,408.625
lu.-31-may-04,31-may-04,05,2004,408.625
ma.-01-jun-04,01-jun-04,06,2004,398.875
mi.-02-jun-04,02-jun-04,06,2004,402.25
ju.-03-jun-04,03-jun-04,06,2004,410.5
vi.-04-jun-04,04-jun-04,06,2004,408.75
sá.-05-jun-04,05-jun-04,06,2004,408.75
do.-06-jun-04,06-jun-04,06,2004,408.75
lu.-07-jun-04,07-jun-04,06,2004,395.5
ma.-08-jun-04,08-jun-04,06,2004,398.625
mi.-09-jun-04,09-jun-04,06,2004,406.375
ju.-10-jun-04,10-jun-04,06,2004,411.625
vi.-11-jun-04,11-jun-04,06,2004,411.625
sá.-12-jun-04,12-jun-04,06,2004,411.625
do.-13-jun-04,13-jun-04,06,2004,411.625
lu.-14-jun-04,14-jun-04,06,2004,393.125
ma.-15-jun-04,15-jun-04,06,2004,386.12
mi.-16-jun-04,16-jun-04,06,2004,382
ju.-17-jun-04,17-jun-04,06,2004,368.625
vi.-18-jun-04,18-jun-04,06,2004,369.87
sá.-19-jun-04,19-jun-04,06,2004,369.87
do.-20-jun-04,20-jun-04,06,2004,369.87
lu.-21-jun-04,21-jun-04,06,2004,357.5
ma.-22-jun-04,22-jun-04,06,2004,354.875
mi.-23-jun-04,23-jun-04,06,2004,356.625
ju.-24-jun-04,24-jun-04,06,2004,351.875
vi.-25-jun-04,25-jun-04,06,2004,337.375
sá.-26-jun-04,26-jun-04,06,2004,337.375
do.-27-jun-04,27-jun-04,06,2004,337.375
lu.-28-jun-04,28-jun-04,06,2004,340.875
ma.-29-jun-04,29-jun-04,06,2004,340.375
mi.-30-jun-04,30-jun-04,06,2004,343.625
ju.-01-jul-04,01-jul-04,07,2004,340.375
vi.-02-jul-04,02-jul-04,07,2004,332
sá.-03-jul-04,03-jul-04,07,2004,332
do.-04-jul-04,04-jul-04,07,2004,332
lu.-05-jul-04,05-jul-04,07,2004,332
ma.-06-jul-04,06-jul-04,07,2004,322.25
mi.-07-jul-04,07-jul-04,07,2004,325
ju.-08-jul-04,08-jul-04,07,2004,318.375
vi.-09-jul-04,09-jul-04,07,2004,321.75
sá.-10-jul-04,10-jul-04,07,2004,321.75
do.-11-jul-04,11-jul-04,07,2004,321.75
lu.-12-jul-04,12-jul-04,07,2004,321.5
ma.-13-jul-04,13-jul-04,07,2004,320.125
mi.-14-jul-04,14-jul-04,07,2004,318.75
ju.-15-jul-04,15-jul-04,07,2004,324.25
vi.-16-jul-04,16-jul-04,07,2004,321
sá.-17-jul-04,17-jul-04,07,2004,321
do.-18-jul-04,18-jul-04,07,2004,321
lu.-19-jul-04,19-jul-04,07,2004,321.625
ma.-20-jul-04,20-jul-04,07,2004,326.625
mi.-21-jul-04,21-jul-04,07,2004,322.5
ju.-22-jul-04,22-jul-04,07,2004,321.5
vi.-23-jul-04,23-jul-04,07,2004,313.25
sá.-24-jul-04,24-jul-04,07,2004,313.25
do.-25-jul-04,25-jul-04,07,2004,313.25
lu.-26-jul-04,26-jul-04,07,2004,307.25
ma.-27-jul-04,27-jul-04,07,2004,312.875
mi.-28-jul-04,28-jul-04,07,2004,311.75
ju.-29-jul-04,29-jul-04,07,2004,311.25
vi.-30-jul-04,30-jul-04,07,2004,303.875
sá.-31-jul-04,31-jul-04,07,2004,303.875
do.-01-ago-04,01-ago-04,08,2004,303.875
lu.-02-ago-04,02-ago-04,08,2004,303.875
ma.-03-ago-04,03-ago-04,08,2004,316.25
mi.-04-ago-04,04-ago-04,08,2004,315.875
ju.-05-ago-04,05-ago-04,08,2004,309.75
vi.-06-ago-04,06-ago-04,08,2004,308
sá.-07-ago-04,07-ago-04,08,2004,308
do.-08-ago-04,08-ago-04,08,2004,308
lu.-09-ago-04,09-ago-04,08,2004,306.375
ma.-10-ago-04,10-ago-04,08,2004,310.5
mi.-11-ago-04,11-ago-04,08,2004,310
ju.-12-ago-04,12-ago-04,08,2004,304.5
vi.-13-ago-04,13-ago-04,08,2004,303.875
sá.-14-ago-04,14-ago-04,08,2004,303.875
do.-15-ago-04,15-ago-04,08,2004,303.875
lu.-16-ago-04,16-ago-04,08,2004,315.25
ma.-17-ago-04,17-ago-04,08,2004,318.25
mi.-18-ago-04,18-ago-04,08,2004,308.875
ju.-19-ago-04,19-ago-04,08,2004,311.375
vi.-20-ago-04,20-ago-04,08,2004,308.375
sá.-21-ago-04,21-ago-04,08,2004,308.375
do.-22-ago-04,22-ago-04,08,2004,308.375
lu.-23-ago-04,23-ago-04,08,2004,344.125
ma.-24-ago-04,24-ago-04,08,2004,342
mi.-25-ago-04,25-ago-04,08,2004,340.625
ju.-26-ago-04,26-ago-04,08,2004,343.5
vi.-27-ago-04,27-ago-04,08,2004,342.5
sá.-28-ago-04,28-ago-04,08,2004,342.5
do.-29-ago-04,29-ago-04,08,2004,342.5
lu.-30-ago-04,30-ago-04,08,2004,331.125
ma.-31-ago-04,31-ago-04,08,2004,330.125
mi.-01-sep-04,01-sep-04,09,2004,338.5
ju.-02-sep-04,02-sep-04,09,2004,341.375
vi.-03-sep-04,03-sep-04,09,2004,322.5
sá.-04-sep-04,04-sep-04,09,2004,322.5
do.-05-sep-04,05-sep-04,09,2004,322.5
lu.-06-sep-04,06-sep-04,09,2004,322.5
ma.-07-sep-04,07-sep-04,09,2004,314.75
mi.-08-sep-04,08-sep-04,09,2004,313.125
ju.-09-sep-04,09-sep-04,09,2004,322
vi.-10-sep-04,10-sep-04,09,2004,330.125
sá.-11-sep-04,11-sep-04,09,2004,330.125
do.-12-sep-04,12-sep-04,09,2004,330.125
lu.-13-sep-04,13-sep-04,09,2004,336.75
ma.-14-sep-04,14-sep-04,09,2004,337.25
mi.-15-sep-04,15-sep-04,09,2004,339.375
ju.-16-sep-04,16-sep-04,09,2004,346.75
vi.-17-sep-04,17-sep-04,09,2004,358.875
sá.-18-sep-04,18-sep-04,09,2004,358.875
do.-19-sep-04,19-sep-04,09,2004,358.875
lu.-20-sep-04,20-sep-04,09,2004,359.125
ma.-21-sep-04,21-sep-04,09,2004,367.875
mi.-22-sep-04,22-sep-04,09,2004,377.75
ju.-23-sep-04,23-sep-04,09,2004,375.125
vi.-24-sep-04,24-sep-04,09,2004,390.875
sá.-25-sep-04,25-sep-04,09,2004,390.875
do.-26-sep-04,26-sep-04,09,2004,390.875
lu.-27-sep-04,27-sep-04,09,2004,400.875
ma.-28-sep-04,28-sep-04,09,2004,377.5
mi.-29-sep-04,29-sep-04,09,2004,382.75
ju.-30-sep-04,30-sep-04,09,2004,385.125
vi.-01-oct-04,01-oct-04,10,2004,378.375
sá.-02-oct-04,02-oct-04,10,2004,378.375
do.-03-oct-04,03-oct-04,10,2004,378.375
lu.-04-oct-04,04-oct-04,10,2004,357.375
ma.-05-oct-04,05-oct-04,10,2004,362
mi.-06-oct-04,06-oct-04,10,2004,362
ju.-07-oct-04,07-oct-04,10,2004,361.125
vi.-08-oct-04,08-oct-04,10,2004,355.5
sá.-09-oct-04,09-oct-04,10,2004,355.5
do.-10-oct-04,10-oct-04,10,2004,355.5
lu.-11-oct-04,11-oct-04,10,2004,346.875
ma.-12-oct-04,12-oct-04,10,2004,339.125
mi.-13-oct-04,13-oct-04,10,2004,332.75
ju.-14-oct-04,14-oct-04,10,2004,332.625
vi.-15-oct-04,15-oct-04,10,2004,343.125
sá.-16-oct-04,16-oct-04,10,2004,343.125
do.-17-oct-04,17-oct-04,10,2004,343.125
lu.-18-oct-04,18-oct-04,10,2004,340.25
ma.-19-oct-04,19-oct-04,10,2004,335.25
mi.-20-oct-04,20-oct-04,10,2004,338.625
ju.-21-oct-04,21-oct-04,10,2004,347.75
vi.-22-oct-04,22-oct-04,10,2004,346.625
sá.-23-oct-04,23-oct-04,10,2004,346.625
do.-24-oct-04,24-oct-04,10,2004,346.625
lu.-25-oct-04,25-oct-04,10,2004,352
ma.-26-oct-04,26-oct-04,10,2004,349
mi.-27-oct-04,27-oct-04,10,2004,354.125
ju.-28-oct-04,28-oct-04,10,2004,350
vi.-29-oct-04,29-oct-04,10,2004,350
sá.-30-oct-04,30-oct-04,10,2004,350
do.-31-oct-04,31-oct-04,10,2004,350
lu.-01-nov-04,01-nov-04,11,2004,340.125
ma.-02-nov-04,02-nov-04,11,2004,340.25
mi.-03-nov-04,03-nov-04,11,2004,345.5
ju.-04-nov-04,04-nov-04,11,2004,351.375
vi.-05-nov-04,05-nov-04,11,2004,351.75
sá.-06-nov-04,06-nov-04,11,2004,351.75
do.-07-nov-04,07-nov-04,11,2004,351.75
lu.-08-nov-04,08-nov-04,11,2004,361.25
ma.-09-nov-04,09-nov-04,11,2004,359.75
mi.-10-nov-04,10-nov-04,11,2004,376
ju.-11-nov-04,11-nov-04,11,2004,380.25
vi.-12-nov-04,12-nov-04,11,2004,379.25
sá.-13-nov-04,13-nov-04,11,2004,379.25
do.-14-nov-04,14-nov-04,11,2004,379.25
lu.-15-nov-04,15-nov-04,11,2004,401.375
ma.-16-nov-04,16-nov-04,11,2004,403
mi.-17-nov-04,17-nov-04,11,2004,410.25
ju.-18-nov-04,18-nov-04,11,2004,416.125
vi.-19-nov-04,19-nov-04,11,2004,408.375
sá.-20-nov-04,20-nov-04,11,2004,408.375
do.-21-nov-04,21-nov-04,11,2004,408.375
lu.-22-nov-04,22-nov-04,11,2004,417
ma.-23-nov-04,23-nov-04,11,2004,413.5
mi.-24-nov-04,24-nov-04,11,2004,411.875
ju.-25-nov-04,25-nov-04,11,2004,411.875
vi.-26-nov-04,26-nov-04,11,2004,411.875
sá.-27-nov-04,27-nov-04,11,2004,411.875
do.-28-nov-04,28-nov-04,11,2004,411.875
lu.-29-nov-04,29-nov-04,11,2004,425.375
ma.-30-nov-04,30-nov-04,11,2004,425
mi.-01-dic-04,01-dic-04,12,2004,435.375
ju.-02-dic-04,02-dic-04,12,2004,436.625
vi.-03-dic-04,03-dic-04,12,2004,422.625
sá.-04-dic-04,04-dic-04,12,2004,422.625
do.-05-dic-04,05-dic-04,12,2004,422.625
lu.-06-dic-04,06-dic-04,12,2004,420
ma.-07-dic-04,07-dic-04,12,2004,416.5
mi.-08-dic-04,08-dic-04,12,2004,420.125
ju.-09-dic-04,09-dic-04,12,2004,417.375
vi.-10-dic-04,10-dic-04,12,2004,409.5
sá.-11-dic-04,11-dic-04,12,2004,409.5
do.-12-dic-04,12-dic-04,12,2004,409.5
lu.-13-dic-04,13-dic-04,12,2004,391.75
ma.-14-dic-04,14-dic-04,12,2004,390
mi.-15-dic-04,15-dic-04,12,2004,408.25
ju.-16-dic-04,16-dic-04,12,2004,409
vi.-17-dic-04,17-dic-04,12,2004,430.25
sá.-18-dic-04,18-dic-04,12,2004,430.25
do.-19-dic-04,19-dic-04,12,2004,430.25
lu.-20-dic-04,20-dic-04,12,2004,432.75
ma.-21-dic-04,21-dic-04,12,2004,430.125
mi.-22-dic-04,22-dic-04,12,2004,420.125
ju.-23-dic-04,23-dic-04,12,2004,435.25
vi.-24-dic-04,24-dic-04,12,2004,435.25
sá.-25-dic-04,25-dic-04,12,2004,435.25
do.-26-dic-04,26-dic-04,12,2004,435.25
lu.-27-dic-04,27-dic-04,12,2004,435.75
ma.-28-dic-04,28-dic-04,12,2004,439.125
mi.-29-dic-04,29-dic-04,12,2004,446.375
ju.-30-dic-04,30-dic-04,12,2004,414.5
vi.-31-dic-04,31-dic-04,12,2004,414.5
sá.-01-ene-05,01-ene-05,01,2005,414.5
do.-02-ene-05,02-ene-05,01,2005,414.5
lu.-03-ene-05,03-ene-05,01,2005,407.25
ma.-04-ene-05,04-ene-05,01,2005,398.75
mi.-05-ene-05,05-ene-05,01,2005,388.625
ju.-06-ene-05,06-ene-05,01,2005,395.5
vi.-07-ene-05,07-ene-05,01,2005,398.375
sá.-08-ene-05,08-ene-05,01,2005,398.375
do.-09-ene-05,09-ene-05,01,2005,398.375
lu.-10-ene-05,10-ene-05,01,2005,393.375
ma.-11-ene-05,11-ene-05,01,2005,396.875
mi.-12-ene-05,12-ene-05,01,2005,398.25
ju.-13-ene-05,13-ene-05,01,2005,409.625
vi.-14-ene-05,14-ene-05,01,2005,412.375
sá.-15-ene-05,15-ene-05,01,2005,412.375
do.-16-ene-05,16-ene-05,01,2005,412.375
lu.-17-ene-05,17-ene-05,01,2005,412.375
ma.-18-ene-05,18-ene-05,01,2005,417.625
mi.-19-ene-05,19-ene-05,01,2005,426.5
ju.-20-ene-05,20-ene-05,01,2005,426.625
vi.-21-ene-05,21-ene-05,01,2005,428.25
sá.-22-ene-05,22-ene-05,01,2005,428.25
do.-23-ene-05,23-ene-05,01,2005,428.25
lu.-24-ene-05,24-ene-05,01,2005,432.5
ma.-25-ene-05,25-ene-05,01,2005,439.375
mi.-26-ene-05,26-ene-05,01,2005,444.375
ju.-27-ene-05,27-ene-05,01,2005,438.375
vi.-28-ene-05,28-ene-05,01,2005,444.125
sá.-29-ene-05,29-ene-05,01,2005,444.125
do.-30-ene-05,30-ene-05,01,2005,444.125
lu.-31-ene-05,31-ene-05,01,2005,443.125
ma.-01-feb-05,01-feb-05,02,2005,443.625
mi.-02-feb-05,02-feb-05,02,2005,445.25
ju.-03-feb-05,03-feb-05,02,2005,445
vi.-04-feb-05,04-feb-05,02,2005,456.5
sá.-05-feb-05,05-feb-05,02,2005,456.5
do.-06-feb-05,06-feb-05,02,2005,456.5
lu.-07-feb-05,07-feb-05,02,2005,459.875
ma.-08-feb-05,08-feb-05,02,2005,471
mi.-09-feb-05,09-feb-05,02,2005,474.375
ju.-10-feb-05,10-feb-05,02,2005,475.375
vi.-11-feb-05,11-feb-05,02,2005,486.625
sá.-12-feb-05,12-feb-05,02,2005,486.625
do.-13-feb-05,13-feb-05,02,2005,486.625
lu.-14-feb-05,14-feb-05,02,2005,480.75
ma.-15-feb-05,15-feb-05,02,2005,486
mi.-16-feb-05,16-feb-05,02,2005,499.875
ju.-17-feb-05,17-feb-05,02,2005,498.875
vi.-18-feb-05,18-feb-05,02,2005,504.375
sá.-19-feb-05,19-feb-05,02,2005,504.375
do.-20-feb-05,20-feb-05,02,2005,504.375
lu.-21-feb-05,21-feb-05,02,2005,504.375
ma.-22-feb-05,22-feb-05,02,2005,494.25
mi.-23-feb-05,23-feb-05,02,2005,510.125
ju.-24-feb-05,24-feb-05,02,2005,511.625
vi.-25-feb-05,25-feb-05,02,2005,499.5
sá.-26-feb-05,26-feb-05,02,2005,499.5
do.-27-feb-05,27-feb-05,02,2005,499.5
lu.-28-feb-05,28-feb-05,02,2005,520
ma.-01-mar-05,01-mar-05,03,2005,519.25
mi.-02-mar-05,02-mar-05,03,2005,520
ju.-03-mar-05,03-mar-05,03,2005,529.5
vi.-04-mar-05,04-mar-05,03,2005,528.125
sá.-05-mar-05,05-mar-05,03,2005,528.125
do.-06-mar-05,06-mar-05,03,2005,528.125
lu.-07-mar-05,07-mar-05,03,2005,544.375
ma.-08-mar-05,08-mar-05,03,2005,559.75
mi.-09-mar-05,09-mar-05,03,2005,552.375
ju.-10-mar-05,10-mar-05,03,2005,600.5
vi.-11-mar-05,11-mar-05,03,2005,590.25
sá.-12-mar-05,12-mar-05,03,2005,590.25
do.-13-mar-05,13-mar-05,03,2005,590.25
lu.-14-mar-05,14-mar-05,03,2005,585.125
ma.-15-mar-05,15-mar-05,03,2005,592.5
mi.-16-mar-05,16-mar-05,03,2005,599
ju.-17-mar-05,17-mar-05,03,2005,598
vi.-18-mar-05,18-mar-05,03,2005,587.125
sá.-19-mar-05,19-mar-05,03,2005,587.125
do.-20-mar-05,20-mar-05,03,2005,587.125
lu.-21-mar-05,21-mar-05,03,2005,574.75
ma.-22-mar-05,22-mar-05,03,2005,574.125
mi.-23-mar-05,23-mar-05,03,2005,552.75
ju.-24-mar-05,24-mar-05,03,2005,529.75
vi.-25-mar-05,25-mar-05,03,2005,529.75
sá.-26-mar-05,26-mar-05,03,2005,529.75
do.-27-mar-05,27-mar-05,03,2005,529.75
lu.-28-mar-05,28-mar-05,03,2005,542.75
ma.-29-mar-05,29-mar-05,03,2005,538.25
mi.-30-mar-05,30-mar-05,03,2005,546.125
ju.-31-mar-05,31-mar-05,03,2005,551.75
vi.-01-abr-05,01-abr-05,04,2005,542.875
sá.-02-abr-05,02-abr-05,04,2005,542.875
do.-03-abr-05,03-abr-05,04,2005,542.875
lu.-04-abr-05,04-abr-05,04,2005,538.625
ma.-05-abr-05,05-abr-05,04,2005,562
mi.-06-abr-05,06-abr-05,04,2005,544.25
ju.-07-abr-05,07-abr-05,04,2005,530
vi.-08-abr-05,08-abr-05,04,2005,501.75
sá.-09-abr-05,09-abr-05,04,2005,501.75
do.-10-abr-05,10-abr-05,04,2005,501.75
lu.-11-abr-05,11-abr-05,04,2005,483.5
ma.-12-abr-05,12-abr-05,04,2005,491.375
mi.-13-abr-05,13-abr-05,04,2005,488.875
ju.-14-abr-05,14-abr-05,04,2005,476.25
vi.-15-abr-05,15-abr-05,04,2005,484.25
sá.-16-abr-05,16-abr-05,04,2005,484.25
do.-17-abr-05,17-abr-05,04,2005,484.25
lu.-18-abr-05,18-abr-05,04,2005,483.125
ma.-19-abr-05,19-abr-05,04,2005,496.375
mi.-20-abr-05,20-abr-05,04,2005,512.125
ju.-21-abr-05,21-abr-05,04,2005,505.125
vi.-22-abr-05,22-abr-05,04,2005,535.125
sá.-23-abr-05,23-abr-05,04,2005,535.125
do.-24-abr-05,24-abr-05,04,2005,535.125
lu.-25-abr-05,25-abr-05,04,2005,534.25
ma.-26-abr-05,26-abr-05,04,2005,548
mi.-27-abr-05,27-abr-05,04,2005,550.25
ju.-28-abr-05,28-abr-05,04,2005,550.5
vi.-29-abr-05,29-abr-05,04,2005,540.625
sá.-30-abr-05,30-abr-05,04,2005,540.625
do.-01-may-05,01-may-05,05,2005,540.625
lu.-02-may-05,02-may-05,05,2005,522.5
ma.-03-may-05,03-may-05,05,2005,511.75
mi.-04-may-05,04-may-05,05,2005,525.875
ju.-05-may-05,05-may-05,05,2005,514.875
vi.-06-may-05,06-may-05,05,2005,519.625
sá.-07-may-05,07-may-05,05,2005,519.625
do.-08-may-05,08-may-05,05,2005,519.625
lu.-09-may-05,09-may-05,05,2005,518.125
ma.-10-may-05,10-may-05,05,2005,506.25
mi.-11-may-05,11-may-05,05,2005,515.375
ju.-12-may-05,12-may-05,05,2005,513.25
vi.-13-may-05,13-may-05,05,2005,508.25
sá.-14-may-05,14-may-05,05,2005,508.25
do.-15-may-05,15-may-05,05,2005,508.25
lu.-16-may-05,16-may-05,05,2005,483.375
ma.-17-may-05,17-may-05,05,2005,485.75
mi.-18-may-05,18-may-05,05,2005,486
ju.-19-may-05,19-may-05,05,2005,483.75
vi.-20-may-05,20-may-05,05,2005,483.875
sá.-21-may-05,21-may-05,05,2005,483.875
do.-22-may-05,22-may-05,05,2005,483.875
lu.-23-may-05,23-may-05,05,2005,484.5
ma.-24-may-05,24-may-05,05,2005,489.5
mi.-25-may-05,25-may-05,05,2005,499.625
ju.-26-may-05,26-may-05,05,2005,504.75
vi.-27-may-05,27-may-05,05,2005,497.125
sá.-28-may-05,28-may-05,05,2005,497.125
do.-29-may-05,29-may-05,05,2005,497.125
lu.-30-may-05,30-may-05,05,2005,497.125
ma.-31-may-05,31-may-05,05,2005,488.375
mi.-01-jun-05,01-jun-05,06,2005,489.75
ju.-02-jun-05,02-jun-05,06,2005,498.875
vi.-03-jun-05,03-jun-05,06,2005,511.75
sá.-04-jun-05,04-jun-05,06,2005,511.75
do.-05-jun-05,05-jun-05,06,2005,511.75
lu.-06-jun-05,06-jun-05,06,2005,503.75
ma.-07-jun-05,07-jun-05,06,2005,510.875
mi.-08-jun-05,08-jun-05,06,2005,500.125
ju.-09-jun-05,09-jun-05,06,2005,478.75
vi.-10-jun-05,10-jun-05,06,2005,459.375
sá.-11-jun-05,11-jun-05,06,2005,459.375
do.-12-jun-05,12-jun-05,06,2005,459.375
lu.-13-jun-05,13-jun-05,06,2005,446.125
ma.-14-jun-05,14-jun-05,06,2005,447.875
mi.-15-jun-05,15-jun-05,06,2005,464.625
ju.-16-jun-05,16-jun-05,06,2005,456
vi.-17-jun-05,17-jun-05,06,2005,446.375
sá.-18-jun-05,18-jun-05,06,2005,446.375
do.-19-jun-05,19-jun-05,06,2005,446.375
lu.-20-jun-05,20-jun-05,06,2005,455.5
ma.-21-jun-05,21-jun-05,06,2005,452.75
mi.-22-jun-05,22-jun-05,06,2005,464.625
ju.-23-jun-05,23-jun-05,06,2005,455.5
vi.-24-jun-05,24-jun-05,06,2005,440.875
sá.-25-jun-05,25-jun-05,06,2005,440.875
do.-26-jun-05,26-jun-05,06,2005,440.875
lu.-27-jun-05,27-jun-05,06,2005,428.5
ma.-28-jun-05,28-jun-05,06,2005,432.875
mi.-29-jun-05,29-jun-05,06,2005,429.125
ju.-30-jun-05,30-jun-05,06,2005,436.75
vi.-01-jul-05,01-jul-05,07,2005,423.625
sá.-02-jul-05,02-jul-05,07,2005,423.625
do.-03-jul-05,03-jul-05,07,2005,423.625
lu.-04-jul-05,04-jul-05,07,2005,423.625
ma.-05-jul-05,05-jul-05,07,2005,428.875
mi.-06-jul-05,06-jul-05,07,2005,433.875
ju.-07-jul-05,07-jul-05,07,2005,432.125
vi.-08-jul-05,08-jul-05,07,2005,435.625
sá.-09-jul-05,09-jul-05,07,2005,435.625
do.-10-jul-05,10-jul-05,07,2005,435.625
lu.-11-jul-05,11-jul-05,07,2005,423.625
ma.-12-jul-05,12-jul-05,07,2005,425.875
mi.-13-jul-05,13-jul-05,07,2005,424.375
ju.-14-jul-05,14-jul-05,07,2005,436.5
vi.-15-jul-05,15-jul-05,07,2005,429.125
sá.-16-jul-05,16-jul-05,07,2005,429.125
do.-17-jul-05,17-jul-05,07,2005,429.125
lu.-18-jul-05,18-jul-05,07,2005,405.125
ma.-19-jul-05,19-jul-05,07,2005,380.875
mi.-20-jul-05,20-jul-05,07,2005,389.75
ju.-21-jul-05,21-jul-05,07,2005,392.125
vi.-22-jul-05,22-jul-05,07,2005,392.125
sá.-23-jul-05,23-jul-05,07,2005,392.125
do.-24-jul-05,24-jul-05,07,2005,392.125
lu.-25-jul-05,25-jul-05,07,2005,396.875
ma.-26-jul-05,26-jul-05,07,2005,399.25
mi.-27-jul-05,27-jul-05,07,2005,392.5
ju.-28-jul-05,28-jul-05,07,2005,403.125
vi.-29-jul-05,29-jul-05,07,2005,408.875
sá.-30-jul-05,30-jul-05,07,2005,408.875
do.-31-jul-05,31-jul-05,07,2005,408.875
lu.-01-ago-05,01-ago-05,08,2005,404.25
ma.-02-ago-05,02-ago-05,08,2005,420.625
mi.-03-ago-05,03-ago-05,08,2005,420.75
ju.-04-ago-05,04-ago-05,08,2005,446.25
vi.-05-ago-05,05-ago-05,08,2005,438.25
sá.-06-ago-05,06-ago-05,08,2005,438.25
do.-07-ago-05,07-ago-05,08,2005,438.25
lu.-08-ago-05,08-ago-05,08,2005,429.375
ma.-09-ago-05,09-ago-05,08,2005,429.75
mi.-10-ago-05,10-ago-05,08,2005,437.25
ju.-11-ago-05,11-ago-05,08,2005,441.125
vi.-12-ago-05,12-ago-05,08,2005,441.125
sá.-13-ago-05,13-ago-05,08,2005,441.125
do.-14-ago-05,14-ago-05,08,2005,441.125
lu.-15-ago-05,15-ago-05,08,2005,396.375
ma.-16-ago-05,16-ago-05,08,2005,397
mi.-17-ago-05,17-ago-05,08,2005,400.875
ju.-18-ago-05,18-ago-05,08,2005,394.625
vi.-19-ago-05,19-ago-05,08,2005,397.625
sá.-20-ago-05,20-ago-05,08,2005,397.625
do.-21-ago-05,21-ago-05,08,2005,397.625
lu.-22-ago-05,22-ago-05,08,2005,396.5
ma.-23-ago-05,23-ago-05,08,2005,402.25
mi.-24-ago-05,24-ago-05,08,2005,400.125
ju.-25-ago-05,25-ago-05,08,2005,390.375
vi.-26-ago-05,26-ago-05,08,2005,380
sá.-27-ago-05,27-ago-05,08,2005,380
do.-28-ago-05,28-ago-05,08,2005,380
lu.-29-ago-05,29-ago-05,08,2005,380
ma.-30-ago-05,30-ago-05,08,2005,385.375
mi.-31-ago-05,31-ago-05,08,2005,392.25
ju.-01-sep-05,01-sep-05,09,2005,400.75
vi.-02-sep-05,02-sep-05,09,2005,395.375
sá.-03-sep-05,03-sep-05,09,2005,395.375
do.-04-sep-05,04-sep-05,09,2005,395.375
lu.-05-sep-05,05-sep-05,09,2005,395.375
ma.-06-sep-05,06-sep-05,09,2005,389.125
mi.-07-sep-05,07-sep-05,09,2005,377.25
ju.-08-sep-05,08-sep-05,09,2005,380.125
vi.-09-sep-05,09-sep-05,09,2005,380.75
sá.-10-sep-05,10-sep-05,09,2005,380.75
do.-11-sep-05,11-sep-05,09,2005,380.75
lu.-12-sep-05,12-sep-05,09,2005,364.5
ma.-13-sep-05,13-sep-05,09,2005,380
mi.-14-sep-05,14-sep-05,09,2005,385.5
ju.-15-sep-05,15-sep-05,09,2005,380
vi.-16-sep-05,16-sep-05,09,2005,370.125
sá.-17-sep-05,17-sep-05,09,2005,370.125
do.-18-sep-05,18-sep-05,09,2005,370.125
lu.-19-sep-05,19-sep-05,09,2005,350.125
ma.-20-sep-05,20-sep-05,09,2005,386
mi.-21-sep-05,21-sep-05,09,2005,383.25
ju.-22-sep-05,22-sep-05,09,2005,386.875
vi.-23-sep-05,23-sep-05,09,2005,385.5
sá.-24-sep-05,24-sep-05,09,2005,385.5
do.-25-sep-05,25-sep-05,09,2005,385.5
lu.-26-sep-05,26-sep-05,09,2005,366.875
ma.-27-sep-05,27-sep-05,09,2005,370.75
mi.-28-sep-05,28-sep-05,09,2005,396.5
ju.-29-sep-05,29-sep-05,09,2005,407
vi.-30-sep-05,30-sep-05,09,2005,406.375
sá.-01-oct-05,01-oct-05,10,2005,406.375
do.-02-oct-05,02-oct-05,10,2005,406.375
lu.-03-oct-05,03-oct-05,10,2005,408.375
ma.-04-oct-05,04-oct-05,10,2005,407.875
mi.-05-oct-05,05-oct-05,10,2005,416.125
ju.-06-oct-05,06-oct-05,10,2005,418.625
vi.-07-oct-05,07-oct-05,10,2005,420.75
sá.-08-oct-05,08-oct-05,10,2005,420.75
do.-09-oct-05,09-oct-05,10,2005,420.75
lu.-10-oct-05,10-oct-05,10,2005,434.5
ma.-11-oct-05,11-oct-05,10,2005,434.75
mi.-12-oct-05,12-oct-05,10,2005,435.125
ju.-13-oct-05,13-oct-05,10,2005,429.75
vi.-14-oct-05,14-oct-05,10,2005,424.875
sá.-15-oct-05,15-oct-05,10,2005,424.875
do.-16-oct-05,16-oct-05,10,2005,424.875
lu.-17-oct-05,17-oct-05,10,2005,442.375
ma.-18-oct-05,18-oct-05,10,2005,455
mi.-19-oct-05,19-oct-05,10,2005,450
ju.-20-oct-05,20-oct-05,10,2005,450.75
vi.-21-oct-05,21-oct-05,10,2005,444
sá.-22-oct-05,22-oct-05,10,2005,444
do.-23-oct-05,23-oct-05,10,2005,444
lu.-24-oct-05,24-oct-05,10,2005,441
ma.-25-oct-05,25-oct-05,10,2005,444
mi.-26-oct-05,26-oct-05,10,2005,435.375
ju.-27-oct-05,27-oct-05,10,2005,433.125
vi.-28-oct-05,28-oct-05,10,2005,433.125
sá.-29-oct-05,29-oct-05,10,2005,433.125
do.-30-oct-05,30-oct-05,10,2005,433.125
lu.-31-oct-05,31-oct-05,10,2005,425.125
ma.-01-nov-05,01-nov-05,11,2005,425.75
mi.-02-nov-05,02-nov-05,11,2005,440.375
ju.-03-nov-05,03-nov-05,11,2005,452.875
vi.-04-nov-05,04-nov-05,11,2005,456.375
sá.-05-nov-05,05-nov-05,11,2005,456.375
do.-06-nov-05,06-nov-05,11,2005,456.375
lu.-07-nov-05,07-nov-05,11,2005,452.5
ma.-08-nov-05,08-nov-05,11,2005,474.5
mi.-09-nov-05,09-nov-05,11,2005,464.875
ju.-10-nov-05,10-nov-05,11,2005,463
vi.-11-nov-05,11-nov-05,11,2005,463.125
sá.-12-nov-05,12-nov-05,11,2005,463.125
do.-13-nov-05,13-nov-05,11,2005,463.125
lu.-14-nov-05,14-nov-05,11,2005,434.375
ma.-15-nov-05,15-nov-05,11,2005,427
mi.-16-nov-05,16-nov-05,11,2005,427
ju.-17-nov-05,17-nov-05,11,2005,443.375
vi.-18-nov-05,18-nov-05,11,2005,440.125
sá.-19-nov-05,19-nov-05,11,2005,440.125
do.-20-nov-05,20-nov-05,11,2005,440.125
lu.-21-nov-05,21-nov-05,11,2005,448.125
ma.-22-nov-05,22-nov-05,11,2005,446
mi.-23-nov-05,23-nov-05,11,2005,460.125
ju.-24-nov-05,24-nov-05,11,2005,460.125
vi.-25-nov-05,25-nov-05,11,2005,460.125
sá.-26-nov-05,26-nov-05,11,2005,460.125
do.-27-nov-05,27-nov-05,11,2005,460.125
lu.-28-nov-05,28-nov-05,11,2005,455.625
ma.-29-nov-05,29-nov-05,11,2005,450
mi.-30-nov-05,30-nov-05,11,2005,434.875
ju.-01-dic-05,01-dic-05,12,2005,431.375
vi.-02-dic-05,02-dic-05,12,2005,425
sá.-03-dic-05,03-dic-05,12,2005,425
do.-04-dic-05,04-dic-05,12,2005,425
lu.-05-dic-05,05-dic-05,12,2005,428.875
ma.-06-dic-05,06-dic-05,12,2005,429.375
mi.-07-dic-05,07-dic-05,12,2005,431.375
ju.-08-dic-05,08-dic-05,12,2005,430.875
vi.-09-dic-05,09-dic-05,12,2005,431.625
sá.-10-dic-05,10-dic-05,12,2005,431.625
do.-11-dic-05,11-dic-05,12,2005,431.625
lu.-12-dic-05,12-dic-05,12,2005,447
ma.-13-dic-05,13-dic-05,12,2005,439.875
mi.-14-dic-05,14-dic-05,12,2005,432.125
ju.-15-dic-05,15-dic-05,12,2005,435.375
vi.-16-dic-05,16-dic-05,12,2005,440.125
sá.-17-dic-05,17-dic-05,12,2005,440.125
do.-18-dic-05,18-dic-05,12,2005,440.125
lu.-19-dic-05,19-dic-05,12,2005,457.25
ma.-20-dic-05,20-dic-05,12,2005,460.625
mi.-21-dic-05,21-dic-05,12,2005,455.75
ju.-22-dic-05,22-dic-05,12,2005,461.25
vi.-23-dic-05,23-dic-05,12,2005,461.625
sá.-24-dic-05,24-dic-05,12,2005,461.625
do.-25-dic-05,25-dic-05,12,2005,461.625
lu.-26-dic-05,26-dic-05,12,2005,461.625
ma.-27-dic-05,27-dic-05,12,2005,473.5
mi.-28-dic-05,28-dic-05,12,2005,482.625
ju.-29-dic-05,29-dic-05,12,2005,482.625
vi.-30-dic-05,30-dic-05,12,2005,483.75
sá.-31-dic-05,31-dic-05,12,2005,483.75
do.-01-ene-06,01-ene-06,01,2006,483.75
lu.-02-ene-06,02-ene-06,01,2006,483.75
ma.-03-ene-06,03-ene-06,01,2006,490.625
mi.-04-ene-06,04-ene-06,01,2006,500.5
ju.-05-ene-06,05-ene-06,01,2006,515.375
vi.-06-ene-06,06-ene-06,01,2006,534.375
sá.-07-ene-06,07-ene-06,01,2006,534.375
do.-08-ene-06,08-ene-06,01,2006,534.375
lu.-09-ene-06,09-ene-06,01,2006,541.5
ma.-10-ene-06,10-ene-06,01,2006,536.375
mi.-11-ene-06,11-ene-06,01,2006,524.5
ju.-12-ene-06,12-ene-06,01,2006,522.125
vi.-13-ene-06,13-ene-06,01,2006,529
sá.-14-ene-06,14-ene-06,01,2006,529
do.-15-ene-06,15-ene-06,01,2006,529
lu.-16-ene-06,16-ene-06,01,2006,529
ma.-17-ene-06,17-ene-06,01,2006,537
mi.-18-ene-06,18-ene-06,01,2006,543
ju.-19-ene-06,19-ene-06,01,2006,527.875
vi.-20-ene-06,20-ene-06,01,2006,520.25
sá.-21-ene-06,21-ene-06,01,2006,520.25
do.-22-ene-06,22-ene-06,01,2006,520.25
lu.-23-ene-06,23-ene-06,01,2006,525.125
ma.-24-ene-06,24-ene-06,01,2006,532.5
mi.-25-ene-06,25-ene-06,01,2006,537
ju.-26-ene-06,26-ene-06,01,2006,537
vi.-27-ene-06,27-ene-06,01,2006,540.875
sá.-28-ene-06,28-ene-06,01,2006,540.875
do.-29-ene-06,29-ene-06,01,2006,540.875
lu.-30-ene-06,30-ene-06,01,2006,529.625
ma.-31-ene-06,31-ene-06,01,2006,511.25
mi.-01-feb-06,01-feb-06,02,2006,505.875
ju.-02-feb-06,02-feb-06,02,2006,508.5
vi.-03-feb-06,03-feb-06,02,2006,506.375
sá.-04-feb-06,04-feb-06,02,2006,506.375
do.-05-feb-06,05-feb-06,02,2006,506.375
lu.-06-feb-06,06-feb-06,02,2006,484.375
ma.-07-feb-06,07-feb-06,02,2006,489.875
mi.-08-feb-06,08-feb-06,02,2006,485.375
ju.-09-feb-06,09-feb-06,02,2006,486.125
vi.-10-feb-06,10-feb-06,02,2006,492.625
sá.-11-feb-06,11-feb-06,02,2006,492.625
do.-12-feb-06,12-feb-06,02,2006,492.625
lu.-13-feb-06,13-feb-06,02,2006,465.25
ma.-14-feb-06,14-feb-06,02,2006,457.625
mi.-15-feb-06,15-feb-06,02,2006,457.5
ju.-16-feb-06,16-feb-06,02,2006,444.875
vi.-17-feb-06,17-feb-06,02,2006,460.75
sá.-18-feb-06,18-feb-06,02,2006,460.75
do.-19-feb-06,19-feb-06,02,2006,460.75
lu.-20-feb-06,20-feb-06,02,2006,460.75
ma.-21-feb-06,21-feb-06,02,2006,465.375
mi.-22-feb-06,22-feb-06,02,2006,459.25
ju.-23-feb-06,23-feb-06,02,2006,463.5
vi.-24-feb-06,24-feb-06,02,2006,465.625
sá.-25-feb-06,25-feb-06,02,2006,465.625
do.-26-feb-06,26-feb-06,02,2006,465.625
lu.-27-feb-06,27-feb-06,02,2006,453.875
ma.-28-feb-06,28-feb-06,02,2006,469.375
mi.-01-mar-06,01-mar-06,03,2006,472
ju.-02-mar-06,02-mar-06,03,2006,464.5
vi.-03-mar-06,03-mar-06,03,2006,469.625
sá.-04-mar-06,04-mar-06,03,2006,469.625
do.-05-mar-06,05-mar-06,03,2006,469.625
lu.-06-mar-06,06-mar-06,03,2006,459.625
ma.-07-mar-06,07-mar-06,03,2006,448.75
mi.-08-mar-06,08-mar-06,03,2006,449.5
ju.-09-mar-06,09-mar-06,03,2006,448.5
vi.-10-mar-06,10-mar-06,03,2006,443.875
sá.-11-mar-06,11-mar-06,03,2006,443.875
do.-12-mar-06,12-mar-06,03,2006,443.875
lu.-13-mar-06,13-mar-06,03,2006,436.875
ma.-14-mar-06,14-mar-06,03,2006,438.125
mi.-15-mar-06,15-mar-06,03,2006,450
ju.-16-mar-06,16-mar-06,03,2006,441.125
vi.-17-mar-06,17-mar-06,03,2006,432.75
sá.-18-mar-06,18-mar-06,03,2006,432.75
do.-19-mar-06,19-mar-06,03,2006,432.75
lu.-20-mar-06,20-mar-06,03,2006,434.5
ma.-21-mar-06,21-mar-06,03,2006,441.125
mi.-22-mar-06,22-mar-06,03,2006,429
ju.-23-mar-06,23-mar-06,03,2006,432.875
vi.-24-mar-06,24-mar-06,03,2006,434.625
sá.-25-mar-06,25-mar-06,03,2006,434.625
do.-26-mar-06,26-mar-06,03,2006,434.625
lu.-27-mar-06,27-mar-06,03,2006,437.875
ma.-28-mar-06,28-mar-06,03,2006,438.125
mi.-29-mar-06,29-mar-06,03,2006,434.625
ju.-30-mar-06,30-mar-06,03,2006,455
vi.-31-mar-06,31-mar-06,03,2006,448.125
sá.-01-abr-06,01-abr-06,04,2006,448.125
do.-02-abr-06,02-abr-06,04,2006,448.125
lu.-03-abr-06,03-abr-06,04,2006,460
ma.-04-abr-06,04-abr-06,04,2006,447.375
mi.-05-abr-06,05-abr-06,04,2006,452.875
ju.-06-abr-06,06-abr-06,04,2006,461.875
vi.-07-abr-06,07-abr-06,04,2006,469.625
sá.-08-abr-06,08-abr-06,04,2006,469.625
do.-09-abr-06,09-abr-06,04,2006,469.625
lu.-10-abr-06,10-abr-06,04,2006,463.125
ma.-11-abr-06,11-abr-06,04,2006,456.125
mi.-12-abr-06,12-abr-06,04,2006,446.875
ju.-13-abr-06,13-abr-06,04,2006,447.875
vi.-14-abr-06,14-abr-06,04,2006,447.875
sá.-15-abr-06,15-abr-06,04,2006,447.875
do.-16-abr-06,16-abr-06,04,2006,447.875
lu.-17-abr-06,17-abr-06,04,2006,462.25
ma.-18-abr-06,18-abr-06,04,2006,467.625
mi.-19-abr-06,19-abr-06,04,2006,486.75
ju.-20-abr-06,20-abr-06,04,2006,498.375
vi.-21-abr-06,21-abr-06,04,2006,492.875
sá.-22-abr-06,22-abr-06,04,2006,492.875
do.-23-abr-06,23-abr-06,04,2006,492.875
lu.-24-abr-06,24-abr-06,04,2006,489
ma.-25-abr-06,25-abr-06,04,2006,482.625
mi.-26-abr-06,26-abr-06,04,2006,486
ju.-27-abr-06,27-abr-06,04,2006,472
vi.-28-abr-06,28-abr-06,04,2006,476.75
sá.-29-abr-06,29-abr-06,04,2006,476.75
do.-30-abr-06,30-abr-06,04,2006,476.75
lu.-01-may-06,01-may-06,05,2006,477.375
ma.-02-may-06,02-may-06,05,2006,492.875
mi.-03-may-06,03-may-06,05,2006,487.125
ju.-04-may-06,04-may-06,05,2006,478.875
vi.-05-may-06,05-may-06,05,2006,469.5
sá.-06-may-06,06-may-06,05,2006,469.5
do.-07-may-06,07-may-06,05,2006,469.5
lu.-08-may-06,08-may-06,05,2006,461.125
ma.-09-may-06,09-may-06,05,2006,466.75
mi.-10-may-06,10-may-06,05,2006,464.875
ju.-11-may-06,11-may-06,05,2006,455.125
vi.-12-may-06,12-may-06,05,2006,450.25
sá.-13-may-06,13-may-06,05,2006,450.25
do.-14-may-06,14-may-06,05,2006,450.25
lu.-15-may-06,15-may-06,05,2006,452.125
ma.-16-may-06,16-may-06,05,2006,452
mi.-17-may-06,17-may-06,05,2006,452.125
ju.-18-may-06,18-may-06,05,2006,459.125
vi.-19-may-06,19-may-06,05,2006,450.625
sá.-20-may-06,20-may-06,05,2006,450.625
do.-21-may-06,21-may-06,05,2006,450.625
lu.-22-may-06,22-may-06,05,2006,453.25
ma.-23-may-06,23-may-06,05,2006,461.25
mi.-24-may-06,24-may-06,05,2006,459.875
ju.-25-may-06,25-may-06,05,2006,449.5
vi.-26-may-06,26-may-06,05,2006,441
sá.-27-may-06,27-may-06,05,2006,441
do.-28-may-06,28-may-06,05,2006,441
lu.-29-may-06,29-may-06,05,2006,441
ma.-30-may-06,30-may-06,05,2006,446.75
mi.-31-may-06,31-may-06,05,2006,449.25
ju.-01-jun-06,01-jun-06,06,2006,452.75
vi.-02-jun-06,02-jun-06,06,2006,454.375
sá.-03-jun-06,03-jun-06,06,2006,454.375
do.-04-jun-06,04-jun-06,06,2006,454.375
lu.-05-jun-06,05-jun-06,06,2006,438.25
ma.-06-jun-06,06-jun-06,06,2006,432.875
mi.-07-jun-06,07-jun-06,06,2006,432.5
ju.-08-jun-06,08-jun-06,06,2006,441.875
vi.-09-jun-06,09-jun-06,06,2006,437.75
sá.-10-jun-06,10-jun-06,06,2006,437.75
do.-11-jun-06,11-jun-06,06,2006,437.75
lu.-12-jun-06,12-jun-06,06,2006,441.25
ma.-13-jun-06,13-jun-06,06,2006,445
mi.-14-jun-06,14-jun-06,06,2006,447.25
ju.-15-jun-06,15-jun-06,06,2006,450.25
vi.-16-jun-06,16-jun-06,06,2006,442.5
sá.-17-jun-06,17-jun-06,06,2006,442.5
do.-18-jun-06,18-jun-06,06,2006,442.5
lu.-19-jun-06,19-jun-06,06,2006,440.375
ma.-20-jun-06,20-jun-06,06,2006,444.625
mi.-21-jun-06,21-jun-06,06,2006,451.125
ju.-22-jun-06,22-jun-06,06,2006,455.125
vi.-23-jun-06,23-jun-06,06,2006,457.125
sá.-24-jun-06,24-jun-06,06,2006,457.125
do.-25-jun-06,25-jun-06,06,2006,457.125
lu.-26-jun-06,26-jun-06,06,2006,454.5
ma.-27-jun-06,27-jun-06,06,2006,460
mi.-28-jun-06,28-jun-06,06,2006,475
ju.-29-jun-06,29-jun-06,06,2006,471.125
vi.-30-jun-06,30-jun-06,06,2006,472.25
sá.-01-jul-06,01-jul-06,07,2006,472.25
do.-02-jul-06,02-jul-06,07,2006,472.25
lu.-03-jul-06,03-jul-06,07,2006,485.125
ma.-04-jul-06,04-jul-06,07,2006,485.125
mi.-05-jul-06,05-jul-06,07,2006,486.375
ju.-06-jul-06,06-jul-06,07,2006,482.25
vi.-07-jul-06,07-jul-06,07,2006,457
sá.-08-jul-06,08-jul-06,07,2006,457
do.-09-jul-06,09-jul-06,07,2006,457
lu.-10-jul-06,10-jul-06,07,2006,453.25
ma.-11-jul-06,11-jul-06,07,2006,451.875
mi.-12-jul-06,12-jul-06,07,2006,458.25
ju.-13-jul-06,13-jul-06,07,2006,464.5
vi.-14-jul-06,14-jul-06,07,2006,452.875
sá.-15-jul-06,15-jul-06,07,2006,452.875
do.-16-jul-06,16-jul-06,07,2006,452.875
lu.-17-jul-06,17-jul-06,07,2006,451
ma.-18-jul-06,18-jul-06,07,2006,447.25
mi.-19-jul-06,19-jul-06,07,2006,444.25
ju.-20-jul-06,20-jul-06,07,2006,438
vi.-21-jul-06,21-jul-06,07,2006,430
sá.-22-jul-06,22-jul-06,07,2006,430
do.-23-jul-06,23-jul-06,07,2006,430
lu.-24-jul-06,24-jul-06,07,2006,420.875
ma.-25-jul-06,25-jul-06,07,2006,430.375
mi.-26-jul-06,26-jul-06,07,2006,432.125
ju.-27-jul-06,27-jul-06,07,2006,434.25
vi.-28-jul-06,28-jul-06,07,2006,443
sá.-29-jul-06,29-jul-06,07,2006,443
do.-30-jul-06,30-jul-06,07,2006,443
lu.-31-jul-06,31-jul-06,07,2006,446.375
ma.-01-ago-06,01-ago-06,08,2006,441.625
mi.-02-ago-06,02-ago-06,08,2006,457.375
ju.-03-ago-06,03-ago-06,08,2006,466.375
vi.-04-ago-06,04-ago-06,08,2006,458.375
sá.-05-ago-06,05-ago-06,08,2006,458.375
do.-06-ago-06,06-ago-06,08,2006,458.375
lu.-07-ago-06,07-ago-06,08,2006,467.625
ma.-08-ago-06,08-ago-06,08,2006,465.75
mi.-09-ago-06,09-ago-06,08,2006,462.875
ju.-10-ago-06,10-ago-06,08,2006,454.625
vi.-11-ago-06,11-ago-06,08,2006,450.375
sá.-12-ago-06,12-ago-06,08,2006,450.375
do.-13-ago-06,13-ago-06,08,2006,450.375
lu.-14-ago-06,14-ago-06,08,2006,438.5
ma.-15-ago-06,15-ago-06,08,2006,440.125
mi.-16-ago-06,16-ago-06,08,2006,449
ju.-17-ago-06,17-ago-06,08,2006,445
vi.-18-ago-06,18-ago-06,08,2006,449.625
sá.-19-ago-06,19-ago-06,08,2006,449.625
do.-20-ago-06,20-ago-06,08,2006,449.625
lu.-21-ago-06,21-ago-06,08,2006,466.625
ma.-22-ago-06,22-ago-06,08,2006,481.25
mi.-23-ago-06,23-ago-06,08,2006,480.125
ju.-24-ago-06,24-ago-06,08,2006,485.25
vi.-25-ago-06,25-ago-06,08,2006,484.625
sá.-26-ago-06,26-ago-06,08,2006,484.625
do.-27-ago-06,27-ago-06,08,2006,484.625
lu.-28-ago-06,28-ago-06,08,2006,462.75
ma.-29-ago-06,29-ago-06,08,2006,466
mi.-30-ago-06,30-ago-06,08,2006,463.625
ju.-31-ago-06,31-ago-06,08,2006,468.25
vi.-01-sep-06,01-sep-06,09,2006,457.375
sá.-02-sep-06,02-sep-06,09,2006,457.375
do.-03-sep-06,03-sep-06,09,2006,457.375
lu.-04-sep-06,04-sep-06,09,2006,457.375
ma.-05-sep-06,05-sep-06,09,2006,468.125
mi.-06-sep-06,06-sep-06,09,2006,470
ju.-07-sep-06,07-sep-06,09,2006,452.25
vi.-08-sep-06,08-sep-06,09,2006,440.75
sá.-09-sep-06,09-sep-06,09,2006,440.75
do.-10-sep-06,10-sep-06,09,2006,440.75
lu.-11-sep-06,11-sep-06,09,2006,434.125
ma.-12-sep-06,12-sep-06,09,2006,432
mi.-13-sep-06,13-sep-06,09,2006,434
ju.-14-sep-06,14-sep-06,09,2006,428.25
vi.-15-sep-06,15-sep-06,09,2006,422.375
sá.-16-sep-06,16-sep-06,09,2006,422.375
do.-17-sep-06,17-sep-06,09,2006,422.375
lu.-18-sep-06,18-sep-06,09,2006,421.75
ma.-19-sep-06,19-sep-06,09,2006,428.5
mi.-20-sep-06,20-sep-06,09,2006,423.125
ju.-21-sep-06,21-sep-06,09,2006,432.75
vi.-22-sep-06,22-sep-06,09,2006,438.125
sá.-23-sep-06,23-sep-06,09,2006,438.125
do.-24-sep-06,24-sep-06,09,2006,438.125
lu.-25-sep-06,25-sep-06,09,2006,450.25
ma.-26-sep-06,26-sep-06,09,2006,449.125
mi.-27-sep-06,27-sep-06,09,2006,446.5
ju.-28-sep-06,28-sep-06,09,2006,449.875
vi.-29-sep-06,29-sep-06,09,2006,450.375
sá.-30-sep-06,30-sep-06,09,2006,450.375
do.-01-oct-06,01-oct-06,10,2006,450.375
lu.-02-oct-06,02-oct-06,10,2006,442.375
ma.-03-oct-06,03-oct-06,10,2006,434.375
mi.-04-oct-06,04-oct-06,10,2006,436.5
ju.-05-oct-06,05-oct-06,10,2006,434.75
vi.-06-oct-06,06-oct-06,10,2006,432.5
sá.-07-oct-06,07-oct-06,10,2006,432.5
do.-08-oct-06,08-oct-06,10,2006,432.5
lu.-09-oct-06,09-oct-06,10,2006,427.625
ma.-10-oct-06,10-oct-06,10,2006,425.375
mi.-11-oct-06,11-oct-06,10,2006,426.75
ju.-12-oct-06,12-oct-06,10,2006,425.625
vi.-13-oct-06,13-oct-06,10,2006,427.125
sá.-14-oct-06,14-oct-06,10,2006,427.125
do.-15-oct-06,15-oct-06,10,2006,427.125
lu.-16-oct-06,16-oct-06,10,2006,415.125
ma.-17-oct-06,17-oct-06,10,2006,419
mi.-18-oct-06,18-oct-06,10,2006,415.375
ju.-19-oct-06,19-oct-06,10,2006,412.375
vi.-20-oct-06,20-oct-06,10,2006,413.375
sá.-21-oct-06,21-oct-06,10,2006,413.375
do.-22-oct-06,22-oct-06,10,2006,413.375
lu.-23-oct-06,23-oct-06,10,2006,424.875
ma.-24-oct-06,24-oct-06,10,2006,438
mi.-25-oct-06,25-oct-06,10,2006,436.25
ju.-26-oct-06,26-oct-06,10,2006,436.875
vi.-27-oct-06,27-oct-06,10,2006,436.375
sá.-28-oct-06,28-oct-06,10,2006,436.375
do.-29-oct-06,29-oct-06,10,2006,436.375
lu.-30-oct-06,30-oct-06,10,2006,437.25
ma.-31-oct-06,31-oct-06,10,2006,435.75
mi.-01-nov-06,01-nov-06,11,2006,438
ju.-02-nov-06,02-nov-06,11,2006,444.375
vi.-03-nov-06,03-nov-06,11,2006,453.125
sá.-04-nov-06,04-nov-06,11,2006,453.125
do.-05-nov-06,05-nov-06,11,2006,453.125
lu.-06-nov-06,06-nov-06,11,2006,456.875
ma.-07-nov-06,07-nov-06,11,2006,452.375
mi.-08-nov-06,08-nov-06,11,2006,462.25
ju.-09-nov-06,09-nov-06,11,2006,470.125
vi.-10-nov-06,10-nov-06,11,2006,473.75
sá.-11-nov-06,11-nov-06,11,2006,473.75
do.-12-nov-06,12-nov-06,11,2006,473.75
lu.-13-nov-06,13-nov-06,11,2006,461.875
ma.-14-nov-06,14-nov-06,11,2006,464.375
mi.-15-nov-06,15-nov-06,11,2006,475
ju.-16-nov-06,16-nov-06,11,2006,489.5
vi.-17-nov-06,17-nov-06,11,2006,476.875
sá.-18-nov-06,18-nov-06,11,2006,476.875
do.-19-nov-06,19-nov-06,11,2006,476.875
lu.-20-nov-06,20-nov-06,11,2006,484
ma.-21-nov-06,21-nov-06,11,2006,485.625
mi.-22-nov-06,22-nov-06,11,2006,487
ju.-23-nov-06,23-nov-06,11,2006,487
vi.-24-nov-06,24-nov-06,11,2006,487
sá.-25-nov-06,25-nov-06,11,2006,487
do.-26-nov-06,26-nov-06,11,2006,487
lu.-27-nov-06,27-nov-06,11,2006,507.25
ma.-28-nov-06,28-nov-06,11,2006,515.875
mi.-29-nov-06,29-nov-06,11,2006,505.875
ju.-30-nov-06,30-nov-06,11,2006,510.125
vi.-01-dic-06,01-dic-06,12,2006,525.375
sá.-02-dic-06,02-dic-06,12,2006,525.375
do.-03-dic-06,03-dic-06,12,2006,525.375
lu.-04-dic-06,04-dic-06,12,2006,507.25
ma.-05-dic-06,05-dic-06,12,2006,518.125
mi.-06-dic-06,06-dic-06,12,2006,512
ju.-07-dic-06,07-dic-06,12,2006,512.375
vi.-08-dic-06,08-dic-06,12,2006,512.125
sá.-09-dic-06,09-dic-06,12,2006,512.125
do.-10-dic-06,10-dic-06,12,2006,512.125
lu.-11-dic-06,11-dic-06,12,2006,524.375
ma.-12-dic-06,12-dic-06,12,2006,520.625
mi.-13-dic-06,13-dic-06,12,2006,524.5
ju.-14-dic-06,14-dic-06,12,2006,524.125
vi.-15-dic-06,15-dic-06,12,2006,511.875
sá.-16-dic-06,16-dic-06,12,2006,511.875
do.-17-dic-06,17-dic-06,12,2006,511.875
lu.-18-dic-06,18-dic-06,12,2006,500.25
ma.-19-dic-06,19-dic-06,12,2006,490.375
mi.-20-dic-06,20-dic-06,12,2006,496.5
ju.-21-dic-06,21-dic-06,12,2006,503.625
vi.-22-dic-06,22-dic-06,12,2006,496.875
sá.-23-dic-06,23-dic-06,12,2006,496.875
do.-24-dic-06,24-dic-06,12,2006,496.875
lu.-25-dic-06,25-dic-06,12,2006,496.875
ma.-26-dic-06,26-dic-06,12,2006,507.375
mi.-27-dic-06,27-dic-06,12,2006,515.625
ju.-28-dic-06,28-dic-06,12,2006,504.125
vi.-29-dic-06,29-dic-06,12,2006,503
sá.-30-dic-06,30-dic-06,12,2006,503
do.-31-dic-06,31-dic-06,12,2006,503
lu.-01-ene-07,01-ene-07,01,2007,503
ma.-02-ene-07,02-ene-07,01,2007,503
mi.-03-ene-07,03-ene-07,01,2007,485.375
ju.-04-ene-07,04-ene-07,01,2007,492.25
vi.-05-ene-07,05-ene-07,01,2007,475.5
sá.-06-ene-07,06-ene-07,01,2007,475.5
do.-07-ene-07,07-ene-07,01,2007,475.5
lu.-08-ene-07,08-ene-07,01,2007,472.5
ma.-09-ene-07,09-ene-07,01,2007,468
mi.-10-ene-07,10-ene-07,01,2007,479.25
ju.-11-ene-07,11-ene-07,01,2007,474.25
vi.-12-ene-07,12-ene-07,01,2007,471.125
sá.-13-ene-07,13-ene-07,01,2007,471.125
do.-14-ene-07,14-ene-07,01,2007,471.125
lu.-15-ene-07,15-ene-07,01,2007,471.125
ma.-16-ene-07,16-ene-07,01,2007,487.5
mi.-17-ene-07,17-ene-07,01,2007,488.125
ju.-18-ene-07,18-ene-07,01,2007,480
vi.-19-ene-07,19-ene-07,01,2007,481.625
sá.-20-ene-07,20-ene-07,01,2007,481.625
do.-21-ene-07,21-ene-07,01,2007,481.625
lu.-22-ene-07,22-ene-07,01,2007,475.125
ma.-23-ene-07,23-ene-07,01,2007,466
mi.-24-ene-07,24-ene-07,01,2007,472.625
ju.-25-ene-07,25-ene-07,01,2007,468.75
vi.-26-ene-07,26-ene-07,01,2007,468.875
sá.-27-ene-07,27-ene-07,01,2007,468.875
do.-28-ene-07,28-ene-07,01,2007,468.875
lu.-29-ene-07,29-ene-07,01,2007,473.375
ma.-30-ene-07,30-ene-07,01,2007,471.75
mi.-31-ene-07,31-ene-07,01,2007,476.125
ju.-01-feb-07,01-feb-07,02,2007,479.625
vi.-02-feb-07,02-feb-07,02,2007,477.875
sá.-03-feb-07,03-feb-07,02,2007,477.875
do.-04-feb-07,04-feb-07,02,2007,477.875
lu.-05-feb-07,05-feb-07,02,2007,480.375
ma.-06-feb-07,06-feb-07,02,2007,480.625
mi.-07-feb-07,07-feb-07,02,2007,482.5
ju.-08-feb-07,08-feb-07,02,2007,476.375
vi.-09-feb-07,09-feb-07,02,2007,471.25
sá.-10-feb-07,10-feb-07,02,2007,471.25
do.-11-feb-07,11-feb-07,02,2007,471.25
lu.-12-feb-07,12-feb-07,02,2007,467.125
ma.-13-feb-07,13-feb-07,02,2007,463.75
mi.-14-feb-07,14-feb-07,02,2007,464
ju.-15-feb-07,15-feb-07,02,2007,469
vi.-16-feb-07,16-feb-07,02,2007,461.625
sá.-17-feb-07,17-feb-07,02,2007,461.625
do.-18-feb-07,18-feb-07,02,2007,461.625
lu.-19-feb-07,19-feb-07,02,2007,461.625
ma.-20-feb-07,20-feb-07,02,2007,457.375
mi.-21-feb-07,21-feb-07,02,2007,463
ju.-22-feb-07,22-feb-07,02,2007,471
vi.-23-feb-07,23-feb-07,02,2007,476.625
sá.-24-feb-07,24-feb-07,02,2007,476.625
do.-25-feb-07,25-feb-07,02,2007,476.625
lu.-26-feb-07,26-feb-07,02,2007,472.125
ma.-27-feb-07,27-feb-07,02,2007,471
mi.-28-feb-07,28-feb-07,02,2007,474.375
ju.-01-mar-07,01-mar-07,03,2007,468.875
vi.-02-mar-07,02-mar-07,03,2007,461
sá.-03-mar-07,03-mar-07,03,2007,461
do.-04-mar-07,04-mar-07,03,2007,461
lu.-05-mar-07,05-mar-07,03,2007,454.25
ma.-06-mar-07,06-mar-07,03,2007,447
mi.-07-mar-07,07-mar-07,03,2007,442.375
ju.-08-mar-07,08-mar-07,03,2007,443.875
vi.-09-mar-07,09-mar-07,03,2007,443.25
sá.-10-mar-07,10-mar-07,03,2007,443.25
do.-11-mar-07,11-mar-07,03,2007,443.25
lu.-12-mar-07,12-mar-07,03,2007,438.625
ma.-13-mar-07,13-mar-07,03,2007,434.25
mi.-14-mar-07,14-mar-07,03,2007,430.125
ju.-15-mar-07,15-mar-07,03,2007,431.125
vi.-16-mar-07,16-mar-07,03,2007,431.625
sá.-17-mar-07,17-mar-07,03,2007,431.625
do.-18-mar-07,18-mar-07,03,2007,431.625
lu.-19-mar-07,19-mar-07,03,2007,430.875
ma.-20-mar-07,20-mar-07,03,2007,422.5
mi.-21-mar-07,21-mar-07,03,2007,431
ju.-22-mar-07,22-mar-07,03,2007,430.375
vi.-23-mar-07,23-mar-07,03,2007,437.875
sá.-24-mar-07,24-mar-07,03,2007,437.875
do.-25-mar-07,25-mar-07,03,2007,437.875
lu.-26-mar-07,26-mar-07,03,2007,441
ma.-27-mar-07,27-mar-07,03,2007,432.125
mi.-28-mar-07,28-mar-07,03,2007,443.375
ju.-29-mar-07,29-mar-07,03,2007,430.75
vi.-30-mar-07,30-mar-07,03,2007,439.125
sá.-31-mar-07,31-mar-07,03,2007,439.125
do.-01-abr-07,01-abr-07,04,2007,439.125
lu.-02-abr-07,02-abr-07,04,2007,431.125
ma.-03-abr-07,03-abr-07,04,2007,437.375
mi.-04-abr-07,04-abr-07,04,2007,437.875
ju.-05-abr-07,05-abr-07,04,2007,438
vi.-06-abr-07,06-abr-07,04,2007,438
sá.-07-abr-07,07-abr-07,04,2007,438
do.-08-abr-07,08-abr-07,04,2007,438
lu.-09-abr-07,09-abr-07,04,2007,430.75
ma.-10-abr-07,10-abr-07,04,2007,429.125
mi.-11-abr-07,11-abr-07,04,2007,429.125
ju.-12-abr-07,12-abr-07,04,2007,442.375
vi.-13-abr-07,13-abr-07,04,2007,435.25
sá.-14-abr-07,14-abr-07,04,2007,435.25
do.-15-abr-07,15-abr-07,04,2007,435.25
lu.-16-abr-07,16-abr-07,04,2007,425
ma.-17-abr-07,17-abr-07,04,2007,426.25
mi.-18-abr-07,18-abr-07,04,2007,427.25
ju.-19-abr-07,19-abr-07,04,2007,421
vi.-20-abr-07,20-abr-07,04,2007,415.625
sá.-21-abr-07,21-abr-07,04,2007,415.625
do.-22-abr-07,22-abr-07,04,2007,415.625
lu.-23-abr-07,23-abr-07,04,2007,409
ma.-24-abr-07,24-abr-07,04,2007,400
mi.-25-abr-07,25-abr-07,04,2007,408.5
ju.-26-abr-07,26-abr-07,04,2007,407.625
vi.-27-abr-07,27-abr-07,04,2007,409.25
sá.-28-abr-07,28-abr-07,04,2007,409.25
do.-29-abr-07,29-abr-07,04,2007,409.25
lu.-30-abr-07,30-abr-07,04,2007,407.375
ma.-01-may-07,01-may-07,05,2007,405
mi.-02-may-07,02-may-07,05,2007,403.125
ju.-03-may-07,03-may-07,05,2007,403.125
vi.-04-may-07,04-may-07,05,2007,406.125
sá.-05-may-07,05-may-07,05,2007,406.125
do.-06-may-07,06-may-07,05,2007,406.125
lu.-07-may-07,07-may-07,05,2007,405
ma.-08-may-07,08-may-07,05,2007,405
mi.-09-may-07,09-may-07,05,2007,405.25
ju.-10-may-07,10-may-07,05,2007,407
vi.-11-may-07,11-may-07,05,2007,405
sá.-12-may-07,12-may-07,05,2007,405
do.-13-may-07,13-may-07,05,2007,405
lu.-14-may-07,14-may-07,05,2007,405
ma.-15-may-07,15-may-07,05,2007,405.875
mi.-16-may-07,16-may-07,05,2007,414.25
ju.-17-may-07,17-may-07,05,2007,417.5
vi.-18-may-07,18-may-07,05,2007,411.25
sá.-19-may-07,19-may-07,05,2007,411.25
do.-20-may-07,20-may-07,05,2007,411.25
lu.-21-may-07,21-may-07,05,2007,414.875
ma.-22-may-07,22-may-07,05,2007,405.375
mi.-23-may-07,23-may-07,05,2007,411
ju.-24-may-07,24-may-07,05,2007,415.5
vi.-25-may-07,25-may-07,05,2007,405.125
sá.-26-may-07,26-may-07,05,2007,405.125
do.-27-may-07,27-may-07,05,2007,405.125
lu.-28-may-07,28-may-07,05,2007,405.125
ma.-29-may-07,29-may-07,05,2007,405
mi.-30-may-07,30-may-07,05,2007,405.5
ju.-31-may-07,31-may-07,05,2007,400.875
vi.-01-jun-07,01-jun-07,06,2007,419
sá.-02-jun-07,02-jun-07,06,2007,419
do.-03-jun-07,03-jun-07,06,2007,419
lu.-04-jun-07,04-jun-07,06,2007,410.625
ma.-05-jun-07,05-jun-07,06,2007,419
mi.-06-jun-07,06-jun-07,06,2007,416.75
ju.-07-jun-07,07-jun-07,06,2007,428
vi.-08-jun-07,08-jun-07,06,2007,434
sá.-09-jun-07,09-jun-07,06,2007,434
do.-10-jun-07,10-jun-07,06,2007,434
lu.-11-jun-07,11-jun-07,06,2007,434.75
ma.-12-jun-07,12-jun-07,06,2007,428.5
mi.-13-jun-07,13-jun-07,06,2007,440.625
ju.-14-jun-07,14-jun-07,06,2007,435.75
vi.-15-jun-07,15-jun-07,06,2007,427.125
sá.-16-jun-07,16-jun-07,06,2007,427.125
do.-17-jun-07,17-jun-07,06,2007,427.125
lu.-18-jun-07,18-jun-07,06,2007,428
ma.-19-jun-07,19-jun-07,06,2007,416.125
mi.-20-jun-07,20-jun-07,06,2007,433.5
ju.-21-jun-07,21-jun-07,06,2007,426.875
vi.-22-jun-07,22-jun-07,06,2007,428.875
sá.-23-jun-07,23-jun-07,06,2007,428.875
do.-24-jun-07,24-jun-07,06,2007,428.875
lu.-25-jun-07,25-jun-07,06,2007,409.625
ma.-26-jun-07,26-jun-07,06,2007,420.25
mi.-27-jun-07,27-jun-07,06,2007,423.875
ju.-28-jun-07,28-jun-07,06,2007,419.375
vi.-29-jun-07,29-jun-07,06,2007,424.125
sá.-30-jun-07,30-jun-07,06,2007,424.125
do.-01-jul-07,01-jul-07,07,2007,424.125
lu.-02-jul-07,02-jul-07,07,2007,415.875
ma.-03-jul-07,03-jul-07,07,2007,413.5
mi.-04-jul-07,04-jul-07,07,2007,413.5
ju.-05-jul-07,05-jul-07,07,2007,413.125
vi.-06-jul-07,06-jul-07,07,2007,407.5
sá.-07-jul-07,07-jul-07,07,2007,407.5
do.-08-jul-07,08-jul-07,07,2007,407.5
lu.-09-jul-07,09-jul-07,07,2007,405.375
ma.-10-jul-07,10-jul-07,07,2007,418.625
mi.-11-jul-07,11-jul-07,07,2007,420.25
ju.-12-jul-07,12-jul-07,07,2007,417.25
vi.-13-jul-07,13-jul-07,07,2007,411.375
sá.-14-jul-07,14-jul-07,07,2007,411.375
do.-15-jul-07,15-jul-07,07,2007,411.375
lu.-16-jul-07,16-jul-07,07,2007,415.5
ma.-17-jul-07,17-jul-07,07,2007,415.875
mi.-18-jul-07,18-jul-07,07,2007,423.125
ju.-19-jul-07,19-jul-07,07,2007,421.5
vi.-20-jul-07,20-jul-07,07,2007,418.625
sá.-21-jul-07,21-jul-07,07,2007,418.625
do.-22-jul-07,22-jul-07,07,2007,418.625
lu.-23-jul-07,23-jul-07,07,2007,409.75
ma.-24-jul-07,24-jul-07,07,2007,421.125
mi.-25-jul-07,25-jul-07,07,2007,428.75
ju.-26-jul-07,26-jul-07,07,2007,425.125
vi.-27-jul-07,27-jul-07,07,2007,427.25
sá.-28-jul-07,28-jul-07,07,2007,427.25
do.-29-jul-07,29-jul-07,07,2007,427.25
lu.-30-jul-07,30-jul-07,07,2007,428.25
ma.-31-jul-07,31-jul-07,07,2007,429.125
mi.-01-ago-07,01-ago-07,08,2007,429.125
ju.-02-ago-07,02-ago-07,08,2007,433.5
vi.-03-ago-07,03-ago-07,08,2007,433.875
sá.-04-ago-07,04-ago-07,08,2007,433.875
do.-05-ago-07,05-ago-07,08,2007,433.875
lu.-06-ago-07,06-ago-07,08,2007,439.5
ma.-07-ago-07,07-ago-07,08,2007,433.75
mi.-08-ago-07,08-ago-07,08,2007,434.625
ju.-09-ago-07,09-ago-07,08,2007,442.25
vi.-10-ago-07,10-ago-07,08,2007,451.875
sá.-11-ago-07,11-ago-07,08,2007,451.875
do.-12-ago-07,12-ago-07,08,2007,451.875
lu.-13-ago-07,13-ago-07,08,2007,449.5
ma.-14-ago-07,14-ago-07,08,2007,448.625
mi.-15-ago-07,15-ago-07,08,2007,449.25
ju.-16-ago-07,16-ago-07,08,2007,440
vi.-17-ago-07,17-ago-07,08,2007,449.625
sá.-18-ago-07,18-ago-07,08,2007,449.625
do.-19-ago-07,19-ago-07,08,2007,449.625
lu.-20-ago-07,20-ago-07,08,2007,447.75
ma.-21-ago-07,21-ago-07,08,2007,452.25
mi.-22-ago-07,22-ago-07,08,2007,453.75
ju.-23-ago-07,23-ago-07,08,2007,474.25
vi.-24-ago-07,24-ago-07,08,2007,463.75
sá.-25-ago-07,25-ago-07,08,2007,463.75
do.-26-ago-07,26-ago-07,08,2007,463.75
lu.-27-ago-07,27-ago-07,08,2007,458.375
ma.-28-ago-07,28-ago-07,08,2007,467.25
mi.-29-ago-07,29-ago-07,08,2007,466.125
ju.-30-ago-07,30-ago-07,08,2007,467.75
vi.-31-ago-07,31-ago-07,08,2007,463.875
sá.-01-sep-07,01-sep-07,09,2007,463.875
do.-02-sep-07,02-sep-07,09,2007,463.875
lu.-03-sep-07,03-sep-07,09,2007,463.875
ma.-04-sep-07,04-sep-07,09,2007,470.625
mi.-05-sep-07,05-sep-07,09,2007,467
ju.-06-sep-07,06-sep-07,09,2007,468.75
vi.-07-sep-07,07-sep-07,09,2007,473.75
sá.-08-sep-07,08-sep-07,09,2007,473.75
do.-09-sep-07,09-sep-07,09,2007,473.75
lu.-10-sep-07,10-sep-07,09,2007,486.25
ma.-11-sep-07,11-sep-07,09,2007,486.375
mi.-12-sep-07,12-sep-07,09,2007,484.375
ju.-13-sep-07,13-sep-07,09,2007,474
vi.-14-sep-07,14-sep-07,09,2007,478.75
sá.-15-sep-07,15-sep-07,09,2007,478.75
do.-16-sep-07,16-sep-07,09,2007,478.75
lu.-17-sep-07,17-sep-07,09,2007,512.25
ma.-18-sep-07,18-sep-07,09,2007,512.5
mi.-19-sep-07,19-sep-07,09,2007,502.25
ju.-20-sep-07,20-sep-07,09,2007,508.875
vi.-21-sep-07,21-sep-07,09,2007,488.625
sá.-22-sep-07,22-sep-07,09,2007,488.625
do.-23-sep-07,23-sep-07,09,2007,488.625
lu.-24-sep-07,24-sep-07,09,2007,501
ma.-25-sep-07,25-sep-07,09,2007,499.625
mi.-26-sep-07,26-sep-07,09,2007,483.625
ju.-27-sep-07,27-sep-07,09,2007,486.625
vi.-28-sep-07,28-sep-07,09,2007,483.375
sá.-29-sep-07,29-sep-07,09,2007,483.375
do.-30-sep-07,30-sep-07,09,2007,483.375
lu.-01-oct-07,01-oct-07,10,2007,510.75
ma.-02-oct-07,02-oct-07,10,2007,508.25
mi.-03-oct-07,03-oct-07,10,2007,518.5
ju.-04-oct-07,04-oct-07,10,2007,518.375
vi.-05-oct-07,05-oct-07,10,2007,515.875
sá.-06-oct-07,06-oct-07,10,2007,515.875
do.-07-oct-07,07-oct-07,10,2007,515.875
lu.-08-oct-07,08-oct-07,10,2007,523.25
ma.-09-oct-07,09-oct-07,10,2007,497.625
mi.-10-oct-07,10-oct-07,10,2007,502.25
ju.-11-oct-07,11-oct-07,10,2007,516.25
vi.-12-oct-07,12-oct-07,10,2007,520.75
sá.-13-oct-07,13-oct-07,10,2007,520.75
do.-14-oct-07,14-oct-07,10,2007,520.75
lu.-15-oct-07,15-oct-07,10,2007,487.75
ma.-16-oct-07,16-oct-07,10,2007,484.875
mi.-17-oct-07,17-oct-07,10,2007,493
ju.-18-oct-07,18-oct-07,10,2007,472.875
vi.-19-oct-07,19-oct-07,10,2007,486.75
sá.-20-oct-07,20-oct-07,10,2007,486.75
do.-21-oct-07,21-oct-07,10,2007,486.75
lu.-22-oct-07,22-oct-07,10,2007,485
ma.-23-oct-07,23-oct-07,10,2007,487
mi.-24-oct-07,24-oct-07,10,2007,490.125
ju.-25-oct-07,25-oct-07,10,2007,476.75
vi.-26-oct-07,26-oct-07,10,2007,475.75
sá.-27-oct-07,27-oct-07,10,2007,475.75
do.-28-oct-07,28-oct-07,10,2007,475.75
lu.-29-oct-07,29-oct-07,10,2007,476.75
ma.-30-oct-07,30-oct-07,10,2007,472.375
mi.-31-oct-07,31-oct-07,10,2007,469.5
ju.-01-nov-07,01-nov-07,11,2007,480.25
vi.-02-nov-07,02-nov-07,11,2007,466.375
sá.-03-nov-07,03-nov-07,11,2007,466.375
do.-04-nov-07,04-nov-07,11,2007,466.375
lu.-05-nov-07,05-nov-07,11,2007,469.75
ma.-06-nov-07,06-nov-07,11,2007,474.875
mi.-07-nov-07,07-nov-07,11,2007,478
ju.-08-nov-07,08-nov-07,11,2007,484.25
vi.-09-nov-07,09-nov-07,11,2007,487.875
sá.-10-nov-07,10-nov-07,11,2007,487.875
do.-11-nov-07,11-nov-07,11,2007,487.875
lu.-12-nov-07,12-nov-07,11,2007,487.25
ma.-13-nov-07,13-nov-07,11,2007,491
mi.-14-nov-07,14-nov-07,11,2007,494.125
ju.-15-nov-07,15-nov-07,11,2007,498
vi.-16-nov-07,16-nov-07,11,2007,497.25
sá.-17-nov-07,17-nov-07,11,2007,497.25
do.-18-nov-07,18-nov-07,11,2007,497.25
lu.-19-nov-07,19-nov-07,11,2007,488.875
ma.-20-nov-07,20-nov-07,11,2007,494.625
mi.-21-nov-07,21-nov-07,11,2007,498.5
ju.-22-nov-07,22-nov-07,11,2007,498.5
vi.-23-nov-07,23-nov-07,11,2007,498.5
sá.-24-nov-07,24-nov-07,11,2007,498.5
do.-25-nov-07,25-nov-07,11,2007,498.5
lu.-26-nov-07,26-nov-07,11,2007,494.125
ma.-27-nov-07,27-nov-07,11,2007,495.875
mi.-28-nov-07,28-nov-07,11,2007,505.375
ju.-29-nov-07,29-nov-07,11,2007,501.5
vi.-30-nov-07,30-nov-07,11,2007,501.625
sá.-01-dic-07,01-dic-07,12,2007,501.625
do.-02-dic-07,02-dic-07,12,2007,501.625
lu.-03-dic-07,03-dic-07,12,2007,505.125
ma.-04-dic-07,04-dic-07,12,2007,507.75
mi.-05-dic-07,05-dic-07,12,2007,503.375
ju.-06-dic-07,06-dic-07,12,2007,493.375
vi.-07-dic-07,07-dic-07,12,2007,498.375
sá.-08-dic-07,08-dic-07,12,2007,498.375
do.-09-dic-07,09-dic-07,12,2007,498.375
lu.-10-dic-07,10-dic-07,12,2007,510.125
ma.-11-dic-07,11-dic-07,12,2007,503.25
mi.-12-dic-07,12-dic-07,12,2007,512.625
ju.-13-dic-07,13-dic-07,12,2007,510
vi.-14-dic-07,14-dic-07,12,2007,512.125
sá.-15-dic-07,15-dic-07,12,2007,512.125
do.-16-dic-07,16-dic-07,12,2007,512.125
lu.-17-dic-07,17-dic-07,12,2007,507
ma.-18-dic-07,18-dic-07,12,2007,513
mi.-19-dic-07,19-dic-07,12,2007,509.75
ju.-20-dic-07,20-dic-07,12,2007,507.375
vi.-21-dic-07,21-dic-07,12,2007,504.75
sá.-22-dic-07,22-dic-07,12,2007,504.75
do.-23-dic-07,23-dic-07,12,2007,504.75
lu.-24-dic-07,24-dic-07,12,2007,504.75
ma.-25-dic-07,25-dic-07,12,2007,504.75
mi.-26-dic-07,26-dic-07,12,2007,500.25
ju.-27-dic-07,27-dic-07,12,2007,499.5
vi.-28-dic-07,28-dic-07,12,2007,506
sá.-29-dic-07,29-dic-07,12,2007,506
do.-30-dic-07,30-dic-07,12,2007,506
lu.-31-dic-07,31-dic-07,12,2007,515
ma.-01-ene-08,01-ene-08,01,2008,515
mi.-02-ene-08,02-ene-08,01,2008,507.875
ju.-03-ene-08,03-ene-08,01,2008,510
vi.-04-ene-08,04-ene-08,01,2008,498
sá.-05-ene-08,05-ene-08,01,2008,498
do.-06-ene-08,06-ene-08,01,2008,498
lu.-07-ene-08,07-ene-08,01,2008,496.25
ma.-08-ene-08,08-ene-08,01,2008,506.5
mi.-09-ene-08,09-ene-08,01,2008,511
ju.-10-ene-08,10-ene-08,01,2008,512.625
vi.-11-ene-08,11-ene-08,01,2008,498.125
sá.-12-ene-08,12-ene-08,01,2008,498.125
do.-13-ene-08,13-ene-08,01,2008,498.125
lu.-14-ene-08,14-ene-08,01,2008,504.125
ma.-15-ene-08,15-ene-08,01,2008,503.25
mi.-16-ene-08,16-ene-08,01,2008,496.125
ju.-17-ene-08,17-ene-08,01,2008,495.125
vi.-18-ene-08,18-ene-08,01,2008,501
sá.-19-ene-08,19-ene-08,01,2008,501
do.-20-ene-08,20-ene-08,01,2008,501
lu.-21-ene-08,21-ene-08,01,2008,501
ma.-22-ene-08,22-ene-08,01,2008,508.375
mi.-23-ene-08,23-ene-08,01,2008,502
ju.-24-ene-08,24-ene-08,01,2008,498.375
vi.-25-ene-08,25-ene-08,01,2008,492.75
sá.-26-ene-08,26-ene-08,01,2008,492.75
do.-27-ene-08,27-ene-08,01,2008,492.75
lu.-28-ene-08,28-ene-08,01,2008,499.875
ma.-29-ene-08,29-ene-08,01,2008,495.625
mi.-30-ene-08,30-ene-08,01,2008,505.375
ju.-31-ene-08,31-ene-08,01,2008,509
vi.-01-feb-08,01-feb-08,02,2008,508.5
sá.-02-feb-08,02-feb-08,02,2008,508.5
do.-03-feb-08,03-feb-08,02,2008,508.5
lu.-04-feb-08,04-feb-08,02,2008,518.25
ma.-05-feb-08,05-feb-08,02,2008,523.125
mi.-06-feb-08,06-feb-08,02,2008,523.625
ju.-07-feb-08,07-feb-08,02,2008,525.875
vi.-08-feb-08,08-feb-08,02,2008,535
sá.-09-feb-08,09-feb-08,02,2008,535
do.-10-feb-08,10-feb-08,02,2008,535
lu.-11-feb-08,11-feb-08,02,2008,533.375
ma.-12-feb-08,12-feb-08,02,2008,535
mi.-13-feb-08,13-feb-08,02,2008,539
ju.-14-feb-08,14-feb-08,02,2008,555.125
vi.-15-feb-08,15-feb-08,02,2008,539.75
sá.-16-feb-08,16-feb-08,02,2008,539.75
do.-17-feb-08,17-feb-08,02,2008,539.75
lu.-18-feb-08,18-feb-08,02,2008,539.75
ma.-19-feb-08,19-feb-08,02,2008,554.875
mi.-20-feb-08,20-feb-08,02,2008,560.5
ju.-21-feb-08,21-feb-08,02,2008,560.625
vi.-22-feb-08,22-feb-08,02,2008,571.375
sá.-23-feb-08,23-feb-08,02,2008,571.375
do.-24-feb-08,24-feb-08,02,2008,571.375
lu.-25-feb-08,25-feb-08,02,2008,573.625
ma.-26-feb-08,26-feb-08,02,2008,561.125
mi.-27-feb-08,27-feb-08,02,2008,569.625
ju.-28-feb-08,28-feb-08,02,2008,576.5
vi.-29-feb-08,29-feb-08,02,2008,570.625
sá.-01-mar-08,01-mar-08,03,2008,570.625
do.-02-mar-08,02-mar-08,03,2008,570.625
lu.-03-mar-08,03-mar-08,03,2008,575.375
ma.-04-mar-08,04-mar-08,03,2008,567.75
mi.-05-mar-08,05-mar-08,03,2008,572
ju.-06-mar-08,06-mar-08,03,2008,545.875
vi.-07-mar-08,07-mar-08,03,2008,527.25
sá.-08-mar-08,08-mar-08,03,2008,527.25
do.-09-mar-08,09-mar-08,03,2008,527.25
lu.-10-mar-08,10-mar-08,03,2008,524.125
ma.-11-mar-08,11-mar-08,03,2008,527.625
mi.-12-mar-08,12-mar-08,03,2008,529.75
ju.-13-mar-08,13-mar-08,03,2008,548.125
vi.-14-mar-08,14-mar-08,03,2008,509.875
sá.-15-mar-08,15-mar-08,03,2008,509.875
do.-16-mar-08,16-mar-08,03,2008,509.875
lu.-17-mar-08,17-mar-08,03,2008,462.125
ma.-18-mar-08,18-mar-08,03,2008,458.125
mi.-19-mar-08,19-mar-08,03,2008,449.125
ju.-20-mar-08,20-mar-08,03,2008,441.25
vi.-21-mar-08,21-mar-08,03,2008,441.25
sá.-22-mar-08,22-mar-08,03,2008,441.25
do.-23-mar-08,23-mar-08,03,2008,441.25
lu.-24-mar-08,24-mar-08,03,2008,433.25
ma.-25-mar-08,25-mar-08,03,2008,451.75
mi.-26-mar-08,26-mar-08,03,2008,446.625
ju.-27-mar-08,27-mar-08,03,2008,445.25
vi.-28-mar-08,28-mar-08,03,2008,443.625
sá.-29-mar-08,29-mar-08,03,2008,443.625
do.-30-mar-08,30-mar-08,03,2008,443.625
lu.-31-mar-08,31-mar-08,03,2008,430.125
ma.-01-abr-08,01-abr-08,04,2008,438
mi.-02-abr-08,02-abr-08,04,2008,435.375
ju.-03-abr-08,03-abr-08,04,2008,444.625
vi.-04-abr-08,04-abr-08,04,2008,445.625
sá.-05-abr-08,05-abr-08,04,2008,445.625
do.-06-abr-08,06-abr-08,04,2008,445.625
lu.-07-abr-08,07-abr-08,04,2008,450.875
ma.-08-abr-08,08-abr-08,04,2008,447.125
mi.-09-abr-08,09-abr-08,04,2008,458.125
ju.-10-abr-08,10-abr-08,04,2008,432.125
vi.-11-abr-08,11-abr-08,04,2008,435.5
sá.-12-abr-08,12-abr-08,04,2008,435.5
do.-13-abr-08,13-abr-08,04,2008,435.5
lu.-14-abr-08,14-abr-08,04,2008,435
ma.-15-abr-08,15-abr-08,04,2008,447.5
mi.-16-abr-08,16-abr-08,04,2008,449.625
ju.-17-abr-08,17-abr-08,04,2008,466.25
vi.-18-abr-08,18-abr-08,04,2008,445.875
sá.-19-abr-08,19-abr-08,04,2008,445.875
do.-20-abr-08,20-abr-08,04,2008,445.875
lu.-21-abr-08,21-abr-08,04,2008,432.25
ma.-22-abr-08,22-abr-08,04,2008,442.75
mi.-23-abr-08,23-abr-08,04,2008,437.625
ju.-24-abr-08,24-abr-08,04,2008,422
vi.-25-abr-08,25-abr-08,04,2008,423
sá.-26-abr-08,26-abr-08,04,2008,423
do.-27-abr-08,27-abr-08,04,2008,423
lu.-28-abr-08,28-abr-08,04,2008,432.875
ma.-29-abr-08,29-abr-08,04,2008,440
mi.-30-abr-08,30-abr-08,04,2008,435.125
ju.-01-may-08,01-may-08,05,2008,413.75
vi.-02-may-08,02-may-08,05,2008,411.25
sá.-03-may-08,03-may-08,05,2008,411.25
do.-04-may-08,04-may-08,05,2008,411.25
lu.-05-may-08,05-may-08,05,2008,423.25
ma.-06-may-08,06-may-08,05,2008,429.625
mi.-07-may-08,07-may-08,05,2008,427.375
ju.-08-may-08,08-may-08,05,2008,437.25
vi.-09-may-08,09-may-08,05,2008,444.5
sá.-10-may-08,10-may-08,05,2008,444.5
do.-11-may-08,11-may-08,05,2008,444.5
lu.-12-may-08,12-may-08,05,2008,451.625
ma.-13-may-08,13-may-08,05,2008,446.75
mi.-14-may-08,14-may-08,05,2008,450.25
ju.-15-may-08,15-may-08,05,2008,447.5
vi.-16-may-08,16-may-08,05,2008,450
sá.-17-may-08,17-may-08,05,2008,450
do.-18-may-08,18-may-08,05,2008,450
lu.-19-may-08,19-may-08,05,2008,438.875
ma.-20-may-08,20-may-08,05,2008,446.625
mi.-21-may-08,21-may-08,05,2008,459
ju.-22-may-08,22-may-08,05,2008,433.625
vi.-23-may-08,23-may-08,05,2008,433.625
sá.-24-may-08,24-may-08,05,2008,433.625
do.-25-may-08,25-may-08,05,2008,433.625
lu.-26-may-08,26-may-08,05,2008,433.625
ma.-27-may-08,27-may-08,05,2008,424.375
mi.-28-may-08,28-may-08,05,2008,436.875
ju.-29-may-08,29-may-08,05,2008,418.375
vi.-30-may-08,30-may-08,05,2008,425.25
sá.-31-may-08,31-may-08,05,2008,425.25
do.-01-jun-08,01-jun-08,06,2008,425.25
lu.-02-jun-08,02-jun-08,06,2008,437.125
ma.-03-jun-08,03-jun-08,06,2008,415.75
mi.-04-jun-08,04-jun-08,06,2008,415.625
ju.-05-jun-08,05-jun-08,06,2008,425.375
vi.-06-jun-08,06-jun-08,06,2008,421.75
sá.-07-jun-08,07-jun-08,06,2008,421.75
do.-08-jun-08,08-jun-08,06,2008,421.75
lu.-09-jun-08,09-jun-08,06,2008,405.125
ma.-10-jun-08,10-jun-08,06,2008,423.25
mi.-11-jun-08,11-jun-08,06,2008,419.875
ju.-12-jun-08,12-jun-08,06,2008,424
vi.-13-jun-08,13-jun-08,06,2008,433.375
sá.-14-jun-08,14-jun-08,06,2008,433.375
do.-15-jun-08,15-jun-08,06,2008,433.375
lu.-16-jun-08,16-jun-08,06,2008,433.125
ma.-17-jun-08,17-jun-08,06,2008,436.625
mi.-18-jun-08,18-jun-08,06,2008,433.625
ju.-19-jun-08,19-jun-08,06,2008,436.875
vi.-20-jun-08,20-jun-08,06,2008,460.625
sá.-21-jun-08,21-jun-08,06,2008,460.625
do.-22-jun-08,22-jun-08,06,2008,460.625
lu.-23-jun-08,23-jun-08,06,2008,475.875
ma.-24-jun-08,24-jun-08,06,2008,488
mi.-25-jun-08,25-jun-08,06,2008,500.25
ju.-26-jun-08,26-jun-08,06,2008,538.25
vi.-27-jun-08,27-jun-08,06,2008,540.75
sá.-28-jun-08,28-jun-08,06,2008,540.75
do.-29-jun-08,29-jun-08,06,2008,540.75
lu.-30-jun-08,30-jun-08,06,2008,550.25
ma.-01-jul-08,01-jul-08,07,2008,541.25
mi.-02-jul-08,02-jul-08,07,2008,517.375
ju.-03-jul-08,03-jul-08,07,2008,489.625
vi.-04-jul-08,04-jul-08,07,2008,489.625
sá.-05-jul-08,05-jul-08,07,2008,489.625
do.-06-jul-08,06-jul-08,07,2008,489.625
lu.-07-jul-08,07-jul-08,07,2008,467.625
ma.-08-jul-08,08-jul-08,07,2008,455.75
mi.-09-jul-08,09-jul-08,07,2008,445.75
ju.-10-jul-08,10-jul-08,07,2008,456.125
vi.-11-jul-08,11-jul-08,07,2008,465
sá.-12-jul-08,12-jul-08,07,2008,465
do.-13-jul-08,13-jul-08,07,2008,465
lu.-14-jul-08,14-jul-08,07,2008,463.125
ma.-15-jul-08,15-jul-08,07,2008,458.375
mi.-16-jul-08,16-jul-08,07,2008,459.875
ju.-17-jul-08,17-jul-08,07,2008,441.375
vi.-18-jul-08,18-jul-08,07,2008,457.375
sá.-19-jul-08,19-jul-08,07,2008,457.375
do.-20-jul-08,20-jul-08,07,2008,457.375
lu.-21-jul-08,21-jul-08,07,2008,453.875
ma.-22-jul-08,22-jul-08,07,2008,452.25
mi.-23-jul-08,23-jul-08,07,2008,438.5
ju.-24-jul-08,24-jul-08,07,2008,441.375
vi.-25-jul-08,25-jul-08,07,2008,450.75
sá.-26-jul-08,26-jul-08,07,2008,450.75
do.-27-jul-08,27-jul-08,07,2008,450.75
lu.-28-jul-08,28-jul-08,07,2008,443.5
ma.-29-jul-08,29-jul-08,07,2008,447
mi.-30-jul-08,30-jul-08,07,2008,456.875
ju.-31-jul-08,31-jul-08,07,2008,460.125
vi.-01-ago-08,01-ago-08,08,2008,467.875
sá.-02-ago-08,02-ago-08,08,2008,467.875
do.-03-ago-08,03-ago-08,08,2008,467.875
lu.-04-ago-08,04-ago-08,08,2008,458.625
ma.-05-ago-08,05-ago-08,08,2008,487.25
mi.-06-ago-08,06-ago-08,08,2008,480.625
ju.-07-ago-08,07-ago-08,08,2008,491.125
vi.-08-ago-08,08-ago-08,08,2008,480.375
sá.-09-ago-08,09-ago-08,08,2008,480.375
do.-10-ago-08,10-ago-08,08,2008,480.375
lu.-11-ago-08,11-ago-08,08,2008,490.125
ma.-12-ago-08,12-ago-08,08,2008,494.875
mi.-13-ago-08,13-ago-08,08,2008,490.875
ju.-14-ago-08,14-ago-08,08,2008,494.125
vi.-15-ago-08,15-ago-08,08,2008,487.125
sá.-16-ago-08,16-ago-08,08,2008,487.125
do.-17-ago-08,17-ago-08,08,2008,487.125
lu.-18-ago-08,18-ago-08,08,2008,495.125
ma.-19-ago-08,19-ago-08,08,2008,504.625
mi.-20-ago-08,20-ago-08,08,2008,508.375
ju.-21-ago-08,21-ago-08,08,2008,511
vi.-22-ago-08,22-ago-08,08,2008,515
sá.-23-ago-08,23-ago-08,08,2008,515
do.-24-ago-08,24-ago-08,08,2008,515
lu.-25-ago-08,25-ago-08,08,2008,515
ma.-26-ago-08,26-ago-08,08,2008,536.875
mi.-27-ago-08,27-ago-08,08,2008,534.125
ju.-28-ago-08,28-ago-08,08,2008,540.875
vi.-29-ago-08,29-ago-08,08,2008,537.75
sá.-30-ago-08,30-ago-08,08,2008,537.75
do.-31-ago-08,31-ago-08,08,2008,537.75
lu.-01-sep-08,01-sep-08,09,2008,537.75
ma.-02-sep-08,02-sep-08,09,2008,544.375
mi.-03-sep-08,03-sep-08,09,2008,547.75
ju.-04-sep-08,04-sep-08,09,2008,572.875
vi.-05-sep-08,05-sep-08,09,2008,551.375
sá.-06-sep-08,06-sep-08,09,2008,551.375
do.-07-sep-08,07-sep-08,09,2008,551.375
lu.-08-sep-08,08-sep-08,09,2008,559.5
ma.-09-sep-08,09-sep-08,09,2008,552.375
mi.-10-sep-08,10-sep-08,09,2008,549.75
ju.-11-sep-08,11-sep-08,09,2008,545.875
vi.-12-sep-08,12-sep-08,09,2008,541.5
sá.-13-sep-08,13-sep-08,09,2008,541.5
do.-14-sep-08,14-sep-08,09,2008,541.5
lu.-15-sep-08,15-sep-08,09,2008,543
ma.-16-sep-08,16-sep-08,09,2008,532.125
mi.-17-sep-08,17-sep-08,09,2008,546.5
ju.-18-sep-08,18-sep-08,09,2008,547.625
vi.-19-sep-08,19-sep-08,09,2008,521.75
sá.-20-sep-08,20-sep-08,09,2008,521.75
do.-21-sep-08,21-sep-08,09,2008,521.75
lu.-22-sep-08,22-sep-08,09,2008,529
ma.-23-sep-08,23-sep-08,09,2008,541.125
mi.-24-sep-08,24-sep-08,09,2008,554.875
ju.-25-sep-08,25-sep-08,09,2008,544.625
vi.-26-sep-08,26-sep-08,09,2008,534.5
sá.-27-sep-08,27-sep-08,09,2008,534.5
do.-28-sep-08,28-sep-08,09,2008,534.5
lu.-29-sep-08,29-sep-08,09,2008,535.25
ma.-30-sep-08,30-sep-08,09,2008,539.625
mi.-01-oct-08,01-oct-08,10,2008,524.375
ju.-02-oct-08,02-oct-08,10,2008,516.25
vi.-03-oct-08,03-oct-08,10,2008,504.625
sá.-04-oct-08,04-oct-08,10,2008,504.625
do.-05-oct-08,05-oct-08,10,2008,504.625
lu.-06-oct-08,06-oct-08,10,2008,501.375
ma.-07-oct-08,07-oct-08,10,2008,501.5
mi.-08-oct-08,08-oct-08,10,2008,506
ju.-09-oct-08,09-oct-08,10,2008,497
vi.-10-oct-08,10-oct-08,10,2008,530
sá.-11-oct-08,11-oct-08,10,2008,530
do.-12-oct-08,12-oct-08,10,2008,530
lu.-13-oct-08,13-oct-08,10,2008,520.875
ma.-14-oct-08,14-oct-08,10,2008,511.5
mi.-15-oct-08,15-oct-08,10,2008,501.625
ju.-16-oct-08,16-oct-08,10,2008,501.125
vi.-17-oct-08,17-oct-08,10,2008,540
sá.-18-oct-08,18-oct-08,10,2008,540
do.-19-oct-08,19-oct-08,10,2008,540
lu.-20-oct-08,20-oct-08,10,2008,515.375
ma.-21-oct-08,21-oct-08,10,2008,502
mi.-22-oct-08,22-oct-08,10,2008,506.25
ju.-23-oct-08,23-oct-08,10,2008,501.25
vi.-24-oct-08,24-oct-08,10,2008,540
sá.-25-oct-08,25-oct-08,10,2008,540
do.-26-oct-08,26-oct-08,10,2008,540
lu.-27-oct-08,27-oct-08,10,2008,491.75
ma.-28-oct-08,28-oct-08,10,2008,492.075
mi.-29-oct-08,29-oct-08,10,2008,504.75
ju.-30-oct-08,30-oct-08,10,2008,502.625
vi.-31-oct-08,31-oct-08,10,2008,550.375
sá.-01-nov-08,01-nov-08,11,2008,550.375
do.-02-nov-08,02-nov-08,11,2008,550.375
lu.-03-nov-08,03-nov-08,11,2008,511.625
ma.-04-nov-08,04-nov-08,11,2008,521.75
mi.-05-nov-08,05-nov-08,11,2008,511.125
ju.-06-nov-08,06-nov-08,11,2008,498.375
vi.-07-nov-08,07-nov-08,11,2008,540.375
sá.-08-nov-08,08-nov-08,11,2008,540.375
do.-09-nov-08,09-nov-08,11,2008,540.375
lu.-10-nov-08,10-nov-08,11,2008,496.625
ma.-11-nov-08,11-nov-08,11,2008,515.25
mi.-12-nov-08,12-nov-08,11,2008,517
ju.-13-nov-08,13-nov-08,11,2008,514.625
vi.-14-nov-08,14-nov-08,11,2008,535
sá.-15-nov-08,15-nov-08,11,2008,535
do.-16-nov-08,16-nov-08,11,2008,535
lu.-17-nov-08,17-nov-08,11,2008,503.875
ma.-18-nov-08,18-nov-08,11,2008,507.75
mi.-19-nov-08,19-nov-08,11,2008,510.125
ju.-20-nov-08,20-nov-08,11,2008,496.75
vi.-21-nov-08,21-nov-08,11,2008,530
sá.-22-nov-08,22-nov-08,11,2008,530
do.-23-nov-08,23-nov-08,11,2008,530
lu.-24-nov-08,24-nov-08,11,2008,530
ma.-25-nov-08,25-nov-08,11,2008,505.5
mi.-26-nov-08,26-nov-08,11,2008,518.125
ju.-27-nov-08,27-nov-08,11,2008,518.125
vi.-28-nov-08,28-nov-08,11,2008,541.375
sá.-29-nov-08,29-nov-08,11,2008,541.375
do.-30-nov-08,30-nov-08,11,2008,541.375
lu.-01-dic-08,01-dic-08,12,2008,514.75
ma.-02-dic-08,02-dic-08,12,2008,506
mi.-03-dic-08,03-dic-08,12,2008,503
ju.-04-dic-08,04-dic-08,12,2008,480
vi.-05-dic-08,05-dic-08,12,2008,491.875
sá.-06-dic-08,06-dic-08,12,2008,491.875
do.-07-dic-08,07-dic-08,12,2008,491.875
lu.-08-dic-08,08-dic-08,12,2008,499
ma.-09-dic-08,09-dic-08,12,2008,494.5
mi.-10-dic-08,10-dic-08,12,2008,500.375
ju.-11-dic-08,11-dic-08,12,2008,499.375
vi.-12-dic-08,12-dic-08,12,2008,541.25
sá.-13-dic-08,13-dic-08,12,2008,541.25
do.-14-dic-08,14-dic-08,12,2008,541.25
lu.-15-dic-08,15-dic-08,12,2008,485.5
ma.-16-dic-08,16-dic-08,12,2008,479.375
mi.-17-dic-08,17-dic-08,12,2008,475.375
ju.-18-dic-08,18-dic-08,12,2008,475
vi.-19-dic-08,19-dic-08,12,2008,526.25
sá.-20-dic-08,20-dic-08,12,2008,526.25
do.-21-dic-08,21-dic-08,12,2008,526.25
lu.-22-dic-08,22-dic-08,12,2008,506
ma.-23-dic-08,23-dic-08,12,2008,506.75
mi.-24-dic-08,24-dic-08,12,2008,512
ju.-25-dic-08,25-dic-08,12,2008,512
vi.-26-dic-08,26-dic-08,12,2008,525.375
sá.-27-dic-08,27-dic-08,12,2008,525.375
do.-28-dic-08,28-dic-08,12,2008,525.375
lu.-29-dic-08,29-dic-08,12,2008,516.5
ma.-30-dic-08,30-dic-08,12,2008,521.75
mi.-31-dic-08,31-dic-08,12,2008,544.625
ju.-01-ene-09,01-ene-09,01,2009,544.625
vi.-02-ene-09,02-ene-09,01,2009,540.375
sá.-03-ene-09,03-ene-09,01,2009,540.375
do.-04-ene-09,04-ene-09,01,2009,540.375
lu.-05-ene-09,05-ene-09,01,2009,515
ma.-06-ene-09,06-ene-09,01,2009,545
mi.-07-ene-09,07-ene-09,01,2009,540.875
ju.-08-ene-09,08-ene-09,01,2009,537.875
vi.-09-ene-09,09-ene-09,01,2009,565.875
sá.-10-ene-09,10-ene-09,01,2009,565.875
do.-11-ene-09,11-ene-09,01,2009,565.875
lu.-12-ene-09,12-ene-09,01,2009,544.5
ma.-13-ene-09,13-ene-09,01,2009,547
mi.-14-ene-09,14-ene-09,01,2009,551.25
ju.-15-ene-09,15-ene-09,01,2009,549.375
vi.-16-ene-09,16-ene-09,01,2009,565
sá.-17-ene-09,17-ene-09,01,2009,565
do.-18-ene-09,18-ene-09,01,2009,565
lu.-19-ene-09,19-ene-09,01,2009,565
ma.-20-ene-09,20-ene-09,01,2009,553.375
mi.-21-ene-09,21-ene-09,01,2009,566
ju.-22-ene-09,22-ene-09,01,2009,577.375
vi.-23-ene-09,23-ene-09,01,2009,590
sá.-24-ene-09,24-ene-09,01,2009,590
do.-25-ene-09,25-ene-09,01,2009,590
lu.-26-ene-09,26-ene-09,01,2009,599
ma.-27-ene-09,27-ene-09,01,2009,620.75
mi.-28-ene-09,28-ene-09,01,2009,633
ju.-29-ene-09,29-ene-09,01,2009,639.25
vi.-30-ene-09,30-ene-09,01,2009,640
sá.-31-ene-09,31-ene-09,01,2009,640
do.-01-feb-09,01-feb-09,02,2009,640
lu.-02-feb-09,02-feb-09,02,2009,643.5
ma.-03-feb-09,03-feb-09,02,2009,644.125
mi.-04-feb-09,04-feb-09,02,2009,630.375
ju.-05-feb-09,05-feb-09,02,2009,640.625
vi.-06-feb-09,06-feb-09,02,2009,646.75
sá.-07-feb-09,07-feb-09,02,2009,646.75
do.-08-feb-09,08-feb-09,02,2009,646.75
lu.-09-feb-09,09-feb-09,02,2009,655.625
ma.-10-feb-09,10-feb-09,02,2009,642.875
mi.-11-feb-09,11-feb-09,02,2009,647.875
ju.-12-feb-09,12-feb-09,02,2009,626.5
vi.-13-feb-09,13-feb-09,02,2009,621.75
sá.-14-feb-09,14-feb-09,02,2009,621.75
do.-15-feb-09,15-feb-09,02,2009,621.75
lu.-16-feb-09,16-feb-09,02,2009,621.75
ma.-17-feb-09,17-feb-09,02,2009,625.5
mi.-18-feb-09,18-feb-09,02,2009,627.625
ju.-19-feb-09,19-feb-09,02,2009,633.75
vi.-20-feb-09,20-feb-09,02,2009,640.125
sá.-21-feb-09,21-feb-09,02,2009,640.125
do.-22-feb-09,22-feb-09,02,2009,640.125
lu.-23-feb-09,23-feb-09,02,2009,645.875
ma.-24-feb-09,24-feb-09,02,2009,647.625
mi.-25-feb-09,25-feb-09,02,2009,643.375
ju.-26-feb-09,26-feb-09,02,2009,637.25
vi.-27-feb-09,27-feb-09,02,2009,650.75
sá.-28-feb-09,28-feb-09,02,2009,650.75
do.-01-mar-09,01-mar-09,03,2009,650.75
lu.-02-mar-09,02-mar-09,03,2009,634.5
ma.-03-mar-09,03-mar-09,03,2009,644.375
mi.-04-mar-09,04-mar-09,03,2009,644.75
ju.-05-mar-09,05-mar-09,03,2009,641.625
vi.-06-mar-09,06-mar-09,03,2009,633
sá.-07-mar-09,07-mar-09,03,2009,633
do.-08-mar-09,08-mar-09,03,2009,633
lu.-09-mar-09,09-mar-09,03,2009,628.625
ma.-10-mar-09,10-mar-09,03,2009,618.875
mi.-11-mar-09,11-mar-09,03,2009,620.75
ju.-12-mar-09,12-mar-09,03,2009,627.375
vi.-13-mar-09,13-mar-09,03,2009,631.5
sá.-14-mar-09,14-mar-09,03,2009,631.5
do.-15-mar-09,15-mar-09,03,2009,631.5
lu.-16-mar-09,16-mar-09,03,2009,607.25
ma.-17-mar-09,17-mar-09,03,2009,611.25
mi.-18-mar-09,18-mar-09,03,2009,619.5
ju.-19-mar-09,19-mar-09,03,2009,634
vi.-20-mar-09,20-mar-09,03,2009,685
sá.-21-mar-09,21-mar-09,03,2009,685
do.-22-mar-09,22-mar-09,03,2009,685
lu.-23-mar-09,23-mar-09,03,2009,687.25
ma.-24-mar-09,24-mar-09,03,2009,694
mi.-25-mar-09,25-mar-09,03,2009,706.5
ju.-26-mar-09,26-mar-09,03,2009,716.25
vi.-27-mar-09,27-mar-09,03,2009,720.75
sá.-28-mar-09,28-mar-09,03,2009,720.75
do.-29-mar-09,29-mar-09,03,2009,720.75
lu.-30-mar-09,30-mar-09,03,2009,733.5
ma.-31-mar-09,31-mar-09,03,2009,740.375
mi.-01-abr-09,01-abr-09,04,2009,717.75
ju.-02-abr-09,02-abr-09,04,2009,712.625
vi.-03-abr-09,03-abr-09,04,2009,750.125
sá.-04-abr-09,04-abr-09,04,2009,750.125
do.-05-abr-09,05-abr-09,04,2009,750.125
lu.-06-abr-09,06-abr-09,04,2009,732.25
ma.-07-abr-09,07-abr-09,04,2009,745.625
mi.-08-abr-09,08-abr-09,04,2009,747.5
ju.-09-abr-09,09-abr-09,04,2009,755
vi.-10-abr-09,10-abr-09,04,2009,755
sá.-11-abr-09,11-abr-09,04,2009,755
do.-12-abr-09,12-abr-09,04,2009,755
lu.-13-abr-09,13-abr-09,04,2009,724.125
ma.-14-abr-09,14-abr-09,04,2009,726.375
mi.-15-abr-09,15-abr-09,04,2009,758.125
ju.-16-abr-09,16-abr-09,04,2009,762.75
vi.-17-abr-09,17-abr-09,04,2009,791.375
sá.-18-abr-09,18-abr-09,04,2009,791.375
do.-19-abr-09,19-abr-09,04,2009,791.375
lu.-20-abr-09,20-abr-09,04,2009,792.375
ma.-21-abr-09,21-abr-09,04,2009,779.375
mi.-22-abr-09,22-abr-09,04,2009,790.125
ju.-23-abr-09,23-abr-09,04,2009,788
vi.-24-abr-09,24-abr-09,04,2009,800.125
sá.-25-abr-09,25-abr-09,04,2009,800.125
do.-26-abr-09,26-abr-09,04,2009,800.125
lu.-27-abr-09,27-abr-09,04,2009,784.75
ma.-28-abr-09,28-abr-09,04,2009,785.125
mi.-29-abr-09,29-abr-09,04,2009,785
ju.-30-abr-09,30-abr-09,04,2009,785.125
vi.-01-may-09,01-may-09,05,2009,801.875
sá.-02-may-09,02-may-09,05,2009,801.875
do.-03-may-09,03-may-09,05,2009,801.875
lu.-04-may-09,04-may-09,05,2009,800.875
ma.-05-may-09,05-may-09,05,2009,800.375
mi.-06-may-09,06-may-09,05,2009,800
ju.-07-may-09,07-may-09,05,2009,795.25
vi.-08-may-09,08-may-09,05,2009,815.125
sá.-09-may-09,09-may-09,05,2009,815.125
do.-10-may-09,10-may-09,05,2009,815.125
lu.-11-may-09,11-may-09,05,2009,816
ma.-12-may-09,12-may-09,05,2009,815
mi.-13-may-09,13-may-09,05,2009,810
ju.-14-may-09,14-may-09,05,2009,820.125
vi.-15-may-09,15-may-09,05,2009,880.375
sá.-16-may-09,16-may-09,05,2009,880.375
do.-17-may-09,17-may-09,05,2009,880.375
lu.-18-may-09,18-may-09,05,2009,850
ma.-19-may-09,19-may-09,05,2009,875
mi.-20-may-09,20-may-09,05,2009,872.875
ju.-21-may-09,21-may-09,05,2009,873
vi.-22-may-09,22-may-09,05,2009,865.125
sá.-23-may-09,23-may-09,05,2009,865.125
do.-24-may-09,24-may-09,05,2009,865.125
lu.-25-may-09,25-may-09,05,2009,850.125
ma.-26-may-09,26-may-09,05,2009,860
mi.-27-may-09,27-may-09,05,2009,850
ju.-28-may-09,28-may-09,05,2009,840
vi.-29-may-09,29-may-09,05,2009,825
sá.-30-may-09,30-may-09,05,2009,825
do.-31-may-09,31-may-09,05,2009,825
lu.-01-jun-09,01-jun-09,06,2009,825
ma.-02-jun-09,02-jun-09,06,2009,819.875
mi.-03-jun-09,03-jun-09,06,2009,760
ju.-04-jun-09,04-jun-09,06,2009,750.125
vi.-05-jun-09,05-jun-09,06,2009,696.875
sá.-06-jun-09,06-jun-09,06,2009,696.875
do.-07-jun-09,07-jun-09,06,2009,696.875
lu.-08-jun-09,08-jun-09,06,2009,684.75
ma.-09-jun-09,09-jun-09,06,2009,676.625
mi.-10-jun-09,10-jun-09,06,2009,668.375
ju.-11-jun-09,11-jun-09,06,2009,658.75
vi.-12-jun-09,12-jun-09,06,2009,635.75
sá.-13-jun-09,13-jun-09,06,2009,635.75
do.-14-jun-09,14-jun-09,06,2009,635.75
lu.-15-jun-09,15-jun-09,06,2009,601.375
ma.-16-jun-09,16-jun-09,06,2009,612.75
mi.-17-jun-09,17-jun-09,06,2009,607.625
ju.-18-jun-09,18-jun-09,06,2009,625.125
vi.-19-jun-09,19-jun-09,06,2009,629.5
sá.-20-jun-09,20-jun-09,06,2009,629.5
do.-21-jun-09,21-jun-09,06,2009,629.5
lu.-22-jun-09,22-jun-09,06,2009,632.125
ma.-23-jun-09,23-jun-09,06,2009,635.75
mi.-24-jun-09,24-jun-09,06,2009,645.5
ju.-25-jun-09,25-jun-09,06,2009,633
vi.-26-jun-09,26-jun-09,06,2009,655.375
sá.-27-jun-09,27-jun-09,06,2009,655.375
do.-28-jun-09,28-jun-09,06,2009,655.375
lu.-29-jun-09,29-jun-09,06,2009,655.375
ma.-30-jun-09,30-jun-09,06,2009,648.875
mi.-01-jul-09,01-jul-09,07,2009,627.5
ju.-02-jul-09,02-jul-09,07,2009,638.75
vi.-03-jul-09,03-jul-09,07,2009,673.5
sá.-04-jul-09,04-jul-09,07,2009,673.5
do.-05-jul-09,05-jul-09,07,2009,673.5
lu.-06-jul-09,06-jul-09,07,2009,658.625
ma.-07-jul-09,07-jul-09,07,2009,654.125
mi.-08-jul-09,08-jul-09,07,2009,652
ju.-09-jul-09,09-jul-09,07,2009,654
vi.-10-jul-09,10-jul-09,07,2009,652
sá.-11-jul-09,11-jul-09,07,2009,652
do.-12-jul-09,12-jul-09,07,2009,652
lu.-13-jul-09,13-jul-09,07,2009,639.375
ma.-14-jul-09,14-jul-09,07,2009,631.125
mi.-15-jul-09,15-jul-09,07,2009,634.25
ju.-16-jul-09,16-jul-09,07,2009,622.625
vi.-17-jul-09,17-jul-09,07,2009,631.375
sá.-18-jul-09,18-jul-09,07,2009,631.375
do.-19-jul-09,19-jul-09,07,2009,631.375
lu.-20-jul-09,20-jul-09,07,2009,633.125
ma.-21-jul-09,21-jul-09,07,2009,638
mi.-22-jul-09,22-jul-09,07,2009,625.625
ju.-23-jul-09,23-jul-09,07,2009,630.125
vi.-24-jul-09,24-jul-09,07,2009,624.625
sá.-25-jul-09,25-jul-09,07,2009,624.625
do.-26-jul-09,26-jul-09,07,2009,624.625
lu.-27-jul-09,27-jul-09,07,2009,633.875
ma.-28-jul-09,28-jul-09,07,2009,636.5
mi.-29-jul-09,29-jul-09,07,2009,653.875
ju.-30-jul-09,30-jul-09,07,2009,650.125
vi.-31-jul-09,31-jul-09,07,2009,652.625
sá.-01-ago-09,01-ago-09,08,2009,652.625
do.-02-ago-09,02-ago-09,08,2009,652.625
lu.-03-ago-09,03-ago-09,08,2009,652.625
ma.-04-ago-09,04-ago-09,08,2009,652.625
mi.-05-ago-09,05-ago-09,08,2009,680.5
ju.-06-ago-09,06-ago-09,08,2009,700.125
vi.-07-ago-09,07-ago-09,08,2009,705.125
sá.-08-ago-09,08-ago-09,08,2009,705.125
do.-09-ago-09,09-ago-09,08,2009,705.125
lu.-10-ago-09,10-ago-09,08,2009,705.75
ma.-11-ago-09,11-ago-09,08,2009,709.875
mi.-12-ago-09,12-ago-09,08,2009,705.125
ju.-13-ago-09,13-ago-09,08,2009,692.875
vi.-14-ago-09,14-ago-09,08,2009,687.875
sá.-15-ago-09,15-ago-09,08,2009,687.875
do.-16-ago-09,16-ago-09,08,2009,687.875
lu.-17-ago-09,17-ago-09,08,2009,668.125
ma.-18-ago-09,18-ago-09,08,2009,678.75
mi.-19-ago-09,19-ago-09,08,2009,679.875
ju.-20-ago-09,20-ago-09,08,2009,669.375
vi.-21-ago-09,21-ago-09,08,2009,660.125
sá.-22-ago-09,22-ago-09,08,2009,660.125
do.-23-ago-09,23-ago-09,08,2009,660.125
lu.-24-ago-09,24-ago-09,08,2009,650
ma.-25-ago-09,25-ago-09,08,2009,647.625
mi.-26-ago-09,26-ago-09,08,2009,659.625
ju.-27-ago-09,27-ago-09,08,2009,649.125
vi.-28-ago-09,28-ago-09,08,2009,645.25
sá.-29-ago-09,29-ago-09,08,2009,645.25
do.-30-ago-09,30-ago-09,08,2009,645.25
lu.-31-ago-09,31-ago-09,08,2009,645.625
ma.-01-sep-09,01-sep-09,09,2009,644.625
mi.-02-sep-09,02-sep-09,09,2009,644.25
ju.-03-sep-09,03-sep-09,09,2009,638.5
vi.-04-sep-09,04-sep-09,09,2009,639
sá.-05-sep-09,05-sep-09,09,2009,639
do.-06-sep-09,06-sep-09,09,2009,639
lu.-07-sep-09,07-sep-09,09,2009,634
ma.-08-sep-09,08-sep-09,09,2009,635
mi.-09-sep-09,09-sep-09,09,2009,633.5
ju.-10-sep-09,10-sep-09,09,2009,618.125
vi.-11-sep-09,11-sep-09,09,2009,609.875
sá.-12-sep-09,12-sep-09,09,2009,609.875
do.-13-sep-09,13-sep-09,09,2009,609.875
lu.-14-sep-09,14-sep-09,09,2009,633.5
ma.-15-sep-09,15-sep-09,09,2009,632.25
mi.-16-sep-09,16-sep-09,09,2009,624.125
ju.-17-sep-09,17-sep-09,09,2009,632.125
vi.-18-sep-09,18-sep-09,09,2009,628.875
sá.-19-sep-09,19-sep-09,09,2009,628.875
do.-20-sep-09,20-sep-09,09,2009,628.875
lu.-21-sep-09,21-sep-09,09,2009,619.375
ma.-22-sep-09,22-sep-09,09,2009,618.875
mi.-23-sep-09,23-sep-09,09,2009,610.375
ju.-24-sep-09,24-sep-09,09,2009,581.875
vi.-25-sep-09,25-sep-09,09,2009,568
sá.-26-sep-09,26-sep-09,09,2009,568
do.-27-sep-09,27-sep-09,09,2009,568
lu.-28-sep-09,28-sep-09,09,2009,561.375
ma.-29-sep-09,29-sep-09,09,2009,558.875
mi.-30-sep-09,30-sep-09,09,2009,555.625
ju.-01-oct-09,01-oct-09,10,2009,539.875
vi.-02-oct-09,02-oct-09,10,2009,550.125
sá.-03-oct-09,03-oct-09,10,2009,550.125
do.-04-oct-09,04-oct-09,10,2009,550.125
lu.-05-oct-09,05-oct-09,10,2009,549.75
ma.-06-oct-09,06-oct-09,10,2009,559.125
mi.-07-oct-09,07-oct-09,10,2009,554.25
ju.-08-oct-09,08-oct-09,10,2009,556.25
vi.-09-oct-09,09-oct-09,10,2009,551.375
sá.-10-oct-09,10-oct-09,10,2009,551.375
do.-11-oct-09,11-oct-09,10,2009,551.375
lu.-12-oct-09,12-oct-09,10,2009,555.875
ma.-13-oct-09,13-oct-09,10,2009,549.375
mi.-14-oct-09,14-oct-09,10,2009,553.5
ju.-15-oct-09,15-oct-09,10,2009,554.125
vi.-16-oct-09,16-oct-09,10,2009,578
sá.-17-oct-09,17-oct-09,10,2009,578
do.-18-oct-09,18-oct-09,10,2009,578
lu.-19-oct-09,19-oct-09,10,2009,585.875
ma.-20-oct-09,20-oct-09,10,2009,592.75
mi.-21-oct-09,21-oct-09,10,2009,594.75
ju.-22-oct-09,22-oct-09,10,2009,590.5
vi.-23-oct-09,23-oct-09,10,2009,563
sá.-24-oct-09,24-oct-09,10,2009,563
do.-25-oct-09,25-oct-09,10,2009,563
lu.-26-oct-09,26-oct-09,10,2009,569.625
ma.-27-oct-09,27-oct-09,10,2009,579.875
mi.-28-oct-09,28-oct-09,10,2009,584.375
ju.-29-oct-09,29-oct-09,10,2009,578.375
vi.-30-oct-09,30-oct-09,10,2009,580.5
sá.-31-oct-09,31-oct-09,10,2009,580.5
do.-01-nov-09,01-nov-09,11,2009,580.5
lu.-02-nov-09,02-nov-09,11,2009,600.25
ma.-03-nov-09,03-nov-09,11,2009,599
mi.-04-nov-09,04-nov-09,11,2009,595.125
ju.-05-nov-09,05-nov-09,11,2009,600.125
vi.-06-nov-09,06-nov-09,11,2009,599
sá.-07-nov-09,07-nov-09,11,2009,599
do.-08-nov-09,08-nov-09,11,2009,599
lu.-09-nov-09,09-nov-09,11,2009,599.5
ma.-10-nov-09,10-nov-09,11,2009,592
mi.-11-nov-09,11-nov-09,11,2009,585
ju.-12-nov-09,12-nov-09,11,2009,577.875
vi.-13-nov-09,13-nov-09,11,2009,580.25
sá.-14-nov-09,14-nov-09,11,2009,580.25
do.-15-nov-09,15-nov-09,11,2009,580.25
lu.-16-nov-09,16-nov-09,11,2009,600.125
ma.-17-nov-09,17-nov-09,11,2009,592.375
mi.-18-nov-09,18-nov-09,11,2009,590.875
ju.-19-nov-09,19-nov-09,11,2009,585.125
vi.-20-nov-09,20-nov-09,11,2009,575
sá.-21-nov-09,21-nov-09,11,2009,575
do.-22-nov-09,22-nov-09,11,2009,575
lu.-23-nov-09,23-nov-09,11,2009,579.5
ma.-24-nov-09,24-nov-09,11,2009,579.5
mi.-25-nov-09,25-nov-09,11,2009,588.625
ju.-26-nov-09,26-nov-09,11,2009,588.625
vi.-27-nov-09,27-nov-09,11,2009,610.125
sá.-28-nov-09,28-nov-09,11,2009,610.125
do.-29-nov-09,29-nov-09,11,2009,610.125
lu.-30-nov-09,30-nov-09,11,2009,620
ma.-01-dic-09,01-dic-09,12,2009,620
mi.-02-dic-09,02-dic-09,12,2009,640
ju.-03-dic-09,03-dic-09,12,2009,644.125
vi.-04-dic-09,04-dic-09,12,2009,638.625
sá.-05-dic-09,05-dic-09,12,2009,638.625
do.-06-dic-09,06-dic-09,12,2009,638.625
lu.-07-dic-09,07-dic-09,12,2009,648.125
ma.-08-dic-09,08-dic-09,12,2009,637.875
mi.-09-dic-09,09-dic-09,12,2009,645.125
ju.-10-dic-09,10-dic-09,12,2009,648.375
vi.-11-dic-09,11-dic-09,12,2009,650
sá.-12-dic-09,12-dic-09,12,2009,650
do.-13-dic-09,13-dic-09,12,2009,650
lu.-14-dic-09,14-dic-09,12,2009,660.125
ma.-15-dic-09,15-dic-09,12,2009,675.125
mi.-16-dic-09,16-dic-09,12,2009,700
ju.-17-dic-09,17-dic-09,12,2009,698.125
vi.-18-dic-09,18-dic-09,12,2009,700.5
sá.-19-dic-09,19-dic-09,12,2009,700.5
do.-20-dic-09,20-dic-09,12,2009,700.5
lu.-21-dic-09,21-dic-09,12,2009,706
ma.-22-dic-09,22-dic-09,12,2009,700
mi.-23-dic-09,23-dic-09,12,2009,699.75
ju.-24-dic-09,24-dic-09,12,2009,700
vi.-25-dic-09,25-dic-09,12,2009,700
sá.-26-dic-09,26-dic-09,12,2009,700
do.-27-dic-09,27-dic-09,12,2009,700
lu.-28-dic-09,28-dic-09,12,2009,695.375
ma.-29-dic-09,29-dic-09,12,2009,693
mi.-30-dic-09,30-dic-09,12,2009,693
ju.-31-dic-09,31-dic-09,12,2009,695.125
vi.-01-ene-10,01-ene-10,01,2010,695.125
sá.-02-ene-10,02-ene-10,01,2010,695.125
do.-03-ene-10,03-ene-10,01,2010,695.125
lu.-04-ene-10,04-ene-10,01,2010,705
ma.-05-ene-10,05-ene-10,01,2010,690
mi.-06-ene-10,06-ene-10,01,2010,687
ju.-07-ene-10,07-ene-10,01,2010,689
vi.-08-ene-10,08-ene-10,01,2010,700.625
sá.-09-ene-10,09-ene-10,01,2010,700.625
do.-10-ene-10,10-ene-10,01,2010,700.625
lu.-11-ene-10,11-ene-10,01,2010,694.625
ma.-12-ene-10,12-ene-10,01,2010,691.625
mi.-13-ene-10,13-ene-10,01,2010,715
ju.-14-ene-10,14-ene-10,01,2010,727.875
vi.-15-ene-10,15-ene-10,01,2010,729.625
sá.-16-ene-10,16-ene-10,01,2010,729.625
do.-17-ene-10,17-ene-10,01,2010,729.625
lu.-18-ene-10,18-ene-10,01,2010,729.625
ma.-19-ene-10,19-ene-10,01,2010,724.875
mi.-20-ene-10,20-ene-10,01,2010,715.125
ju.-21-ene-10,21-ene-10,01,2010,711.5
vi.-22-ene-10,22-ene-10,01,2010,740.5
sá.-23-ene-10,23-ene-10,01,2010,740.5
do.-24-ene-10,24-ene-10,01,2010,740.5
lu.-25-ene-10,25-ene-10,01,2010,741.5
ma.-26-ene-10,26-ene-10,01,2010,741.875
mi.-27-ene-10,27-ene-10,01,2010,730.25
ju.-28-ene-10,28-ene-10,01,2010,729
vi.-29-ene-10,29-ene-10,01,2010,732.375
sá.-30-ene-10,30-ene-10,01,2010,732.375
do.-31-ene-10,31-ene-10,01,2010,732.375
lu.-01-feb-10,01-feb-10,02,2010,720
ma.-02-feb-10,02-feb-10,02,2010,720.125
mi.-03-feb-10,03-feb-10,02,2010,720.375
ju.-04-feb-10,04-feb-10,02,2010,720.25
vi.-05-feb-10,05-feb-10,02,2010,720
sá.-06-feb-10,06-feb-10,02,2010,720
do.-07-feb-10,07-feb-10,02,2010,720
lu.-08-feb-10,08-feb-10,02,2010,722.125
ma.-09-feb-10,09-feb-10,02,2010,708.25
mi.-10-feb-10,10-feb-10,02,2010,699
ju.-11-feb-10,11-feb-10,02,2010,648.75
vi.-12-feb-10,12-feb-10,02,2010,633.25
sá.-13-feb-10,13-feb-10,02,2010,633.25
do.-14-feb-10,14-feb-10,02,2010,633.25
lu.-15-feb-10,15-feb-10,02,2010,613.25
ma.-16-feb-10,16-feb-10,02,2010,651.125
mi.-17-feb-10,17-feb-10,02,2010,660
ju.-18-feb-10,18-feb-10,02,2010,667.125
vi.-19-feb-10,19-feb-10,02,2010,667.125
sá.-20-feb-10,20-feb-10,02,2010,667.125
do.-21-feb-10,21-feb-10,02,2010,667.125
lu.-22-feb-10,22-feb-10,02,2010,652.125
ma.-23-feb-10,23-feb-10,02,2010,666
mi.-24-feb-10,24-feb-10,02,2010,675.125
ju.-25-feb-10,25-feb-10,02,2010,669.125
vi.-26-feb-10,26-feb-10,02,2010,675
sá.-27-feb-10,27-feb-10,02,2010,675
do.-28-feb-10,28-feb-10,02,2010,675
lu.-01-mar-10,01-mar-10,03,2010,677
ma.-02-mar-10,02-mar-10,03,2010,675
mi.-03-mar-10,03-mar-10,03,2010,689.25
ju.-04-mar-10,04-mar-10,03,2010,678.25
vi.-05-mar-10,05-mar-10,03,2010,675.5
sá.-06-mar-10,06-mar-10,03,2010,675.5
do.-07-mar-10,07-mar-10,03,2010,675.5
lu.-08-mar-10,08-mar-10,03,2010,681.375
ma.-09-mar-10,09-mar-10,03,2010,684.75
mi.-10-mar-10,10-mar-10,03,2010,682
ju.-11-mar-10,11-mar-10,03,2010,695.75
vi.-12-mar-10,12-mar-10,03,2010,696.625
sá.-13-mar-10,13-mar-10,03,2010,696.625
do.-14-mar-10,14-mar-10,03,2010,696.625
lu.-15-mar-10,15-mar-10,03,2010,692.375
ma.-16-mar-10,16-mar-10,03,2010,700.125
mi.-17-mar-10,17-mar-10,03,2010,700.225
ju.-18-mar-10,18-mar-10,03,2010,710
vi.-19-mar-10,19-mar-10,03,2010,693.125
sá.-20-mar-10,20-mar-10,03,2010,693.125
do.-21-mar-10,21-mar-10,03,2010,693.125
lu.-22-mar-10,22-mar-10,03,2010,694.875
ma.-23-mar-10,23-mar-10,03,2010,693.125
mi.-24-mar-10,24-mar-10,03,2010,687
ju.-25-mar-10,25-mar-10,03,2010,689.5
vi.-26-mar-10,26-mar-10,03,2010,687.875
sá.-27-mar-10,27-mar-10,03,2010,687.875
do.-28-mar-10,28-mar-10,03,2010,687.875
lu.-29-mar-10,29-mar-10,03,2010,687.875
ma.-30-mar-10,30-mar-10,03,2010,686.625
mi.-31-mar-10,31-mar-10,03,2010,672.25
ju.-01-abr-10,01-abr-10,04,2010,672.25
vi.-02-abr-10,02-abr-10,04,2010,672.25
sá.-03-abr-10,03-abr-10,04,2010,672.25
do.-04-abr-10,04-abr-10,04,2010,672.25
lu.-05-abr-10,05-abr-10,04,2010,680.625
ma.-06-abr-10,06-abr-10,04,2010,681.25
mi.-07-abr-10,07-abr-10,04,2010,681.375
ju.-08-abr-10,08-abr-10,04,2010,668
vi.-09-abr-10,09-abr-10,04,2010,666.125
sá.-10-abr-10,10-abr-10,04,2010,666.125
do.-11-abr-10,11-abr-10,04,2010,666.125
lu.-12-abr-10,12-abr-10,04,2010,664.375
ma.-13-abr-10,13-abr-10,04,2010,664.625
mi.-14-abr-10,14-abr-10,04,2010,665.5
ju.-15-abr-10,15-abr-10,04,2010,661
vi.-16-abr-10,16-abr-10,04,2010,659.25
sá.-17-abr-10,17-abr-10,04,2010,659.25
do.-18-abr-10,18-abr-10,04,2010,659.25
lu.-19-abr-10,19-abr-10,04,2010,650.625
ma.-20-abr-10,20-abr-10,04,2010,647.375
mi.-21-abr-10,21-abr-10,04,2010,649.25
ju.-22-abr-10,22-abr-10,04,2010,652.25
vi.-23-abr-10,23-abr-10,04,2010,641
sá.-24-abr-10,24-abr-10,04,2010,641
do.-25-abr-10,25-abr-10,04,2010,641
lu.-26-abr-10,26-abr-10,04,2010,640.5
ma.-27-abr-10,27-abr-10,04,2010,641.25
mi.-28-abr-10,28-abr-10,04,2010,658
ju.-29-abr-10,29-abr-10,04,2010,654.25
vi.-30-abr-10,30-abr-10,04,2010,657
sá.-01-may-10,01-may-10,05,2010,657
do.-02-may-10,02-may-10,05,2010,657
lu.-03-may-10,03-may-10,05,2010,672.125
ma.-04-may-10,04-may-10,05,2010,672.125
mi.-05-may-10,05-may-10,05,2010,674.625
ju.-06-may-10,06-may-10,05,2010,664.75
vi.-07-may-10,07-may-10,05,2010,675
sá.-08-may-10,08-may-10,05,2010,675
do.-09-may-10,09-may-10,05,2010,675
lu.-10-may-10,10-may-10,05,2010,657.5
ma.-11-may-10,11-may-10,05,2010,668
mi.-12-may-10,12-may-10,05,2010,670.125
ju.-13-may-10,13-may-10,05,2010,662.125
vi.-14-may-10,14-may-10,05,2010,681.5
sá.-15-may-10,15-may-10,05,2010,681.5
do.-16-may-10,16-may-10,05,2010,681.5
lu.-17-may-10,17-may-10,05,2010,673.875
ma.-18-may-10,18-may-10,05,2010,682.5
mi.-19-may-10,19-may-10,05,2010,681.125
ju.-20-may-10,20-may-10,05,2010,677.25
vi.-21-may-10,21-may-10,05,2010,681
sá.-22-may-10,22-may-10,05,2010,681
do.-23-may-10,23-may-10,05,2010,681
lu.-24-may-10,24-may-10,05,2010,674.75
ma.-25-may-10,25-may-10,05,2010,683.75
mi.-26-may-10,26-may-10,05,2010,684
ju.-27-may-10,27-may-10,05,2010,689.375
vi.-28-may-10,28-may-10,05,2010,692.75
sá.-29-may-10,29-may-10,05,2010,692.75
do.-30-may-10,30-may-10,05,2010,692.75
lu.-31-may-10,31-may-10,05,2010,692.75
ma.-01-jun-10,01-jun-10,06,2010,708.625
mi.-02-jun-10,02-jun-10,06,2010,710.875
ju.-03-jun-10,03-jun-10,06,2010,708.375
vi.-04-jun-10,04-jun-10,06,2010,716.125
sá.-05-jun-10,05-jun-10,06,2010,716.125
do.-06-jun-10,06-jun-10,06,2010,716.125
lu.-07-jun-10,07-jun-10,06,2010,713.375
ma.-08-jun-10,08-jun-10,06,2010,712.875
mi.-09-jun-10,09-jun-10,06,2010,709.625
ju.-10-jun-10,10-jun-10,06,2010,718
vi.-11-jun-10,11-jun-10,06,2010,746.625
sá.-12-jun-10,12-jun-10,06,2010,746.625
do.-13-jun-10,13-jun-10,06,2010,746.625
lu.-14-jun-10,14-jun-10,06,2010,755
ma.-15-jun-10,15-jun-10,06,2010,768.5
mi.-16-jun-10,16-jun-10,06,2010,751.25
ju.-17-jun-10,17-jun-10,06,2010,739.25
vi.-18-jun-10,18-jun-10,06,2010,761.375
sá.-19-jun-10,19-jun-10,06,2010,761.375
do.-20-jun-10,20-jun-10,06,2010,761.375
lu.-21-jun-10,21-jun-10,06,2010,742.5
ma.-22-jun-10,22-jun-10,06,2010,760.875
mi.-23-jun-10,23-jun-10,06,2010,765.25
ju.-24-jun-10,24-jun-10,06,2010,784.375
vi.-25-jun-10,25-jun-10,06,2010,787.25
sá.-26-jun-10,26-jun-10,06,2010,787.25
do.-27-jun-10,27-jun-10,06,2010,787.25
lu.-28-jun-10,28-jun-10,06,2010,810
ma.-29-jun-10,29-jun-10,06,2010,805
mi.-30-jun-10,30-jun-10,06,2010,810
ju.-01-jul-10,01-jul-10,07,2010,810
vi.-02-jul-10,02-jul-10,07,2010,800
sá.-03-jul-10,03-jul-10,07,2010,800
do.-04-jul-10,04-jul-10,07,2010,800
lu.-05-jul-10,05-jul-10,07,2010,800
ma.-06-jul-10,06-jul-10,07,2010,786.75
mi.-07-jul-10,07-jul-10,07,2010,807.25
ju.-08-jul-10,08-jul-10,07,2010,795
vi.-09-jul-10,09-jul-10,07,2010,800
sá.-10-jul-10,10-jul-10,07,2010,800
do.-11-jul-10,11-jul-10,07,2010,800
lu.-12-jul-10,12-jul-10,07,2010,798
ma.-13-jul-10,13-jul-10,07,2010,815
mi.-14-jul-10,14-jul-10,07,2010,817.5
ju.-15-jul-10,15-jul-10,07,2010,825.75
vi.-16-jul-10,16-jul-10,07,2010,826.5
sá.-17-jul-10,17-jul-10,07,2010,826.5
do.-18-jul-10,18-jul-10,07,2010,826.5
lu.-19-jul-10,19-jul-10,07,2010,810.125
ma.-20-jul-10,20-jul-10,07,2010,791.25
mi.-21-jul-10,21-jul-10,07,2010,786.625
ju.-22-jul-10,22-jul-10,07,2010,800
vi.-23-jul-10,23-jul-10,07,2010,817.125
sá.-24-jul-10,24-jul-10,07,2010,817.125
do.-25-jul-10,25-jul-10,07,2010,817.125
lu.-26-jul-10,26-jul-10,07,2010,810.375
ma.-27-jul-10,27-jul-10,07,2010,805
mi.-28-jul-10,28-jul-10,07,2010,815
ju.-29-jul-10,29-jul-10,07,2010,835
vi.-30-jul-10,30-jul-10,07,2010,845
sá.-31-jul-10,31-jul-10,07,2010,845
do.-01-ago-10,01-ago-10,08,2010,845
lu.-02-ago-10,02-ago-10,08,2010,827.5
ma.-03-ago-10,03-ago-10,08,2010,812.5
mi.-04-ago-10,04-ago-10,08,2010,817.25
ju.-05-ago-10,05-ago-10,08,2010,814.375
vi.-06-ago-10,06-ago-10,08,2010,810
sá.-07-ago-10,07-ago-10,08,2010,810
do.-08-ago-10,08-ago-10,08,2010,810
lu.-09-ago-10,09-ago-10,08,2010,815.625
ma.-10-ago-10,10-ago-10,08,2010,815.625
mi.-11-ago-10,11-ago-10,08,2010,818
ju.-12-ago-10,12-ago-10,08,2010,845
vi.-13-ago-10,13-ago-10,08,2010,849
sá.-14-ago-10,14-ago-10,08,2010,849
do.-15-ago-10,15-ago-10,08,2010,849
lu.-16-ago-10,16-ago-10,08,2010,860
ma.-17-ago-10,17-ago-10,08,2010,841.5
mi.-18-ago-10,18-ago-10,08,2010,841
ju.-19-ago-10,19-ago-10,08,2010,850
vi.-20-ago-10,20-ago-10,08,2010,870.5
sá.-21-ago-10,21-ago-10,08,2010,870.5
do.-22-ago-10,22-ago-10,08,2010,870.5
lu.-23-ago-10,23-ago-10,08,2010,860
ma.-24-ago-10,24-ago-10,08,2010,815
mi.-25-ago-10,25-ago-10,08,2010,800.625
ju.-26-ago-10,26-ago-10,08,2010,817.5
vi.-27-ago-10,27-ago-10,08,2010,835
sá.-28-ago-10,28-ago-10,08,2010,835
do.-29-ago-10,29-ago-10,08,2010,835
lu.-30-ago-10,30-ago-10,08,2010,848.75
ma.-31-ago-10,31-ago-10,08,2010,840
mi.-01-sep-10,01-sep-10,09,2010,843.5
ju.-02-sep-10,02-sep-10,09,2010,843.75
vi.-03-sep-10,03-sep-10,09,2010,840.125
sá.-04-sep-10,04-sep-10,09,2010,840.125
do.-05-sep-10,05-sep-10,09,2010,840.125
lu.-06-sep-10,06-sep-10,09,2010,840.125
ma.-07-sep-10,07-sep-10,09,2010,854.125
mi.-08-sep-10,08-sep-10,09,2010,846.75
ju.-09-sep-10,09-sep-10,09,2010,845
vi.-10-sep-10,10-sep-10,09,2010,840.125
sá.-11-sep-10,11-sep-10,09,2010,840.125
do.-12-sep-10,12-sep-10,09,2010,840.125
lu.-13-sep-10,13-sep-10,09,2010,838.5
ma.-14-sep-10,14-sep-10,09,2010,843.875
mi.-15-sep-10,15-sep-10,09,2010,840
ju.-16-sep-10,16-sep-10,09,2010,803.875
vi.-17-sep-10,17-sep-10,09,2010,783
sá.-18-sep-10,18-sep-10,09,2010,783
do.-19-sep-10,19-sep-10,09,2010,783
lu.-20-sep-10,20-sep-10,09,2010,756.5
ma.-21-sep-10,21-sep-10,09,2010,758.125
mi.-22-sep-10,22-sep-10,09,2010,753.875
ju.-23-sep-10,23-sep-10,09,2010,756.75
vi.-24-sep-10,24-sep-10,09,2010,741.25
sá.-25-sep-10,25-sep-10,09,2010,741.25
do.-26-sep-10,26-sep-10,09,2010,741.25
lu.-27-sep-10,27-sep-10,09,2010,746.375
ma.-28-sep-10,28-sep-10,09,2010,765.875
mi.-29-sep-10,29-sep-10,09,2010,751.5
ju.-30-sep-10,30-sep-10,09,2010,746.25
vi.-01-oct-10,01-oct-10,10,2010,737.25
sá.-02-oct-10,02-oct-10,10,2010,737.25
do.-03-oct-10,03-oct-10,10,2010,737.25
lu.-04-oct-10,04-oct-10,10,2010,710
ma.-05-oct-10,05-oct-10,10,2010,718.375
mi.-06-oct-10,06-oct-10,10,2010,709.75
ju.-07-oct-10,07-oct-10,10,2010,707
vi.-08-oct-10,08-oct-10,10,2010,736.5
sá.-09-oct-10,09-oct-10,10,2010,736.5
do.-10-oct-10,10-oct-10,10,2010,736.5
lu.-11-oct-10,11-oct-10,10,2010,725
ma.-12-oct-10,12-oct-10,10,2010,743.25
mi.-13-oct-10,13-oct-10,10,2010,741.25
ju.-14-oct-10,14-oct-10,10,2010,750.125
vi.-15-oct-10,15-oct-10,10,2010,741.875
sá.-16-oct-10,16-oct-10,10,2010,741.875
do.-17-oct-10,17-oct-10,10,2010,741.875
lu.-18-oct-10,18-oct-10,10,2010,735.125
ma.-19-oct-10,19-oct-10,10,2010,751.5
mi.-20-oct-10,20-oct-10,10,2010,763.5
ju.-21-oct-10,21-oct-10,10,2010,778.875
vi.-22-oct-10,22-oct-10,10,2010,772.375
sá.-23-oct-10,23-oct-10,10,2010,772.375
do.-24-oct-10,24-oct-10,10,2010,772.375
lu.-25-oct-10,25-oct-10,10,2010,780
ma.-26-oct-10,26-oct-10,10,2010,790
mi.-27-oct-10,27-oct-10,10,2010,780
ju.-28-oct-10,28-oct-10,10,2010,763
vi.-29-oct-10,29-oct-10,10,2010,792.375
sá.-30-oct-10,30-oct-10,10,2010,792.375
do.-31-oct-10,31-oct-10,10,2010,792.375
lu.-01-nov-10,01-nov-10,11,2010,781
ma.-02-nov-10,02-nov-10,11,2010,784
mi.-03-nov-10,03-nov-10,11,2010,760
ju.-04-nov-10,04-nov-10,11,2010,790
vi.-05-nov-10,05-nov-10,11,2010,783.375
sá.-06-nov-10,06-nov-10,11,2010,783.375
do.-07-nov-10,07-nov-10,11,2010,783.375
lu.-08-nov-10,08-nov-10,11,2010,799.5
ma.-09-nov-10,09-nov-10,11,2010,815
mi.-10-nov-10,10-nov-10,11,2010,810.875
ju.-11-nov-10,11-nov-10,11,2010,790
vi.-12-nov-10,12-nov-10,11,2010,780.25
sá.-13-nov-10,13-nov-10,11,2010,780.25
do.-14-nov-10,14-nov-10,11,2010,780.25
lu.-15-nov-10,15-nov-10,11,2010,787.5
ma.-16-nov-10,16-nov-10,11,2010,775
mi.-17-nov-10,17-nov-10,11,2010,778.125
ju.-18-nov-10,18-nov-10,11,2010,800
vi.-19-nov-10,19-nov-10,11,2010,805
sá.-20-nov-10,20-nov-10,11,2010,805
do.-21-nov-10,21-nov-10,11,2010,805
lu.-22-nov-10,22-nov-10,11,2010,795
ma.-23-nov-10,23-nov-10,11,2010,807
mi.-24-nov-10,24-nov-10,11,2010,790
ju.-25-nov-10,25-nov-10,11,2010,790
vi.-26-nov-10,26-nov-10,11,2010,785
sá.-27-nov-10,27-nov-10,11,2010,785
do.-28-nov-10,28-nov-10,11,2010,785
lu.-29-nov-10,29-nov-10,11,2010,790
ma.-30-nov-10,30-nov-10,11,2010,805
mi.-01-dic-10,01-dic-10,12,2010,810
ju.-02-dic-10,02-dic-10,12,2010,805
vi.-03-dic-10,03-dic-10,12,2010,807.5
sá.-04-dic-10,04-dic-10,12,2010,807.5
do.-05-dic-10,05-dic-10,12,2010,807.5
lu.-06-dic-10,06-dic-10,12,2010,821.75
ma.-07-dic-10,07-dic-10,12,2010,826.75
mi.-08-dic-10,08-dic-10,12,2010,810.5
ju.-09-dic-10,09-dic-10,12,2010,815
vi.-10-dic-10,10-dic-10,12,2010,841.75
sá.-11-dic-10,11-dic-10,12,2010,841.75
do.-12-dic-10,12-dic-10,12,2010,841.75
lu.-13-dic-10,13-dic-10,12,2010,865
ma.-14-dic-10,14-dic-10,12,2010,880
mi.-15-dic-10,15-dic-10,12,2010,892.5
ju.-16-dic-10,16-dic-10,12,2010,901.875
vi.-17-dic-10,17-dic-10,12,2010,951.625
sá.-18-dic-10,18-dic-10,12,2010,951.625
do.-19-dic-10,19-dic-10,12,2010,951.625
lu.-20-dic-10,20-dic-10,12,2010,955
ma.-21-dic-10,21-dic-10,12,2010,986.5
mi.-22-dic-10,22-dic-10,12,2010,970
ju.-23-dic-10,23-dic-10,12,2010,950
vi.-24-dic-10,24-dic-10,12,2010,950
sá.-25-dic-10,25-dic-10,12,2010,950
do.-26-dic-10,26-dic-10,12,2010,950
lu.-27-dic-10,27-dic-10,12,2010,970
ma.-28-dic-10,28-dic-10,12,2010,986.75
mi.-29-dic-10,29-dic-10,12,2010,965
ju.-30-dic-10,30-dic-10,12,2010,952.5
vi.-31-dic-10,31-dic-10,12,2010,977.5
sá.-01-ene-11,01-ene-11,01,2011,977.5
do.-02-ene-11,02-ene-11,01,2011,977.5
lu.-03-ene-11,03-ene-11,01,2011,977.5
ma.-04-ene-11,04-ene-11,01,2011,946.125
mi.-05-ene-11,05-ene-11,01,2011,939.875
ju.-06-ene-11,06-ene-11,01,2011,930.75
vi.-07-ene-11,07-ene-11,01,2011,940
sá.-08-ene-11,08-ene-11,01,2011,940
do.-09-ene-11,09-ene-11,01,2011,940
lu.-10-ene-11,10-ene-11,01,2011,944.625
ma.-11-ene-11,11-ene-11,01,2011,951.75
mi.-12-ene-11,12-ene-11,01,2011,965.125
ju.-13-ene-11,13-ene-11,01,2011,960
vi.-14-ene-11,14-ene-11,01,2011,955.125
sá.-15-ene-11,15-ene-11,01,2011,955.125
do.-16-ene-11,16-ene-11,01,2011,955.125
lu.-17-ene-11,17-ene-11,01,2011,955.125
ma.-18-ene-11,18-ene-11,01,2011,940
mi.-19-ene-11,19-ene-11,01,2011,919.75
ju.-20-ene-11,20-ene-11,01,2011,922.25
vi.-21-ene-11,21-ene-11,01,2011,950
sá.-22-ene-11,22-ene-11,01,2011,950
do.-23-ene-11,23-ene-11,01,2011,950
lu.-24-ene-11,24-ene-11,01,2011,935
ma.-25-ene-11,25-ene-11,01,2011,910
mi.-26-ene-11,26-ene-11,01,2011,936.5
ju.-27-ene-11,27-ene-11,01,2011,933.25
vi.-28-ene-11,28-ene-11,01,2011,960
sá.-29-ene-11,29-ene-11,01,2011,960
do.-30-ene-11,30-ene-11,01,2011,960
lu.-31-ene-11,31-ene-11,01,2011,960
ma.-01-feb-11,01-feb-11,02,2011,967
mi.-02-feb-11,02-feb-11,02,2011,976
ju.-03-feb-11,03-feb-11,02,2011,983.375
vi.-04-feb-11,04-feb-11,02,2011,980
sá.-05-feb-11,05-feb-11,02,2011,980
do.-06-feb-11,06-feb-11,02,2011,980
lu.-07-feb-11,07-feb-11,02,2011,979.5
ma.-08-feb-11,08-feb-11,02,2011,979.625
mi.-09-feb-11,09-feb-11,02,2011,992.625
ju.-10-feb-11,10-feb-11,02,2011,993.75
vi.-11-feb-11,11-feb-11,02,2011,981.75
sá.-12-feb-11,12-feb-11,02,2011,981.75
do.-13-feb-11,13-feb-11,02,2011,981.75
lu.-14-feb-11,14-feb-11,02,2011,988.5
ma.-15-feb-11,15-feb-11,02,2011,985
mi.-16-feb-11,16-feb-11,02,2011,1020
ju.-17-feb-11,17-feb-11,02,2011,1055.375
vi.-18-feb-11,18-feb-11,02,2011,1065
sá.-19-feb-11,19-feb-11,02,2011,1065
do.-20-feb-11,20-feb-11,02,2011,1065
lu.-21-feb-11,21-feb-11,02,2011,1065
ma.-22-feb-11,22-feb-11,02,2011,1090
mi.-23-feb-11,23-feb-11,02,2011,1084.05
ju.-24-feb-11,24-feb-11,02,2011,1076
vi.-25-feb-11,25-feb-11,02,2011,1089.25
sá.-26-feb-11,26-feb-11,02,2011,1089.25
do.-27-feb-11,27-feb-11,02,2011,1089.25
lu.-28-feb-11,28-feb-11,02,2011,1097
ma.-01-mar-11,01-mar-11,03,2011,1091
mi.-02-mar-11,02-mar-11,03,2011,1088.5
ju.-03-mar-11,03-mar-11,03,2011,1095
vi.-04-mar-11,04-mar-11,03,2011,1092.25
sá.-05-mar-11,05-mar-11,03,2011,1092.25
do.-06-mar-11,06-mar-11,03,2011,1092.25
lu.-07-mar-11,07-mar-11,03,2011,1110
ma.-08-mar-11,08-mar-11,03,2011,1133.5
mi.-09-mar-11,09-mar-11,03,2011,1164.375
ju.-10-mar-11,10-mar-11,03,2011,1093.5
vi.-11-mar-11,11-mar-11,03,2011,1079.5
sá.-12-mar-11,12-mar-11,03,2011,1079.5
do.-13-mar-11,13-mar-11,03,2011,1079.5
lu.-14-mar-11,14-mar-11,03,2011,1079.5
ma.-15-mar-11,15-mar-11,03,2011,1045.75
mi.-16-mar-11,16-mar-11,03,2011,1059.25
ju.-17-mar-11,17-mar-11,03,2011,1070.625
vi.-18-mar-11,18-mar-11,03,2011,1089.625
sá.-19-mar-11,19-mar-11,03,2011,1089.625
do.-20-mar-11,20-mar-11,03,2011,1089.625
lu.-21-mar-11,21-mar-11,03,2011,1090
ma.-22-mar-11,22-mar-11,03,2011,1072.375
mi.-23-mar-11,23-mar-11,03,2011,1054
ju.-24-mar-11,24-mar-11,03,2011,1049.875
vi.-25-mar-11,25-mar-11,03,2011,1060.25
sá.-26-mar-11,26-mar-11,03,2011,1060.25
do.-27-mar-11,27-mar-11,03,2011,1060.25
lu.-28-mar-11,28-mar-11,03,2011,1047.375
ma.-29-mar-11,29-mar-11,03,2011,1041
mi.-30-mar-11,30-mar-11,03,2011,1051.75
ju.-31-mar-11,31-mar-11,03,2011,1047
vi.-01-abr-11,01-abr-11,04,2011,1017.865
sá.-02-abr-11,02-abr-11,04,2011,1017.865
do.-03-abr-11,03-abr-11,04,2011,1017.865
lu.-04-abr-11,04-abr-11,04,2011,1000
ma.-05-abr-11,05-abr-11,04,2011,1039
mi.-06-abr-11,06-abr-11,04,2011,1026.5
ju.-07-abr-11,07-abr-11,04,2011,1046.5
vi.-08-abr-11,08-abr-11,04,2011,1053.125
sá.-09-abr-11,09-abr-11,04,2011,1053.125
do.-10-abr-11,10-abr-11,04,2011,1053.125
lu.-11-abr-11,11-abr-11,04,2011,1045.5
ma.-12-abr-11,12-abr-11,04,2011,1046.875
mi.-13-abr-11,13-abr-11,04,2011,1063.625
ju.-14-abr-11,14-abr-11,04,2011,1066.25
vi.-15-abr-11,15-abr-11,04,2011,1097.375
sá.-16-abr-11,16-abr-11,04,2011,1097.375
do.-17-abr-11,17-abr-11,04,2011,1097.375
lu.-18-abr-11,18-abr-11,04,2011,1088.625
ma.-19-abr-11,19-abr-11,04,2011,1102.875
mi.-20-abr-11,20-abr-11,04,2011,1111.375
ju.-21-abr-11,21-abr-11,04,2011,1098.5
vi.-22-abr-11,22-abr-11,04,2011,1098.5
sá.-23-abr-11,23-abr-11,04,2011,1098.5
do.-24-abr-11,24-abr-11,04,2011,1098.5
lu.-25-abr-11,25-abr-11,04,2011,1082.875
ma.-26-abr-11,26-abr-11,04,2011,1109.375
mi.-27-abr-11,27-abr-11,04,2011,1099.5
ju.-28-abr-11,28-abr-11,04,2011,1100.625
vi.-29-abr-11,29-abr-11,04,2011,1099.375
sá.-30-abr-11,30-abr-11,04,2011,1099.375
do.-01-may-11,01-may-11,05,2011,1099.375
lu.-02-may-11,02-may-11,05,2011,1114.375
ma.-03-may-11,03-may-11,05,2011,1109
mi.-04-may-11,04-may-11,05,2011,1070.375
ju.-05-may-11,05-may-11,05,2011,1047.75
vi.-06-may-11,06-may-11,05,2011,1050.125
sá.-07-may-11,07-may-11,05,2011,1050.125
do.-08-may-11,08-may-11,05,2011,1050.125
lu.-09-may-11,09-may-11,05,2011,1061
ma.-10-may-11,10-may-11,05,2011,1038.5
mi.-11-may-11,11-may-11,05,2011,1017.25
ju.-12-may-11,12-may-11,05,2011,1016.75
vi.-13-may-11,13-may-11,05,2011,1004.25
sá.-14-may-11,14-may-11,05,2011,1004.25
do.-15-may-11,15-may-11,05,2011,1004.25
lu.-16-may-11,16-may-11,05,2011,998
ma.-17-may-11,17-may-11,05,2011,1009.5
mi.-18-may-11,18-may-11,05,2011,1019.875
ju.-19-may-11,19-may-11,05,2011,995.125
vi.-20-may-11,20-may-11,05,2011,982
sá.-21-may-11,21-may-11,05,2011,982
do.-22-may-11,22-may-11,05,2011,982
lu.-23-may-11,23-may-11,05,2011,1000.75
ma.-24-may-11,24-may-11,05,2011,1000
mi.-25-may-11,25-may-11,05,2011,1012.125
ju.-26-may-11,26-may-11,05,2011,1011.5
vi.-27-may-11,27-may-11,05,2011,989.785
sá.-28-may-11,28-may-11,05,2011,989.785
do.-29-may-11,29-may-11,05,2011,989.785
lu.-30-may-11,30-may-11,05,2011,989.785
ma.-31-may-11,31-may-11,05,2011,986.375
mi.-01-jun-11,01-jun-11,06,2011,957.625
ju.-02-jun-11,02-jun-11,06,2011,968.375
vi.-03-jun-11,03-jun-11,06,2011,1001.75
sá.-04-jun-11,04-jun-11,06,2011,1001.75
do.-05-jun-11,05-jun-11,06,2011,1001.75
lu.-06-jun-11,06-jun-11,06,2011,963.125
ma.-07-jun-11,07-jun-11,06,2011,963.375
mi.-08-jun-11,08-jun-11,06,2011,973
ju.-09-jun-11,09-jun-11,06,2011,985.25
vi.-10-jun-11,10-jun-11,06,2011,994
sá.-11-jun-11,11-jun-11,06,2011,994
do.-12-jun-11,12-jun-11,06,2011,994
lu.-13-jun-11,13-jun-11,06,2011,1003.875
ma.-14-jun-11,14-jun-11,06,2011,1001.125
mi.-15-jun-11,15-jun-11,06,2011,990.875
ju.-16-jun-11,16-jun-11,06,2011,978
vi.-17-jun-11,17-jun-11,06,2011,942.5
sá.-18-jun-11,18-jun-11,06,2011,942.5
do.-19-jun-11,19-jun-11,06,2011,942.5
lu.-20-jun-11,20-jun-11,06,2011,915.25
ma.-21-jun-11,21-jun-11,06,2011,921.125
mi.-22-jun-11,22-jun-11,06,2011,918.75
ju.-23-jun-11,23-jun-11,06,2011,931.5
vi.-24-jun-11,24-jun-11,06,2011,943.25
sá.-25-jun-11,25-jun-11,06,2011,943.25
do.-26-jun-11,26-jun-11,06,2011,943.25
lu.-27-jun-11,27-jun-11,06,2011,945.125
ma.-28-jun-11,28-jun-11,06,2011,957.125
mi.-29-jun-11,29-jun-11,06,2011,963.875
ju.-30-jun-11,30-jun-11,06,2011,971.625
vi.-01-jul-11,01-jul-11,07,2011,962.875
sá.-02-jul-11,02-jul-11,07,2011,962.875
do.-03-jul-11,03-jul-11,07,2011,962.875
lu.-04-jul-11,04-jul-11,07,2011,962.875
ma.-05-jul-11,05-jul-11,07,2011,990
mi.-06-jul-11,06-jul-11,07,2011,975.875
ju.-07-jul-11,07-jul-11,07,2011,980
vi.-08-jul-11,08-jul-11,07,2011,960.75
sá.-09-jul-11,09-jul-11,07,2011,960.75
do.-10-jul-11,10-jul-11,07,2011,960.75
lu.-11-jul-11,11-jul-11,07,2011,950.625
ma.-12-jul-11,12-jul-11,07,2011,944.125
mi.-13-jul-11,13-jul-11,07,2011,959
ju.-14-jul-11,14-jul-11,07,2011,938
vi.-15-jul-11,15-jul-11,07,2011,932.375
sá.-16-jul-11,16-jul-11,07,2011,932.375
do.-17-jul-11,17-jul-11,07,2011,932.375
lu.-18-jul-11,18-jul-11,07,2011,911.875
ma.-19-jul-11,19-jul-11,07,2011,900.125
mi.-20-jul-11,20-jul-11,07,2011,900.125
ju.-21-jul-11,21-jul-11,07,2011,890.375
vi.-22-jul-11,22-jul-11,07,2011,890.125
sá.-23-jul-11,23-jul-11,07,2011,890.125
do.-24-jul-11,24-jul-11,07,2011,890.125
lu.-25-jul-11,25-jul-11,07,2011,899.5
ma.-26-jul-11,26-jul-11,07,2011,911.5
mi.-27-jul-11,27-jul-11,07,2011,902.75
ju.-28-jul-11,28-jul-11,07,2011,900
vi.-29-jul-11,29-jul-11,07,2011,906.625
sá.-30-jul-11,30-jul-11,07,2011,906.625
do.-31-jul-11,31-jul-11,07,2011,906.625
lu.-01-ago-11,01-ago-11,08,2011,907.15
ma.-02-ago-11,02-ago-11,08,2011,916.125
mi.-03-ago-11,03-ago-11,08,2011,916.375
ju.-04-ago-11,04-ago-11,08,2011,900.125
vi.-05-ago-11,05-ago-11,08,2011,916.75
sá.-06-ago-11,06-ago-11,08,2011,916.75
do.-07-ago-11,07-ago-11,08,2011,916.75
lu.-08-ago-11,08-ago-11,08,2011,904.25
ma.-09-ago-11,09-ago-11,08,2011,900.125
mi.-10-ago-11,10-ago-11,08,2011,895.75
ju.-11-ago-11,11-ago-11,08,2011,913.125
vi.-12-ago-11,12-ago-11,08,2011,910.375
sá.-13-ago-11,13-ago-11,08,2011,910.375
do.-14-ago-11,14-ago-11,08,2011,910.375
lu.-15-ago-11,15-ago-11,08,2011,930.25
ma.-16-ago-11,16-ago-11,08,2011,945.5
mi.-17-ago-11,17-ago-11,08,2011,969.75
ju.-18-ago-11,18-ago-11,08,2011,982
vi.-19-ago-11,19-ago-11,08,2011,989.25
sá.-20-ago-11,20-ago-11,08,2011,989.25
do.-21-ago-11,21-ago-11,08,2011,989.25
lu.-22-ago-11,22-ago-11,08,2011,990.25
ma.-23-ago-11,23-ago-11,08,2011,1011
mi.-24-ago-11,24-ago-11,08,2011,1015.125
ju.-25-ago-11,25-ago-11,08,2011,1026.25
vi.-26-ago-11,26-ago-11,08,2011,1042
sá.-27-ago-11,27-ago-11,08,2011,1042
do.-28-ago-11,28-ago-11,08,2011,1042
lu.-29-ago-11,29-ago-11,08,2011,1049
ma.-30-ago-11,30-ago-11,08,2011,1054.875
mi.-31-ago-11,31-ago-11,08,2011,1053.25
ju.-01-sep-11,01-sep-11,09,2011,1059.375
vi.-02-sep-11,02-sep-11,09,2011,1056.625
sá.-03-sep-11,03-sep-11,09,2011,1056.625
do.-04-sep-11,04-sep-11,09,2011,1056.625
lu.-05-sep-11,05-sep-11,09,2011,1035.625
ma.-06-sep-11,06-sep-11,09,2011,1035.625
mi.-07-sep-11,07-sep-11,09,2011,1047.625
ju.-08-sep-11,08-sep-11,09,2011,1042
vi.-09-sep-11,09-sep-11,09,2011,999.125
sá.-10-sep-11,10-sep-11,09,2011,999.125
do.-11-sep-11,11-sep-11,09,2011,999.125
lu.-12-sep-11,12-sep-11,09,2011,1015.875
ma.-13-sep-11,13-sep-11,09,2011,1005.375
mi.-14-sep-11,14-sep-11,09,2011,999.25
ju.-15-sep-11,15-sep-11,09,2011,972.5
vi.-16-sep-11,16-sep-11,09,2011,950
sá.-17-sep-11,17-sep-11,09,2011,950
do.-18-sep-11,18-sep-11,09,2011,950
lu.-19-sep-11,19-sep-11,09,2011,976
ma.-20-sep-11,20-sep-11,09,2011,970.25
mi.-21-sep-11,21-sep-11,09,2011,946
ju.-22-sep-11,22-sep-11,09,2011,929.125
vi.-23-sep-11,23-sep-11,09,2011,892.5
sá.-24-sep-11,24-sep-11,09,2011,892.5
do.-25-sep-11,25-sep-11,09,2011,892.5
lu.-26-sep-11,26-sep-11,09,2011,911.875
ma.-27-sep-11,27-sep-11,09,2011,921.75
mi.-28-sep-11,28-sep-11,09,2011,906.875
ju.-29-sep-11,29-sep-11,09,2011,897.375
vi.-30-sep-11,30-sep-11,09,2011,903.25
sá.-01-oct-11,01-oct-11,10,2011,903.25
do.-02-oct-11,02-oct-11,10,2011,903.25
lu.-03-oct-11,03-oct-11,10,2011,895.875
ma.-04-oct-11,04-oct-11,10,2011,911.5
mi.-05-oct-11,05-oct-11,10,2011,904.875
ju.-06-oct-11,06-oct-11,10,2011,925.25
vi.-07-oct-11,07-oct-11,10,2011,880.125
sá.-08-oct-11,08-oct-11,10,2011,880.125
do.-09-oct-11,09-oct-11,10,2011,880.125
lu.-10-oct-11,10-oct-11,10,2011,887
ma.-11-oct-11,11-oct-11,10,2011,878
mi.-12-oct-11,12-oct-11,10,2011,892.5
ju.-13-oct-11,13-oct-11,10,2011,919.625
vi.-14-oct-11,14-oct-11,10,2011,927.375
sá.-15-oct-11,15-oct-11,10,2011,927.375
do.-16-oct-11,16-oct-11,10,2011,927.375
lu.-17-oct-11,17-oct-11,10,2011,906.25
ma.-18-oct-11,18-oct-11,10,2011,899.75
mi.-19-oct-11,19-oct-11,10,2011,920
ju.-20-oct-11,20-oct-11,10,2011,907.75
vi.-21-oct-11,21-oct-11,10,2011,950.75
sá.-22-oct-11,22-oct-11,10,2011,950.75
do.-23-oct-11,23-oct-11,10,2011,950.75
lu.-24-oct-11,24-oct-11,10,2011,963
ma.-25-oct-11,25-oct-11,10,2011,912.5
mi.-26-oct-11,26-oct-11,10,2011,900.125
ju.-27-oct-11,27-oct-11,10,2011,900
vi.-28-oct-11,28-oct-11,10,2011,900
sá.-29-oct-11,29-oct-11,10,2011,900
do.-30-oct-11,30-oct-11,10,2011,900
lu.-31-oct-11,31-oct-11,10,2011,876.5
ma.-01-nov-11,01-nov-11,11,2011,876.35
mi.-02-nov-11,02-nov-11,11,2011,879.875
ju.-03-nov-11,03-nov-11,11,2011,897.5
vi.-04-nov-11,04-nov-11,11,2011,909.625
sá.-05-nov-11,05-nov-11,11,2011,909.625
do.-06-nov-11,06-nov-11,11,2011,909.625
lu.-07-nov-11,07-nov-11,11,2011,916.625
ma.-08-nov-11,08-nov-11,11,2011,908.375
mi.-09-nov-11,09-nov-11,11,2011,916.125
ju.-10-nov-11,10-nov-11,11,2011,915.125
vi.-11-nov-11,11-nov-11,11,2011,930.625
sá.-12-nov-11,12-nov-11,11,2011,930.625
do.-13-nov-11,13-nov-11,11,2011,930.625
lu.-14-nov-11,14-nov-11,11,2011,918.875
ma.-15-nov-11,15-nov-11,11,2011,941.75
mi.-16-nov-11,16-nov-11,11,2011,929
ju.-17-nov-11,17-nov-11,11,2011,923.5
vi.-18-nov-11,18-nov-11,11,2011,948
sá.-19-nov-11,19-nov-11,11,2011,948
do.-20-nov-11,20-nov-11,11,2011,948
lu.-21-nov-11,21-nov-11,11,2011,940.375
ma.-22-nov-11,22-nov-11,11,2011,935.75
mi.-23-nov-11,23-nov-11,11,2011,942
ju.-24-nov-11,24-nov-11,11,2011,942
vi.-25-nov-11,25-nov-11,11,2011,939.5
sá.-26-nov-11,26-nov-11,11,2011,939.5
do.-27-nov-11,27-nov-11,11,2011,939.5
lu.-28-nov-11,28-nov-11,11,2011,920.25
ma.-29-nov-11,29-nov-11,11,2011,929.125
mi.-30-nov-11,30-nov-11,11,2011,952
ju.-01-dic-11,01-dic-11,12,2011,943.25
vi.-02-dic-11,02-dic-11,12,2011,918.625
sá.-03-dic-11,03-dic-11,12,2011,918.625
do.-04-dic-11,04-dic-11,12,2011,918.625
lu.-05-dic-11,05-dic-11,12,2011,941.75
ma.-06-dic-11,06-dic-11,12,2011,938.875
mi.-07-dic-11,07-dic-11,12,2011,917.25
ju.-08-dic-11,08-dic-11,12,2011,914
vi.-09-dic-11,09-dic-11,12,2011,910.375
sá.-10-dic-11,10-dic-11,12,2011,910.375
do.-11-dic-11,11-dic-11,12,2011,910.375
lu.-12-dic-11,12-dic-11,12,2011,885
ma.-13-dic-11,13-dic-11,12,2011,893.25
mi.-14-dic-11,14-dic-11,12,2011,876.5
ju.-15-dic-11,15-dic-11,12,2011,874.125
vi.-16-dic-11,16-dic-11,12,2011,869.625
sá.-17-dic-11,17-dic-11,12,2011,869.625
do.-18-dic-11,18-dic-11,12,2011,869.625
lu.-19-dic-11,19-dic-11,12,2011,883.75
ma.-20-dic-11,20-dic-11,12,2011,888.875
mi.-21-dic-11,21-dic-11,12,2011,881
ju.-22-dic-11,22-dic-11,12,2011,884.5
vi.-23-dic-11,23-dic-11,12,2011,871.375
sá.-24-dic-11,24-dic-11,12,2011,871.375
do.-25-dic-11,25-dic-11,12,2011,871.375
lu.-26-dic-11,26-dic-11,12,2011,871.375
ma.-27-dic-11,27-dic-11,12,2011,885.25
mi.-28-dic-11,28-dic-11,12,2011,915.25
ju.-29-dic-11,29-dic-11,12,2011,904.5
vi.-30-dic-11,30-dic-11,12,2011,913.375
sá.-31-dic-11,31-dic-11,12,2011,913.375
do.-01-ene-12,01-ene-12,01,2012,913.375
lu.-02-ene-12,02-ene-12,01,2012,913.375
ma.-03-ene-12,03-ene-12,01,2012,894.375
mi.-04-ene-12,04-ene-12,01,2012,879.75
ju.-05-ene-12,05-ene-12,01,2012,859
vi.-06-ene-12,06-ene-12,01,2012,868.375
sá.-07-ene-12,07-ene-12,01,2012,868.375
do.-08-ene-12,08-ene-12,01,2012,868.375
lu.-09-ene-12,09-ene-12,01,2012,868.875
ma.-10-ene-12,10-ene-12,01,2012,875.875
mi.-11-ene-12,11-ene-12,01,2012,903
ju.-12-ene-12,12-ene-12,01,2012,896.625
vi.-13-ene-12,13-ene-12,01,2012,878.875
sá.-14-ene-12,14-ene-12,01,2012,878.875
do.-15-ene-12,15-ene-12,01,2012,878.875
lu.-16-ene-12,16-ene-12,01,2012,878.875
ma.-17-ene-12,17-ene-12,01,2012,878.375
mi.-18-ene-12,18-ene-12,01,2012,865.75
ju.-19-ene-12,19-ene-12,01,2012,876
vi.-20-ene-12,20-ene-12,01,2012,886.5
sá.-21-ene-12,21-ene-12,01,2012,886.5
do.-22-ene-12,22-ene-12,01,2012,886.5
lu.-23-ene-12,23-ene-12,01,2012,860.75
ma.-24-ene-12,24-ene-12,01,2012,862.625
mi.-25-ene-12,25-ene-12,01,2012,851.75
ju.-26-ene-12,26-ene-12,01,2012,860.5
vi.-27-ene-12,27-ene-12,01,2012,857.625
sá.-28-ene-12,28-ene-12,01,2012,857.625
do.-29-ene-12,29-ene-12,01,2012,857.625
lu.-30-ene-12,30-ene-12,01,2012,859.625
ma.-31-ene-12,31-ene-12,01,2012,848.125
mi.-01-feb-12,01-feb-12,02,2012,847.25
ju.-02-feb-12,02-feb-12,02,2012,851.5
vi.-03-feb-12,03-feb-12,02,2012,844.625
sá.-04-feb-12,04-feb-12,02,2012,844.625
do.-05-feb-12,05-feb-12,02,2012,844.625
lu.-06-feb-12,06-feb-12,02,2012,867.25
ma.-07-feb-12,07-feb-12,02,2012,869.25
mi.-08-feb-12,08-feb-12,02,2012,865.25
ju.-09-feb-12,09-feb-12,02,2012,848.75
vi.-10-feb-12,10-feb-12,02,2012,860.625
sá.-11-feb-12,11-feb-12,02,2012,860.625
do.-12-feb-12,12-feb-12,02,2012,860.625
lu.-13-feb-12,13-feb-12,02,2012,844.375
ma.-14-feb-12,14-feb-12,02,2012,823.375
mi.-15-feb-12,15-feb-12,02,2012,810.75
ju.-16-feb-12,16-feb-12,02,2012,805.125
vi.-17-feb-12,17-feb-12,02,2012,798.625
sá.-18-feb-12,18-feb-12,02,2012,798.625
do.-19-feb-12,19-feb-12,02,2012,798.625
lu.-20-feb-12,20-feb-12,02,2012,815.25
ma.-21-feb-12,21-feb-12,02,2012,801.5
mi.-22-feb-12,22-feb-12,02,2012,799.5
ju.-23-feb-12,23-feb-12,02,2012,806.375
vi.-24-feb-12,24-feb-12,02,2012,799.75
sá.-25-feb-12,25-feb-12,02,2012,799.75
do.-26-feb-12,26-feb-12,02,2012,799.75
lu.-27-feb-12,27-feb-12,02,2012,799.75
ma.-28-feb-12,28-feb-12,02,2012,801.25
mi.-29-feb-12,29-feb-12,02,2012,793
ju.-01-mar-12,01-mar-12,03,2012,797.75
vi.-02-mar-12,02-mar-12,03,2012,782.25
sá.-03-mar-12,03-mar-12,03,2012,782.25
do.-04-mar-12,04-mar-12,03,2012,782.25
lu.-05-mar-12,05-mar-12,03,2012,782.375
ma.-06-mar-12,06-mar-12,03,2012,764.625
mi.-07-mar-12,07-mar-12,03,2012,735
ju.-08-mar-12,08-mar-12,03,2012,736.125
vi.-09-mar-12,09-mar-12,03,2012,721.125
sá.-10-mar-12,10-mar-12,03,2012,721.125
do.-11-mar-12,11-mar-12,03,2012,721.125
lu.-12-mar-12,12-mar-12,03,2012,718.375
ma.-13-mar-12,13-mar-12,03,2012,716.25
mi.-14-mar-12,14-mar-12,03,2012,708.125
ju.-15-mar-12,15-mar-12,03,2012,714.875
vi.-16-mar-12,16-mar-12,03,2012,711.25
sá.-17-mar-12,17-mar-12,03,2012,711.25
do.-18-mar-12,18-mar-12,03,2012,711.25
lu.-19-mar-12,19-mar-12,03,2012,714.375
ma.-20-mar-12,20-mar-12,03,2012,712.75
mi.-21-mar-12,21-mar-12,03,2012,718.125
ju.-22-mar-12,22-mar-12,03,2012,685.625
vi.-23-mar-12,23-mar-12,03,2012,703.125
sá.-24-mar-12,24-mar-12,03,2012,703.125
do.-25-mar-12,25-mar-12,03,2012,703.125
lu.-26-mar-12,26-mar-12,03,2012,706.125
ma.-27-mar-12,27-mar-12,03,2012,728.75
mi.-28-mar-12,28-mar-12,03,2012,710.875
ju.-29-mar-12,29-mar-12,03,2012,699.625
vi.-30-mar-12,30-mar-12,03,2012,725.75
sá.-31-mar-12,31-mar-12,03,2012,725.75
do.-01-abr-12,01-abr-12,04,2012,725.75
lu.-02-abr-12,02-abr-12,04,2012,728.875
ma.-03-abr-12,03-abr-12,04,2012,726.375
mi.-04-abr-12,04-abr-12,04,2012,720.125
ju.-05-abr-12,05-abr-12,04,2012,719
vi.-06-abr-12,06-abr-12,04,2012,719
sá.-07-abr-12,07-abr-12,04,2012,719
do.-08-abr-12,08-abr-12,04,2012,719
lu.-09-abr-12,09-abr-12,04,2012,701.625
ma.-10-abr-12,10-abr-12,04,2012,706.625
mi.-11-abr-12,11-abr-12,04,2012,713.25
ju.-12-abr-12,12-abr-12,04,2012,713.5
vi.-13-abr-12,13-abr-12,04,2012,708.5
sá.-14-abr-12,14-abr-12,04,2012,708.5
do.-15-abr-12,15-abr-12,04,2012,708.5
lu.-16-abr-12,16-abr-12,04,2012,690.875
ma.-17-abr-12,17-abr-12,04,2012,682.5
mi.-18-abr-12,18-abr-12,04,2012,686
ju.-19-abr-12,19-abr-12,04,2012,687.625
vi.-20-abr-12,20-abr-12,04,2012,699.875
sá.-21-abr-12,21-abr-12,04,2012,699.875
do.-22-abr-12,22-abr-12,04,2012,699.875
lu.-23-abr-12,23-abr-12,04,2012,694.75
ma.-24-abr-12,24-abr-12,04,2012,706.125
mi.-25-abr-12,25-abr-12,04,2012,682.25
ju.-26-abr-12,26-abr-12,04,2012,681.5
vi.-27-abr-12,27-abr-12,04,2012,683.625
sá.-28-abr-12,28-abr-12,04,2012,683.625
do.-29-abr-12,29-abr-12,04,2012,683.625
lu.-30-abr-12,30-abr-12,04,2012,691.25
ma.-01-may-12,01-may-12,05,2012,701.25
mi.-02-may-12,02-may-12,05,2012,693.125
ju.-03-may-12,03-may-12,05,2012,675.375
vi.-04-may-12,04-may-12,05,2012,671.5
sá.-05-may-12,05-may-12,05,2012,671.5
do.-06-may-12,06-may-12,05,2012,671.5
lu.-07-may-12,07-may-12,05,2012,670.875
ma.-08-may-12,08-may-12,05,2012,673
mi.-09-may-12,09-may-12,05,2012,674.5
ju.-10-may-12,10-may-12,05,2012,681.875
vi.-11-may-12,11-may-12,05,2012,675.5
sá.-12-may-12,12-may-12,05,2012,675.5
do.-13-may-12,13-may-12,05,2012,675.5
lu.-14-may-12,14-may-12,05,2012,674.125
ma.-15-may-12,15-may-12,05,2012,678.5
mi.-16-may-12,16-may-12,05,2012,680.5
ju.-17-may-12,17-may-12,05,2012,688.125
vi.-18-may-12,18-may-12,05,2012,687.25
sá.-19-may-12,19-may-12,05,2012,687.25
do.-20-may-12,20-may-12,05,2012,687.25
lu.-21-may-12,21-may-12,05,2012,674.375
ma.-22-may-12,22-may-12,05,2012,674
mi.-23-may-12,23-may-12,05,2012,652.25
ju.-24-may-12,24-may-12,05,2012,651.625
vi.-25-may-12,25-may-12,05,2012,652
sá.-26-may-12,26-may-12,05,2012,652
do.-27-may-12,27-may-12,05,2012,652
lu.-28-may-12,28-may-12,05,2012,652
ma.-29-may-12,29-may-12,05,2012,644
mi.-30-may-12,30-may-12,05,2012,642.25
ju.-31-may-12,31-may-12,05,2012,639.875
vi.-01-jun-12,01-jun-12,06,2012,618
sá.-02-jun-12,02-jun-12,06,2012,618
do.-03-jun-12,03-jun-12,06,2012,618
lu.-04-jun-12,04-jun-12,06,2012,613.375
ma.-05-jun-12,05-jun-12,06,2012,598.75
mi.-06-jun-12,06-jun-12,06,2012,593.125
ju.-07-jun-12,07-jun-12,06,2012,592
vi.-08-jun-12,08-jun-12,06,2012,590.5
sá.-09-jun-12,09-jun-12,06,2012,590.5
do.-10-jun-12,10-jun-12,06,2012,590.5
lu.-11-jun-12,11-jun-12,06,2012,583.5
ma.-12-jun-12,12-jun-12,06,2012,583.625
mi.-13-jun-12,13-jun-12,06,2012,580
ju.-14-jun-12,14-jun-12,06,2012,571.875
vi.-15-jun-12,15-jun-12,06,2012,573
sá.-16-jun-12,16-jun-12,06,2012,573
do.-17-jun-12,17-jun-12,06,2012,573
lu.-18-jun-12,18-jun-12,06,2012,570.25
ma.-19-jun-12,19-jun-12,06,2012,588.125
mi.-20-jun-12,20-jun-12,06,2012,565.5
ju.-21-jun-12,21-jun-12,06,2012,590.625
vi.-22-jun-12,22-jun-12,06,2012,578.375
sá.-23-jun-12,23-jun-12,06,2012,578.375
do.-24-jun-12,24-jun-12,06,2012,578.375
lu.-25-jun-12,25-jun-12,06,2012,592.625
ma.-26-jun-12,26-jun-12,06,2012,615.375
mi.-27-jun-12,27-jun-12,06,2012,605
ju.-28-jun-12,28-jun-12,06,2012,606
vi.-29-jun-12,29-jun-12,06,2012,622.875
sá.-30-jun-12,30-jun-12,06,2012,622.875
do.-01-jul-12,01-jul-12,07,2012,622.875
lu.-02-jul-12,02-jul-12,07,2012,637.5
ma.-03-jul-12,03-jul-12,07,2012,647.875
mi.-04-jul-12,04-jul-12,07,2012,647.875
ju.-05-jul-12,05-jul-12,07,2012,649
vi.-06-jul-12,06-jul-12,07,2012,635.875
sá.-07-jul-12,07-jul-12,07,2012,635.875
do.-08-jul-12,08-jul-12,07,2012,635.875
lu.-09-jul-12,09-jul-12,07,2012,658.25
ma.-10-jul-12,10-jul-12,07,2012,658.625
mi.-11-jul-12,11-jul-12,07,2012,611
ju.-12-jul-12,12-jul-12,07,2012,655.25
vi.-13-jul-12,13-jul-12,07,2012,665.625
sá.-14-jul-12,14-jul-12,07,2012,665.625
do.-15-jul-12,15-jul-12,07,2012,665.625
lu.-16-jul-12,16-jul-12,07,2012,658.75
ma.-17-jul-12,17-jul-12,07,2012,655.375
mi.-18-jul-12,18-jul-12,07,2012,654.375
ju.-19-jul-12,19-jul-12,07,2012,676.875
vi.-20-jul-12,20-jul-12,07,2012,669.25
sá.-21-jul-12,21-jul-12,07,2012,669.25
do.-22-jul-12,22-jul-12,07,2012,669.25
lu.-23-jul-12,23-jul-12,07,2012,670.625
ma.-24-jul-12,24-jul-12,07,2012,637.125
mi.-25-jul-12,25-jul-12,07,2012,641.875
ju.-26-jul-12,26-jul-12,07,2012,629.5
vi.-27-jul-12,27-jul-12,07,2012,629.375
sá.-28-jul-12,28-jul-12,07,2012,629.375
do.-29-jul-12,29-jul-12,07,2012,629.375
lu.-30-jul-12,30-jul-12,07,2012,645.5
ma.-31-jul-12,31-jul-12,07,2012,632.375
mi.-01-ago-12,01-ago-12,08,2012,631.125
ju.-02-ago-12,02-ago-12,08,2012,625.5
vi.-03-ago-12,03-ago-12,08,2012,627.875
sá.-04-ago-12,04-ago-12,08,2012,627.875
do.-05-ago-12,05-ago-12,08,2012,627.875
lu.-06-ago-12,06-ago-12,08,2012,638.125
ma.-07-ago-12,07-ago-12,08,2012,628.375
mi.-08-ago-12,08-ago-12,08,2012,620.125
ju.-09-ago-12,09-ago-12,08,2012,616.75
vi.-10-ago-12,10-ago-12,08,2012,617
sá.-11-ago-12,11-ago-12,08,2012,617
do.-12-ago-12,12-ago-12,08,2012,617
lu.-13-ago-12,13-ago-12,08,2012,609.5
ma.-14-ago-12,14-ago-12,08,2012,609.125
mi.-15-ago-12,15-ago-12,08,2012,610.5
ju.-16-ago-12,16-ago-12,08,2012,596.875
vi.-17-ago-12,17-ago-12,08,2012,597.25
sá.-18-ago-12,18-ago-12,08,2012,597.25
do.-19-ago-12,19-ago-12,08,2012,597.25
lu.-20-ago-12,20-ago-12,08,2012,604.875
ma.-21-ago-12,21-ago-12,08,2012,602
mi.-22-ago-12,22-ago-12,08,2012,593.75
ju.-23-ago-12,23-ago-12,08,2012,591.75
vi.-24-ago-12,24-ago-12,08,2012,597.75
sá.-25-ago-12,25-ago-12,08,2012,597.75
do.-26-ago-12,26-ago-12,08,2012,597.75
lu.-27-ago-12,27-ago-12,08,2012,615
ma.-28-ago-12,28-ago-12,08,2012,619.75
mi.-29-ago-12,29-ago-12,08,2012,614.75
ju.-30-ago-12,30-ago-12,08,2012,605
vi.-31-ago-12,31-ago-12,08,2012,607.75
sá.-01-sep-12,01-sep-12,09,2012,607.75
do.-02-sep-12,02-sep-12,09,2012,607.75
lu.-03-sep-12,03-sep-12,09,2012,610.25
ma.-04-sep-12,04-sep-12,09,2012,610.25
mi.-05-sep-12,05-sep-12,09,2012,587.25
ju.-06-sep-12,06-sep-12,09,2012,575.5
vi.-07-sep-12,07-sep-12,09,2012,593.625
sá.-08-sep-12,08-sep-12,09,2012,593.625
do.-09-sep-12,09-sep-12,09,2012,593.625
lu.-10-sep-12,10-sep-12,09,2012,631.75
ma.-11-sep-12,11-sep-12,09,2012,642.25
mi.-12-sep-12,12-sep-12,09,2012,645.375
ju.-13-sep-12,13-sep-12,09,2012,649.375
vi.-14-sep-12,14-sep-12,09,2012,653.125
sá.-15-sep-12,15-sep-12,09,2012,653.125
do.-16-sep-12,16-sep-12,09,2012,653.125
lu.-17-sep-12,17-sep-12,09,2012,631.625
ma.-18-sep-12,18-sep-12,09,2012,641.375
mi.-19-sep-12,19-sep-12,09,2012,630.625
ju.-20-sep-12,20-sep-12,09,2012,607.875
vi.-21-sep-12,21-sep-12,09,2012,626.625
sá.-22-sep-12,22-sep-12,09,2012,626.625
do.-23-sep-12,23-sep-12,09,2012,626.625
lu.-24-sep-12,24-sep-12,09,2012,624.25
ma.-25-sep-12,25-sep-12,09,2012,656.875
mi.-26-sep-12,26-sep-12,09,2012,611.875
ju.-27-sep-12,27-sep-12,09,2012,630.75
vi.-28-sep-12,28-sep-12,09,2012,626.625
sá.-29-sep-12,29-sep-12,09,2012,626.625
do.-30-sep-12,30-sep-12,09,2012,626.625
lu.-01-oct-12,01-oct-12,10,2012,645
ma.-02-oct-12,02-oct-12,10,2012,656.625
mi.-03-oct-12,03-oct-12,10,2012,652.5
ju.-04-oct-12,04-oct-12,10,2012,627.75
vi.-05-oct-12,05-oct-12,10,2012,603.375
sá.-06-oct-12,06-oct-12,10,2012,603.375
do.-07-oct-12,07-oct-12,10,2012,603.375
lu.-08-oct-12,08-oct-12,10,2012,603.375
ma.-09-oct-12,09-oct-12,10,2012,594.125
mi.-10-oct-12,10-oct-12,10,2012,586.875
ju.-11-oct-12,11-oct-12,10,2012,577.25
vi.-12-oct-12,12-oct-12,10,2012,580.25
sá.-13-oct-12,13-oct-12,10,2012,580.25
do.-14-oct-12,14-oct-12,10,2012,580.25
lu.-15-oct-12,15-oct-12,10,2012,577
ma.-16-oct-12,16-oct-12,10,2012,582.625
mi.-17-oct-12,17-oct-12,10,2012,578.375
ju.-18-oct-12,18-oct-12,10,2012,568.375
vi.-19-oct-12,19-oct-12,10,2012,577.5
sá.-20-oct-12,20-oct-12,10,2012,577.5
do.-21-oct-12,21-oct-12,10,2012,577.5
lu.-22-oct-12,22-oct-12,10,2012,591.875
ma.-23-oct-12,23-oct-12,10,2012,579.625
mi.-24-oct-12,24-oct-12,10,2012,575.5
ju.-25-oct-12,25-oct-12,10,2012,580.375
vi.-26-oct-12,26-oct-12,10,2012,568.625
sá.-27-oct-12,27-oct-12,10,2012,568.625
do.-28-oct-12,28-oct-12,10,2012,568.625
lu.-29-oct-12,29-oct-12,10,2012,583.75
ma.-30-oct-12,30-oct-12,10,2012,565
mi.-31-oct-12,31-oct-12,10,2012,558.125
ju.-01-nov-12,01-nov-12,11,2012,551.375
vi.-02-nov-12,02-nov-12,11,2012,556.375
sá.-03-nov-12,03-nov-12,11,2012,556.375
do.-04-nov-12,04-nov-12,11,2012,556.375
lu.-05-nov-12,05-nov-12,11,2012,542.125
ma.-06-nov-12,06-nov-12,11,2012,536.5
mi.-07-nov-12,07-nov-12,11,2012,539
ju.-08-nov-12,08-nov-12,11,2012,539.25
vi.-09-nov-12,09-nov-12,11,2012,538.875
sá.-10-nov-12,10-nov-12,11,2012,538.875
do.-11-nov-12,11-nov-12,11,2012,538.875
lu.-12-nov-12,12-nov-12,11,2012,550.5
ma.-13-nov-12,13-nov-12,11,2012,524.875
mi.-14-nov-12,14-nov-12,11,2012,532
ju.-15-nov-12,15-nov-12,11,2012,535.75
vi.-16-nov-12,16-nov-12,11,2012,531.75
sá.-17-nov-12,17-nov-12,11,2012,531.75
do.-18-nov-12,18-nov-12,11,2012,531.75
lu.-19-nov-12,19-nov-12,11,2012,541.625
ma.-20-nov-12,20-nov-12,11,2012,536.375
mi.-21-nov-12,21-nov-12,11,2012,538
ju.-22-nov-12,22-nov-12,11,2012,538
vi.-23-nov-12,23-nov-12,11,2012,533.875
sá.-24-nov-12,24-nov-12,11,2012,533.875
do.-25-nov-12,25-nov-12,11,2012,533.875
lu.-26-nov-12,26-nov-12,11,2012,523.875
ma.-27-nov-12,27-nov-12,11,2012,525.625
mi.-28-nov-12,28-nov-12,11,2012,545.5
ju.-29-nov-12,29-nov-12,11,2012,547.125
vi.-30-nov-12,30-nov-12,11,2012,530.375
sá.-01-dic-12,01-dic-12,12,2012,530.375
do.-02-dic-12,02-dic-12,12,2012,530.375
lu.-03-dic-12,03-dic-12,12,2012,534.625
ma.-04-dic-12,04-dic-12,12,2012,525
mi.-05-dic-12,05-dic-12,12,2012,527.5
ju.-06-dic-12,06-dic-12,12,2012,534.25
vi.-07-dic-12,07-dic-12,12,2012,544.125
sá.-08-dic-12,08-dic-12,12,2012,544.125
do.-09-dic-12,09-dic-12,12,2012,544.125
lu.-10-dic-12,10-dic-12,12,2012,519.625
ma.-11-dic-12,11-dic-12,12,2012,529.375
mi.-12-dic-12,12-dic-12,12,2012,516.375
ju.-13-dic-12,13-dic-12,12,2012,506.375
vi.-14-dic-12,14-dic-12,12,2012,512
sá.-15-dic-12,15-dic-12,12,2012,512
do.-16-dic-12,16-dic-12,12,2012,512
lu.-17-dic-12,17-dic-12,12,2012,522.125
ma.-18-dic-12,18-dic-12,12,2012,513.125
mi.-19-dic-12,19-dic-12,12,2012,515.5
ju.-20-dic-12,20-dic-12,12,2012,507.625
vi.-21-dic-12,21-dic-12,12,2012,517
sá.-22-dic-12,22-dic-12,12,2012,517
do.-23-dic-12,23-dic-12,12,2012,517
lu.-24-dic-12,24-dic-12,12,2012,516.625
ma.-25-dic-12,25-dic-12,12,2012,516.625
mi.-26-dic-12,26-dic-12,12,2012,522.5
ju.-27-dic-12,27-dic-12,12,2012,521.25
vi.-28-dic-12,28-dic-12,12,2012,515.375
sá.-29-dic-12,29-dic-12,12,2012,515.375
do.-30-dic-12,30-dic-12,12,2012,515.375
lu.-31-dic-12,31-dic-12,12,2012,504.375
ma.-01-ene-13,01-ene-13,01,2013,504.375
mi.-02-ene-13,02-ene-13,01,2013,524.125
ju.-03-ene-13,03-ene-13,01,2013,513
vi.-04-ene-13,04-ene-13,01,2013,518.5
sá.-05-ene-13,05-ene-13,01,2013,518.5
do.-06-ene-13,06-ene-13,01,2013,518.5
lu.-07-ene-13,07-ene-13,01,2013,529.625
ma.-08-ene-13,08-ene-13,01,2013,521.75
mi.-09-ene-13,09-ene-13,01,2013,519.75
ju.-10-ene-13,10-ene-13,01,2013,523.125
vi.-11-ene-13,11-ene-13,01,2013,536.75
sá.-12-ene-13,12-ene-13,01,2013,536.75
do.-13-ene-13,13-ene-13,01,2013,536.75
lu.-14-ene-13,14-ene-13,01,2013,535.25
ma.-15-ene-13,15-ene-13,01,2013,535.875
mi.-16-ene-13,16-ene-13,01,2013,539
ju.-17-ene-13,17-ene-13,01,2013,543.75
vi.-18-ene-13,18-ene-13,01,2013,548
sá.-19-ene-13,19-ene-13,01,2013,548
do.-20-ene-13,20-ene-13,01,2013,548
lu.-21-ene-13,21-ene-13,01,2013,548
ma.-22-ene-13,22-ene-13,01,2013,522.75
mi.-23-ene-13,23-ene-13,01,2013,530.125
ju.-24-ene-13,24-ene-13,01,2013,515.625
vi.-25-ene-13,25-ene-13,01,2013,522.125
sá.-26-ene-13,26-ene-13,01,2013,522.125
do.-27-ene-13,27-ene-13,01,2013,522.125
lu.-28-ene-13,28-ene-13,01,2013,524.75
ma.-29-ene-13,29-ene-13,01,2013,525.5
mi.-30-ene-13,30-ene-13,01,2013,519
ju.-31-ene-13,31-ene-13,01,2013,515.875
vi.-01-feb-13,01-feb-13,02,2013,519.75
sá.-02-feb-13,02-feb-13,02,2013,519.75
do.-03-feb-13,03-feb-13,02,2013,519.75
lu.-04-feb-13,04-feb-13,02,2013,510.375
ma.-05-feb-13,05-feb-13,02,2013,508.875
mi.-06-feb-13,06-feb-13,02,2013,503
ju.-07-feb-13,07-feb-13,02,2013,496.5
vi.-08-feb-13,08-feb-13,02,2013,497.375
sá.-09-feb-13,09-feb-13,02,2013,497.375
do.-10-feb-13,10-feb-13,02,2013,497.375
lu.-11-feb-13,11-feb-13,02,2013,493.5
ma.-12-feb-13,12-feb-13,02,2013,494.25
mi.-13-feb-13,13-feb-13,02,2013,497.125
ju.-14-feb-13,14-feb-13,02,2013,495.625
vi.-15-feb-13,15-feb-13,02,2013,494.75
sá.-16-feb-13,16-feb-13,02,2013,494.75
do.-17-feb-13,17-feb-13,02,2013,494.75
lu.-18-feb-13,18-feb-13,02,2013,494.75
ma.-19-feb-13,19-feb-13,02,2013,489.125
mi.-20-feb-13,20-feb-13,02,2013,501.5
ju.-21-feb-13,21-feb-13,02,2013,504
vi.-22-feb-13,22-feb-13,02,2013,511.5
sá.-23-feb-13,23-feb-13,02,2013,511.5
do.-24-feb-13,24-feb-13,02,2013,511.5
lu.-25-feb-13,25-feb-13,02,2013,513.25
ma.-26-feb-13,26-feb-13,02,2013,516.125
mi.-27-feb-13,27-feb-13,02,2013,514.5
ju.-28-feb-13,28-feb-13,02,2013,520.75
vi.-01-mar-13,01-mar-13,03,2013,521.375
sá.-02-mar-13,02-mar-13,03,2013,521.375
do.-03-mar-13,03-mar-13,03,2013,521.375
lu.-04-mar-13,04-mar-13,03,2013,537.625
ma.-05-mar-13,05-mar-13,03,2013,515.875
mi.-06-mar-13,06-mar-13,03,2013,515.75
ju.-07-mar-13,07-mar-13,03,2013,520.875
vi.-08-mar-13,08-mar-13,03,2013,524.375
sá.-09-mar-13,09-mar-13,03,2013,524.375
do.-10-mar-13,10-mar-13,03,2013,524.375
lu.-11-mar-13,11-mar-13,03,2013,523.375
ma.-12-mar-13,12-mar-13,03,2013,517.375
mi.-13-mar-13,13-mar-13,03,2013,510.5
ju.-14-mar-13,14-mar-13,03,2013,507
vi.-15-mar-13,15-mar-13,03,2013,501.375
sá.-16-mar-13,16-mar-13,03,2013,501.375
do.-17-mar-13,17-mar-13,03,2013,501.375
lu.-18-mar-13,18-mar-13,03,2013,497.75
ma.-19-mar-13,19-mar-13,03,2013,493.875
mi.-20-mar-13,20-mar-13,03,2013,497.875
ju.-21-mar-13,21-mar-13,03,2013,498.875
vi.-22-mar-13,22-mar-13,03,2013,507.375
sá.-23-mar-13,23-mar-13,03,2013,507.375
do.-24-mar-13,24-mar-13,03,2013,507.375
lu.-25-mar-13,25-mar-13,03,2013,508.5
ma.-26-mar-13,26-mar-13,03,2013,516.5
mi.-27-mar-13,27-mar-13,03,2013,510.875
ju.-28-mar-13,28-mar-13,03,2013,513
vi.-29-mar-13,29-mar-13,03,2013,513
sá.-30-mar-13,30-mar-13,03,2013,513
do.-31-mar-13,31-mar-13,03,2013,513
lu.-01-abr-13,01-abr-13,04,2013,516.625
ma.-02-abr-13,02-abr-13,04,2013,506
mi.-03-abr-13,03-abr-13,04,2013,516.5
ju.-04-abr-13,04-abr-13,04,2013,519.375
vi.-05-abr-13,05-abr-13,04,2013,522.625
sá.-06-abr-13,06-abr-13,04,2013,522.625
do.-07-abr-13,07-abr-13,04,2013,522.625
lu.-08-abr-13,08-abr-13,04,2013,505.75
ma.-09-abr-13,09-abr-13,04,2013,513
mi.-10-abr-13,10-abr-13,04,2013,515.875
ju.-11-abr-13,11-abr-13,04,2013,520.375
vi.-12-abr-13,12-abr-13,04,2013,513.625
sá.-13-abr-13,13-abr-13,04,2013,513.625
do.-14-abr-13,14-abr-13,04,2013,513.625
lu.-15-abr-13,15-abr-13,04,2013,511.75
ma.-16-abr-13,16-abr-13,04,2013,515.75
mi.-17-abr-13,17-abr-13,04,2013,519
ju.-18-abr-13,18-abr-13,04,2013,523.875
vi.-19-abr-13,19-abr-13,04,2013,531.75
sá.-20-abr-13,20-abr-13,04,2013,531.75
do.-21-abr-13,21-abr-13,04,2013,531.75
lu.-22-abr-13,22-abr-13,04,2013,532
ma.-23-abr-13,23-abr-13,04,2013,510.75
mi.-24-abr-13,24-abr-13,04,2013,513.625
ju.-25-abr-13,25-abr-13,04,2013,508
vi.-26-abr-13,26-abr-13,04,2013,502.375
sá.-27-abr-13,27-abr-13,04,2013,502.375
do.-28-abr-13,28-abr-13,04,2013,502.375
lu.-29-abr-13,29-abr-13,04,2013,501.875
ma.-30-abr-13,30-abr-13,04,2013,505.375
mi.-01-may-13,01-may-13,05,2013,504
ju.-02-may-13,02-may-13,05,2013,518.25
vi.-03-may-13,03-may-13,05,2013,522.25
sá.-04-may-13,04-may-13,05,2013,522.25
do.-05-may-13,05-may-13,05,2013,522.25
lu.-06-may-13,06-may-13,05,2013,523.875
ma.-07-may-13,07-may-13,05,2013,527
mi.-08-may-13,08-may-13,05,2013,533.625
ju.-09-may-13,09-may-13,05,2013,547.25
vi.-10-may-13,10-may-13,05,2013,535.625
sá.-11-may-13,11-may-13,05,2013,535.625
do.-12-may-13,12-may-13,05,2013,535.625
lu.-13-may-13,13-may-13,05,2013,540.5
ma.-14-may-13,14-may-13,05,2013,535.625
mi.-15-may-13,15-may-13,05,2013,524.125
ju.-16-may-13,16-may-13,05,2013,520
vi.-17-may-13,17-may-13,05,2013,509.625
sá.-18-may-13,18-may-13,05,2013,509.625
do.-19-may-13,19-may-13,05,2013,509.625
lu.-20-may-13,20-may-13,05,2013,503.125
ma.-21-may-13,21-may-13,05,2013,495.125
mi.-22-may-13,22-may-13,05,2013,483.375
ju.-23-may-13,23-may-13,05,2013,492.25
vi.-24-may-13,24-may-13,05,2013,484.375
sá.-25-may-13,25-may-13,05,2013,484.375
do.-26-may-13,26-may-13,05,2013,484.375
lu.-27-may-13,27-may-13,05,2013,487.25
ma.-28-may-13,28-may-13,05,2013,487.25
mi.-29-may-13,29-may-13,05,2013,489.75
ju.-30-may-13,30-may-13,05,2013,482.5
vi.-31-may-13,31-may-13,05,2013,490.5
sá.-01-jun-13,01-jun-13,06,2013,490.5
do.-02-jun-13,02-jun-13,06,2013,490.5
lu.-03-jun-13,03-jun-13,06,2013,498
ma.-04-jun-13,04-jun-13,06,2013,490.25
mi.-05-jun-13,05-jun-13,06,2013,491.375
ju.-06-jun-13,06-jun-13,06,2013,498.5
vi.-07-jun-13,07-jun-13,06,2013,484.375
sá.-08-jun-13,08-jun-13,06,2013,484.375
do.-09-jun-13,09-jun-13,06,2013,484.375
lu.-10-jun-13,10-jun-13,06,2013,492.125
ma.-11-jun-13,11-jun-13,06,2013,491.75
mi.-12-jun-13,12-jun-13,06,2013,470.375
ju.-13-jun-13,13-jun-13,06,2013,472.625
vi.-14-jun-13,14-jun-13,06,2013,464.25
sá.-15-jun-13,15-jun-13,06,2013,464.25
do.-16-jun-13,16-jun-13,06,2013,464.25
lu.-17-jun-13,17-jun-13,06,2013,466.125
ma.-18-jun-13,18-jun-13,06,2013,475.375
mi.-19-jun-13,19-jun-13,06,2013,476.125
ju.-20-jun-13,20-jun-13,06,2013,464.25
vi.-21-jun-13,21-jun-13,06,2013,467.125
sá.-22-jun-13,22-jun-13,06,2013,467.125
do.-23-jun-13,23-jun-13,06,2013,467.125
lu.-24-jun-13,24-jun-13,06,2013,471.25
ma.-25-jun-13,25-jun-13,06,2013,468.625
mi.-26-jun-13,26-jun-13,06,2013,462
ju.-27-jun-13,27-jun-13,06,2013,473.625
vi.-28-jun-13,28-jun-13,06,2013,467.625
sá.-29-jun-13,29-jun-13,06,2013,467.625
do.-30-jun-13,30-jun-13,06,2013,467.625
lu.-01-jul-13,01-jul-13,07,2013,472.375
ma.-02-jul-13,02-jul-13,07,2013,480.875
mi.-03-jul-13,03-jul-13,07,2013,469.5
ju.-04-jul-13,04-jul-13,07,2013,469.5
vi.-05-jul-13,05-jul-13,07,2013,472.75
sá.-06-jul-13,06-jul-13,07,2013,472.75
do.-07-jul-13,07-jul-13,07,2013,472.75
lu.-08-jul-13,08-jul-13,07,2013,480.5
ma.-09-jul-13,09-jul-13,07,2013,470.5
mi.-10-jul-13,10-jul-13,07,2013,467.625
ju.-11-jul-13,11-jul-13,07,2013,472.25
vi.-12-jul-13,12-jul-13,07,2013,455.125
sá.-13-jul-13,13-jul-13,07,2013,455.125
do.-14-jul-13,14-jul-13,07,2013,455.125
lu.-15-jul-13,15-jul-13,07,2013,464.875
ma.-16-jul-13,16-jul-13,07,2013,474.125
mi.-17-jul-13,17-jul-13,07,2013,481
ju.-18-jul-13,18-jul-13,07,2013,482
vi.-19-jul-13,19-jul-13,07,2013,462.375
sá.-20-jul-13,20-jul-13,07,2013,462.375
do.-21-jul-13,21-jul-13,07,2013,462.375
lu.-22-jul-13,22-jul-13,07,2013,472.5
ma.-23-jul-13,23-jul-13,07,2013,477.5
mi.-24-jul-13,24-jul-13,07,2013,459.25
ju.-25-jul-13,25-jul-13,07,2013,471.875
vi.-26-jul-13,26-jul-13,07,2013,461.25
sá.-27-jul-13,27-jul-13,07,2013,461.25
do.-28-jul-13,28-jul-13,07,2013,461.25
lu.-29-jul-13,29-jul-13,07,2013,458.125
ma.-30-jul-13,30-jul-13,07,2013,455.125
mi.-31-jul-13,31-jul-13,07,2013,449.5
ju.-01-ago-13,01-ago-13,08,2013,439.125
vi.-02-ago-13,02-ago-13,08,2013,446.875
sá.-03-ago-13,03-ago-13,08,2013,446.875
do.-04-ago-13,04-ago-13,08,2013,446.875
lu.-05-ago-13,05-ago-13,08,2013,450.75
ma.-06-ago-13,06-ago-13,08,2013,443.25
mi.-07-ago-13,07-ago-13,08,2013,455.25
ju.-08-ago-13,08-ago-13,08,2013,458.375
vi.-09-ago-13,09-ago-13,08,2013,460.625
sá.-10-ago-13,10-ago-13,08,2013,460.625
do.-11-ago-13,11-ago-13,08,2013,460.625
lu.-12-ago-13,12-ago-13,08,2013,463.875
ma.-13-ago-13,13-ago-13,08,2013,454.375
mi.-14-ago-13,14-ago-13,08,2013,464.25
ju.-15-ago-13,15-ago-13,08,2013,471.25
vi.-16-ago-13,16-ago-13,08,2013,470
sá.-17-ago-13,17-ago-13,08,2013,470
do.-18-ago-13,18-ago-13,08,2013,470
lu.-19-ago-13,19-ago-13,08,2013,466.375
ma.-20-ago-13,20-ago-13,08,2013,453.375
mi.-21-ago-13,21-ago-13,08,2013,443.875
ju.-22-ago-13,22-ago-13,08,2013,440.75
vi.-23-ago-13,23-ago-13,08,2013,439.25
sá.-24-ago-13,24-ago-13,08,2013,439.25
do.-25-ago-13,25-ago-13,08,2013,439.25
lu.-26-ago-13,26-ago-13,08,2013,444.375
ma.-27-ago-13,27-ago-13,08,2013,443.75
mi.-28-ago-13,28-ago-13,08,2013,450.25
ju.-29-ago-13,29-ago-13,08,2013,447.625
vi.-30-ago-13,30-ago-13,08,2013,437.5
sá.-31-ago-13,31-ago-13,08,2013,437.5
do.-01-sep-13,01-sep-13,09,2013,437.5
lu.-02-sep-13,02-sep-13,09,2013,437.5
ma.-03-sep-13,03-sep-13,09,2013,444.5
mi.-04-sep-13,04-sep-13,09,2013,441.625
ju.-05-sep-13,05-sep-13,09,2013,446.125
vi.-06-sep-13,06-sep-13,09,2013,448.125
sá.-07-sep-13,07-sep-13,09,2013,448.125
do.-08-sep-13,08-sep-13,09,2013,448.125
lu.-09-sep-13,09-sep-13,09,2013,447.5
ma.-10-sep-13,10-sep-13,09,2013,440
mi.-11-sep-13,11-sep-13,09,2013,452
ju.-12-sep-13,12-sep-13,09,2013,451.75
vi.-13-sep-13,13-sep-13,09,2013,450
sá.-14-sep-13,14-sep-13,09,2013,450
do.-15-sep-13,15-sep-13,09,2013,450
lu.-16-sep-13,16-sep-13,09,2013,446
ma.-17-sep-13,17-sep-13,09,2013,428.375
mi.-18-sep-13,18-sep-13,09,2013,425.875
ju.-19-sep-13,19-sep-13,09,2013,423.375
vi.-20-sep-13,20-sep-13,09,2013,422.5
sá.-21-sep-13,21-sep-13,09,2013,422.5
do.-22-sep-13,22-sep-13,09,2013,422.5
lu.-23-sep-13,23-sep-13,09,2013,430.625
ma.-24-sep-13,24-sep-13,09,2013,429.5
mi.-25-sep-13,25-sep-13,09,2013,428
ju.-26-sep-13,26-sep-13,09,2013,424.25
vi.-27-sep-13,27-sep-13,09,2013,417.75
sá.-28-sep-13,28-sep-13,09,2013,417.75
do.-29-sep-13,29-sep-13,09,2013,417.75
lu.-30-sep-13,30-sep-13,09,2013,417.25
ma.-01-oct-13,01-oct-13,10,2013,415.25
mi.-02-oct-13,02-oct-13,10,2013,415.875
ju.-03-oct-13,03-oct-13,10,2013,417.125
vi.-04-oct-13,04-oct-13,10,2013,412.875
sá.-05-oct-13,05-oct-13,10,2013,412.875
do.-06-oct-13,06-oct-13,10,2013,412.875
lu.-07-oct-13,07-oct-13,10,2013,413.375
ma.-08-oct-13,08-oct-13,10,2013,416.25
mi.-09-oct-13,09-oct-13,10,2013,417.375
ju.-10-oct-13,10-oct-13,10,2013,412.75
vi.-11-oct-13,11-oct-13,10,2013,420.5
sá.-12-oct-13,12-oct-13,10,2013,420.5
do.-13-oct-13,13-oct-13,10,2013,420.5
lu.-14-oct-13,14-oct-13,10,2013,421.75
ma.-15-oct-13,15-oct-13,10,2013,420
mi.-16-oct-13,16-oct-13,10,2013,417.875
ju.-17-oct-13,17-oct-13,10,2013,412
vi.-18-oct-13,18-oct-13,10,2013,412.75
sá.-19-oct-13,19-oct-13,10,2013,412.75
do.-20-oct-13,20-oct-13,10,2013,412.75
lu.-21-oct-13,21-oct-13,10,2013,405.25
ma.-22-oct-13,22-oct-13,10,2013,401.75
mi.-23-oct-13,23-oct-13,10,2013,397
ju.-24-oct-13,24-oct-13,10,2013,395.75
vi.-25-oct-13,25-oct-13,10,2013,391.375
sá.-26-oct-13,26-oct-13,10,2013,391.375
do.-27-oct-13,27-oct-13,10,2013,391.375
lu.-28-oct-13,28-oct-13,10,2013,385.875
ma.-29-oct-13,29-oct-13,10,2013,383.375
mi.-30-oct-13,30-oct-13,10,2013,382.875
ju.-31-oct-13,31-oct-13,10,2013,379.375
vi.-01-nov-13,01-nov-13,11,2013,382.375
sá.-02-nov-13,02-nov-13,11,2013,382.375
do.-03-nov-13,03-nov-13,11,2013,382.375
lu.-04-nov-13,04-nov-13,11,2013,375
ma.-05-nov-13,05-nov-13,11,2013,378.125
mi.-06-nov-13,06-nov-13,11,2013,369.5
ju.-07-nov-13,07-nov-13,11,2013,381.5
vi.-08-nov-13,08-nov-13,11,2013,379.625
sá.-09-nov-13,09-nov-13,11,2013,379.625
do.-10-nov-13,10-nov-13,11,2013,379.625
lu.-11-nov-13,11-nov-13,11,2013,377.25
ma.-12-nov-13,12-nov-13,11,2013,386.125
mi.-13-nov-13,13-nov-13,11,2013,375.125
ju.-14-nov-13,14-nov-13,11,2013,372.625
vi.-15-nov-13,15-nov-13,11,2013,391.625
sá.-16-nov-13,16-nov-13,11,2013,391.625
do.-17-nov-13,17-nov-13,11,2013,391.625
lu.-18-nov-13,18-nov-13,11,2013,392.875
ma.-19-nov-13,19-nov-13,11,2013,389.875
mi.-20-nov-13,20-nov-13,11,2013,394.125
ju.-21-nov-13,21-nov-13,11,2013,399.375
vi.-22-nov-13,22-nov-13,11,2013,383.5
sá.-23-nov-13,23-nov-13,11,2013,383.5
do.-24-nov-13,24-nov-13,11,2013,383.5
lu.-25-nov-13,25-nov-13,11,2013,386.875
ma.-26-nov-13,26-nov-13,11,2013,388.125
mi.-27-nov-13,27-nov-13,11,2013,385.75
ju.-28-nov-13,28-nov-13,11,2013,385.75
vi.-29-nov-13,29-nov-13,11,2013,397.5
sá.-30-nov-13,30-nov-13,11,2013,397.5
do.-01-dic-13,01-dic-13,12,2013,397.5
lu.-02-dic-13,02-dic-13,12,2013,394
ma.-03-dic-13,03-dic-13,12,2013,397.75
mi.-04-dic-13,04-dic-13,12,2013,391.5
ju.-05-dic-13,05-dic-13,12,2013,379.875
vi.-06-dic-13,06-dic-13,12,2013,379.75
sá.-07-dic-13,07-dic-13,12,2013,379.75
do.-08-dic-13,08-dic-13,12,2013,379.75
lu.-09-dic-13,09-dic-13,12,2013,379
ma.-10-dic-13,10-dic-13,12,2013,395.625
mi.-11-dic-13,11-dic-13,12,2013,389.25
ju.-12-dic-13,12-dic-13,12,2013,395.75
vi.-13-dic-13,13-dic-13,12,2013,411
sá.-14-dic-13,14-dic-13,12,2013,411
do.-15-dic-13,15-dic-13,12,2013,411
lu.-16-dic-13,16-dic-13,12,2013,411.75
ma.-17-dic-13,17-dic-13,12,2013,409
mi.-18-dic-13,18-dic-13,12,2013,416.5
ju.-19-dic-13,19-dic-13,12,2013,406.25
vi.-20-dic-13,20-dic-13,12,2013,411.625
sá.-21-dic-13,21-dic-13,12,2013,411.625
do.-22-dic-13,22-dic-13,12,2013,411.625
lu.-23-dic-13,23-dic-13,12,2013,411.75
ma.-24-dic-13,24-dic-13,12,2013,406.625
mi.-25-dic-13,25-dic-13,12,2013,406.625
ju.-26-dic-13,26-dic-13,12,2013,408.625
vi.-27-dic-13,27-dic-13,12,2013,414.875
sá.-28-dic-13,28-dic-13,12,2013,414.875
do.-29-dic-13,29-dic-13,12,2013,414.875
lu.-30-dic-13,30-dic-13,12,2013,409
ma.-31-dic-13,31-dic-13,12,2013,393
mi.-01-ene-14,01-ene-14,01,2014,393
ju.-02-ene-14,02-ene-14,01,2014,397.875
vi.-03-ene-14,03-ene-14,01,2014,416.75
sá.-04-ene-14,04-ene-14,01,2014,416.75
do.-05-ene-14,05-ene-14,01,2014,416.75
lu.-06-ene-14,06-ene-14,01,2014,439.25
ma.-07-ene-14,07-ene-14,01,2014,422.125
mi.-08-ene-14,08-ene-14,01,2014,438.125
ju.-09-ene-14,09-ene-14,01,2014,431.5
vi.-10-ene-14,10-ene-14,01,2014,434.625
sá.-11-ene-14,11-ene-14,01,2014,434.625
do.-12-ene-14,12-ene-14,01,2014,434.625
lu.-13-ene-14,13-ene-14,01,2014,432.5
ma.-14-ene-14,14-ene-14,01,2014,432.375
mi.-15-ene-14,15-ene-14,01,2014,425.25
ju.-16-ene-14,16-ene-14,01,2014,431.375
vi.-17-ene-14,17-ene-14,01,2014,430.25
sá.-18-ene-14,18-ene-14,01,2014,430.25
do.-19-ene-14,19-ene-14,01,2014,430.25
lu.-20-ene-14,20-ene-14,01,2014,430.25
ma.-21-ene-14,21-ene-14,01,2014,431.5
mi.-22-ene-14,22-ene-14,01,2014,426.25
ju.-23-ene-14,23-ene-14,01,2014,430
vi.-24-ene-14,24-ene-14,01,2014,425.75
sá.-25-ene-14,25-ene-14,01,2014,425.75
do.-26-ene-14,26-ene-14,01,2014,425.75
lu.-27-ene-14,27-ene-14,01,2014,426.875
ma.-28-ene-14,28-ene-14,01,2014,428.75
mi.-29-ene-14,29-ene-14,01,2014,439.875
ju.-30-ene-14,30-ene-14,01,2014,452.75
vi.-31-ene-14,31-ene-14,01,2014,487.75
sá.-01-feb-14,01-feb-14,02,2014,487.75
do.-02-feb-14,02-feb-14,02,2014,487.75
lu.-03-feb-14,03-feb-14,02,2014,541.25
ma.-04-feb-14,04-feb-14,02,2014,539.125
mi.-05-feb-14,05-feb-14,02,2014,571.875
ju.-06-feb-14,06-feb-14,02,2014,539
vi.-07-feb-14,07-feb-14,02,2014,540.5
sá.-08-feb-14,08-feb-14,02,2014,540.5
do.-09-feb-14,09-feb-14,02,2014,540.5
lu.-10-feb-14,10-feb-14,02,2014,543.125
ma.-11-feb-14,11-feb-14,02,2014,543
mi.-12-feb-14,12-feb-14,02,2014,566.625
ju.-13-feb-14,13-feb-14,02,2014,561.25
vi.-14-feb-14,14-feb-14,02,2014,558.75
sá.-15-feb-14,15-feb-14,02,2014,558.75
do.-16-feb-14,16-feb-14,02,2014,558.75
lu.-17-feb-14,17-feb-14,02,2014,558.75
ma.-18-feb-14,18-feb-14,02,2014,614.75
mi.-19-feb-14,19-feb-14,02,2014,696.25
ju.-20-feb-14,20-feb-14,02,2014,681.125
vi.-21-feb-14,21-feb-14,02,2014,681
sá.-22-feb-14,22-feb-14,02,2014,681
do.-23-feb-14,23-feb-14,02,2014,681
lu.-24-feb-14,24-feb-14,02,2014,709.375
ma.-25-feb-14,25-feb-14,02,2014,709.625
mi.-26-feb-14,26-feb-14,02,2014,720.125
ju.-27-feb-14,27-feb-14,02,2014,725.875
vi.-28-feb-14,28-feb-14,02,2014,727.375
sá.-01-mar-14,01-mar-14,03,2014,727.375
do.-02-mar-14,02-mar-14,03,2014,727.375
lu.-03-mar-14,03-mar-14,03,2014,786.125
ma.-04-mar-14,04-mar-14,03,2014,750.125
mi.-05-mar-14,05-mar-14,03,2014,817.875
ju.-06-mar-14,06-mar-14,03,2014,794.125
vi.-07-mar-14,07-mar-14,03,2014,806.25
sá.-08-mar-14,08-mar-14,03,2014,806.25
do.-09-mar-14,09-mar-14,03,2014,806.25
lu.-10-mar-14,10-mar-14,03,2014,835.375
ma.-11-mar-14,11-mar-14,03,2014,846.375
mi.-12-mar-14,12-mar-14,03,2014,845.625
ju.-13-mar-14,13-mar-14,03,2014,849.25
vi.-14-mar-14,14-mar-14,03,2014,814.5
sá.-15-mar-14,15-mar-14,03,2014,814.5
do.-16-mar-14,16-mar-14,03,2014,814.5
lu.-17-mar-14,17-mar-14,03,2014,781.75
ma.-18-mar-14,18-mar-14,03,2014,781.375
mi.-19-mar-14,19-mar-14,03,2014,747.375
ju.-20-mar-14,20-mar-14,03,2014,694.875
vi.-21-mar-14,21-mar-14,03,2014,683.5
sá.-22-mar-14,22-mar-14,03,2014,683.5
do.-23-mar-14,23-mar-14,03,2014,683.5
lu.-24-mar-14,24-mar-14,03,2014,705
ma.-25-mar-14,25-mar-14,03,2014,694.5
mi.-26-mar-14,26-mar-14,03,2014,694.875
ju.-27-mar-14,27-mar-14,03,2014,693.5
vi.-28-mar-14,28-mar-14,03,2014,711
sá.-29-mar-14,29-mar-14,03,2014,711
do.-30-mar-14,30-mar-14,03,2014,711
lu.-31-mar-14,31-mar-14,03,2014,702.5
ma.-01-abr-14,01-abr-14,04,2014,689.875
mi.-02-abr-14,02-abr-14,04,2014,693.625
ju.-03-abr-14,03-abr-14,04,2014,710.5
vi.-04-abr-14,04-abr-14,04,2014,750
sá.-05-abr-14,05-abr-14,04,2014,750
do.-06-abr-14,06-abr-14,04,2014,750
lu.-07-abr-14,07-abr-14,04,2014,776.125
ma.-08-abr-14,08-abr-14,04,2014,788.125
mi.-09-abr-14,09-abr-14,04,2014,799.875
ju.-10-abr-14,10-abr-14,04,2014,819.75
vi.-11-abr-14,11-abr-14,04,2014,804.75
sá.-12-abr-14,12-abr-14,04,2014,804.75
do.-13-abr-14,13-abr-14,04,2014,804.75
lu.-14-abr-14,14-abr-14,04,2014,818.25
ma.-15-abr-14,15-abr-14,04,2014,772
mi.-16-abr-14,16-abr-14,04,2014,745.125
ju.-17-abr-14,17-abr-14,04,2014,817
vi.-18-abr-14,18-abr-14,04,2014,817
sá.-19-abr-14,19-abr-14,04,2014,817
do.-20-abr-14,20-abr-14,04,2014,817
lu.-21-abr-14,21-abr-14,04,2014,793.125
ma.-22-abr-14,22-abr-14,04,2014,856
mi.-23-abr-14,23-abr-14,04,2014,857.125
ju.-24-abr-14,24-abr-14,04,2014,863
vi.-25-abr-14,25-abr-14,04,2014,834.75
sá.-26-abr-14,26-abr-14,04,2014,834.75
do.-27-abr-14,27-abr-14,04,2014,834.75
lu.-28-abr-14,28-abr-14,04,2014,809.375
ma.-29-abr-14,29-abr-14,04,2014,849.625
mi.-30-abr-14,30-abr-14,04,2014,827.125
ju.-01-may-14,01-may-14,05,2014,820.5
vi.-02-may-14,02-may-14,05,2014,810.875
sá.-03-may-14,03-may-14,05,2014,810.875
do.-04-may-14,04-may-14,05,2014,810.875
lu.-05-may-14,05-may-14,05,2014,819.375
ma.-06-may-14,06-may-14,05,2014,804.625
mi.-07-may-14,07-may-14,05,2014,796.5
ju.-08-may-14,08-may-14,05,2014,770.75
vi.-09-may-14,09-may-14,05,2014,727.25
sá.-10-may-14,10-may-14,05,2014,727.25
do.-11-may-14,11-may-14,05,2014,727.25
lu.-12-may-14,12-may-14,05,2014,751.875
ma.-13-may-14,13-may-14,05,2014,746.875
mi.-14-may-14,14-may-14,05,2014,731.25
ju.-15-may-14,15-may-14,05,2014,783
vi.-16-may-14,16-may-14,05,2014,731.75
sá.-17-may-14,17-may-14,05,2014,731.75
do.-18-may-14,18-may-14,05,2014,731.75
lu.-19-may-14,19-may-14,05,2014,723.25
ma.-20-may-14,20-may-14,05,2014,733
mi.-21-may-14,21-may-14,05,2014,711.75
ju.-22-may-14,22-may-14,05,2014,709.375
vi.-23-may-14,23-may-14,05,2014,714
sá.-24-may-14,24-may-14,05,2014,714
do.-25-may-14,25-may-14,05,2014,714
lu.-26-may-14,26-may-14,05,2014,714
ma.-27-may-14,27-may-14,05,2014,706
mi.-28-may-14,28-may-14,05,2014,690.875
ju.-29-may-14,29-may-14,05,2014,712.5
vi.-30-may-14,30-may-14,05,2014,691.875
sá.-31-may-14,31-may-14,05,2014,691.875
do.-01-jun-14,01-jun-14,06,2014,691.875
lu.-02-jun-14,02-jun-14,06,2014,671.875
ma.-03-jun-14,03-jun-14,06,2014,666.875
mi.-04-jun-14,04-jun-14,06,2014,663.375
ju.-05-jun-14,05-jun-14,06,2014,657
vi.-06-jun-14,06-jun-14,06,2014,665.625
sá.-07-jun-14,07-jun-14,06,2014,665.625
do.-08-jun-14,08-jun-14,06,2014,665.625
lu.-09-jun-14,09-jun-14,06,2014,640.125
ma.-10-jun-14,10-jun-14,06,2014,640.25
mi.-11-jun-14,11-jun-14,06,2014,663.5
ju.-12-jun-14,12-jun-14,06,2014,653.5
vi.-13-jun-14,13-jun-14,06,2014,673.875
sá.-14-jun-14,14-jun-14,06,2014,673.875
do.-15-jun-14,15-jun-14,06,2014,673.875
lu.-16-jun-14,16-jun-14,06,2014,674.5
ma.-17-jun-14,17-jun-14,06,2014,664.125
mi.-18-jun-14,18-jun-14,06,2014,647.5
ju.-19-jun-14,19-jun-14,06,2014,641.5
vi.-20-jun-14,20-jun-14,06,2014,666.875
sá.-21-jun-14,21-jun-14,06,2014,666.875
do.-22-jun-14,22-jun-14,06,2014,666.875
lu.-23-jun-14,23-jun-14,06,2014,674.125
ma.-24-jun-14,24-jun-14,06,2014,672.25
mi.-25-jun-14,25-jun-14,06,2014,691.375
ju.-26-jun-14,26-jun-14,06,2014,687.75
vi.-27-jun-14,27-jun-14,06,2014,654.25
sá.-28-jun-14,28-jun-14,06,2014,654.25
do.-29-jun-14,29-jun-14,06,2014,654.25
lu.-30-jun-14,30-jun-14,06,2014,664.125
ma.-01-jul-14,01-jul-14,07,2014,640.875
mi.-02-jul-14,02-jul-14,07,2014,648.75
ju.-03-jul-14,03-jul-14,07,2014,638
vi.-04-jul-14,04-jul-14,07,2014,638
sá.-05-jul-14,05-jul-14,07,2014,638
do.-06-jul-14,06-jul-14,07,2014,638
lu.-07-jul-14,07-jul-14,07,2014,639.75
ma.-08-jul-14,08-jul-14,07,2014,646.5
mi.-09-jul-14,09-jul-14,07,2014,648.125
ju.-10-jul-14,10-jul-14,07,2014,609.25
vi.-11-jul-14,11-jul-14,07,2014,603.625
sá.-12-jul-14,12-jul-14,07,2014,603.625
do.-13-jul-14,13-jul-14,07,2014,603.625
lu.-14-jul-14,14-jul-14,07,2014,616
ma.-15-jul-14,15-jul-14,07,2014,609.625
mi.-16-jul-14,16-jul-14,07,2014,611.25
ju.-17-jul-14,17-jul-14,07,2014,619.125
vi.-18-jul-14,18-jul-14,07,2014,649.625
sá.-19-jul-14,19-jul-14,07,2014,649.625
do.-20-jul-14,20-jul-14,07,2014,649.625
lu.-21-jul-14,21-jul-14,07,2014,647
ma.-22-jul-14,22-jul-14,07,2014,625.625
mi.-23-jul-14,23-jul-14,07,2014,657.75
ju.-24-jul-14,24-jul-14,07,2014,664.125
vi.-25-jul-14,25-jul-14,07,2014,668.375
sá.-26-jul-14,26-jul-14,07,2014,668.375
do.-27-jul-14,27-jul-14,07,2014,668.375
lu.-28-jul-14,28-jul-14,07,2014,675.875
ma.-29-jul-14,29-jul-14,07,2014,678.125
mi.-30-jul-14,30-jul-14,07,2014,693.75
ju.-31-jul-14,31-jul-14,07,2014,735.75
vi.-01-ago-14,01-ago-14,08,2014,725.25
sá.-02-ago-14,02-ago-14,08,2014,725.25
do.-03-ago-14,03-ago-14,08,2014,725.25
lu.-04-ago-14,04-ago-14,08,2014,721
ma.-05-ago-14,05-ago-14,08,2014,721
mi.-06-ago-14,06-ago-14,08,2014,723.625
ju.-07-ago-14,07-ago-14,08,2014,697.125
vi.-08-ago-14,08-ago-14,08,2014,678.5
sá.-09-ago-14,09-ago-14,08,2014,678.5
do.-10-ago-14,10-ago-14,08,2014,678.5
lu.-11-ago-14,11-ago-14,08,2014,707.5
ma.-12-ago-14,12-ago-14,08,2014,687.625
mi.-13-ago-14,13-ago-14,08,2014,684.375
ju.-14-ago-14,14-ago-14,08,2014,680.25
vi.-15-ago-14,15-ago-14,08,2014,716.75
sá.-16-ago-14,16-ago-14,08,2014,716.75
do.-17-ago-14,17-ago-14,08,2014,716.75
lu.-18-ago-14,18-ago-14,08,2014,716.375
ma.-19-ago-14,19-ago-14,08,2014,696.125
mi.-20-ago-14,20-ago-14,08,2014,713
ju.-21-ago-14,21-ago-14,08,2014,715.875
vi.-22-ago-14,22-ago-14,08,2014,708.875
sá.-23-ago-14,23-ago-14,08,2014,708.875
do.-24-ago-14,24-ago-14,08,2014,708.875
lu.-25-ago-14,25-ago-14,08,2014,714.625
ma.-26-ago-14,26-ago-14,08,2014,748.25
mi.-27-ago-14,27-ago-14,08,2014,750
ju.-28-ago-14,28-ago-14,08,2014,756.25
vi.-29-ago-14,29-ago-14,08,2014,754.375
sá.-30-ago-14,30-ago-14,08,2014,754.375
do.-31-ago-14,31-ago-14,08,2014,754.375
lu.-01-sep-14,01-sep-14,09,2014,754.375
ma.-02-sep-14,02-sep-14,09,2014,791.75
mi.-03-sep-14,03-sep-14,09,2014,751.875
ju.-04-sep-14,04-sep-14,09,2014,757.625
vi.-05-sep-14,05-sep-14,09,2014,740
sá.-06-sep-14,06-sep-14,09,2014,740
do.-07-sep-14,07-sep-14,09,2014,740
lu.-08-sep-14,08-sep-14,09,2014,730.25
ma.-09-sep-14,09-sep-14,09,2014,731.375
mi.-10-sep-14,10-sep-14,09,2014,687.125
ju.-11-sep-14,11-sep-14,09,2014,707.125
vi.-12-sep-14,12-sep-14,09,2014,709.125
sá.-13-sep-14,13-sep-14,09,2014,709.125
do.-14-sep-14,14-sep-14,09,2014,709.125
lu.-15-sep-14,15-sep-14,09,2014,691.875
ma.-16-sep-14,16-sep-14,09,2014,699.125
mi.-17-sep-14,17-sep-14,09,2014,697.75
ju.-18-sep-14,18-sep-14,09,2014,681.75
vi.-19-sep-14,19-sep-14,09,2014,668.875
sá.-20-sep-14,20-sep-14,09,2014,668.875
do.-21-sep-14,21-sep-14,09,2014,668.875
lu.-22-sep-14,22-sep-14,09,2014,684.125
ma.-23-sep-14,23-sep-14,09,2014,690.125
mi.-24-sep-14,24-sep-14,09,2014,723.375
ju.-25-sep-14,25-sep-14,09,2014,698.875
vi.-26-sep-14,26-sep-14,09,2014,714.5
sá.-27-sep-14,27-sep-14,09,2014,714.5
do.-28-sep-14,28-sep-14,09,2014,714.5
lu.-29-sep-14,29-sep-14,09,2014,743.625
ma.-30-sep-14,30-sep-14,09,2014,751.625
mi.-01-oct-14,01-oct-14,10,2014,781.875
ju.-02-oct-14,02-oct-14,10,2014,810
vi.-03-oct-14,03-oct-14,10,2014,807.875
sá.-04-oct-14,04-oct-14,10,2014,807.875
do.-05-oct-14,05-oct-14,10,2014,807.875
lu.-06-oct-14,06-oct-14,10,2014,863.5
ma.-07-oct-14,07-oct-14,10,2014,844.625
mi.-08-oct-14,08-oct-14,10,2014,843.375
ju.-09-oct-14,09-oct-14,10,2014,872.375
vi.-10-oct-14,10-oct-14,10,2014,868.75
sá.-11-oct-14,11-oct-14,10,2014,868.75
do.-12-oct-14,12-oct-14,10,2014,868.75
lu.-13-oct-14,13-oct-14,10,2014,858.875
ma.-14-oct-14,14-oct-14,10,2014,874.875
mi.-15-oct-14,15-oct-14,10,2014,858.625
ju.-16-oct-14,16-oct-14,10,2014,863.375
vi.-17-oct-14,17-oct-14,10,2014,833.75
sá.-18-oct-14,18-oct-14,10,2014,833.75
do.-19-oct-14,19-oct-14,10,2014,833.75
lu.-20-oct-14,20-oct-14,10,2014,777.5
ma.-21-oct-14,21-oct-14,10,2014,771.375
mi.-22-oct-14,22-oct-14,10,2014,744.125
ju.-23-oct-14,23-oct-14,10,2014,755.125
vi.-24-oct-14,24-oct-14,10,2014,746.375
sá.-25-oct-14,25-oct-14,10,2014,746.375
do.-26-oct-14,26-oct-14,10,2014,746.375
lu.-27-oct-14,27-oct-14,10,2014,748.625
ma.-28-oct-14,28-oct-14,10,2014,749.875
mi.-29-oct-14,29-oct-14,10,2014,734.75
ju.-30-oct-14,30-oct-14,10,2014,728.125
vi.-31-oct-14,31-oct-14,10,2014,732.625
sá.-01-nov-14,01-nov-14,11,2014,732.625
do.-02-nov-14,02-nov-14,11,2014,732.625
lu.-03-nov-14,03-nov-14,11,2014,723.5
ma.-04-nov-14,04-nov-14,11,2014,740.5
mi.-05-nov-14,05-nov-14,11,2014,731.5
ju.-06-nov-14,06-nov-14,11,2014,729.75
vi.-07-nov-14,07-nov-14,11,2014,723.875
sá.-08-nov-14,08-nov-14,11,2014,723.875
do.-09-nov-14,09-nov-14,11,2014,723.875
lu.-10-nov-14,10-nov-14,11,2014,744.625
ma.-11-nov-14,11-nov-14,11,2014,757.875
mi.-12-nov-14,12-nov-14,11,2014,763.375
ju.-13-nov-14,13-nov-14,11,2014,791.75
vi.-14-nov-14,14-nov-14,11,2014,810.625
sá.-15-nov-14,15-nov-14,11,2014,810.625
do.-16-nov-14,16-nov-14,11,2014,810.625
lu.-17-nov-14,17-nov-14,11,2014,790.125
ma.-18-nov-14,18-nov-14,11,2014,791.5
mi.-19-nov-14,19-nov-14,11,2014,822.625
ju.-20-nov-14,20-nov-14,11,2014,776.25
vi.-21-nov-14,21-nov-14,11,2014,780.5
sá.-22-nov-14,22-nov-14,11,2014,780.5
do.-23-nov-14,23-nov-14,11,2014,780.5
lu.-24-nov-14,24-nov-14,11,2014,785.25
ma.-25-nov-14,25-nov-14,11,2014,804.5
mi.-26-nov-14,26-nov-14,11,2014,802.5
ju.-27-nov-14,27-nov-14,11,2014,802.5
vi.-28-nov-14,28-nov-14,11,2014,793
sá.-29-nov-14,29-nov-14,11,2014,793
do.-30-nov-14,30-nov-14,11,2014,793
lu.-01-dic-14,01-dic-14,12,2014,824.5
ma.-02-dic-14,02-dic-14,12,2014,802.875
mi.-03-dic-14,03-dic-14,12,2014,800.125
ju.-04-dic-14,04-dic-14,12,2014,791.75
vi.-05-dic-14,05-dic-14,12,2014,795
sá.-06-dic-14,06-dic-14,12,2014,795
do.-07-dic-14,07-dic-14,12,2014,795
lu.-08-dic-14,08-dic-14,12,2014,785.125
ma.-09-dic-14,09-dic-14,12,2014,807.5
mi.-10-dic-14,10-dic-14,12,2014,815.625
ju.-11-dic-14,11-dic-14,12,2014,808.625
vi.-12-dic-14,12-dic-14,12,2014,795.125
sá.-13-dic-14,13-dic-14,12,2014,795.125
do.-14-dic-14,14-dic-14,12,2014,795.125
lu.-15-dic-14,15-dic-14,12,2014,826.125
ma.-16-dic-14,16-dic-14,12,2014,821.875
mi.-17-dic-14,17-dic-14,12,2014,782.375
ju.-18-dic-14,18-dic-14,12,2014,765
vi.-19-dic-14,19-dic-14,12,2014,761.25
sá.-20-dic-14,20-dic-14,12,2014,761.25
do.-21-dic-14,21-dic-14,12,2014,761.25
lu.-22-dic-14,22-dic-14,12,2014,761.625
ma.-23-dic-14,23-dic-14,12,2014,760.75
mi.-24-dic-14,24-dic-14,12,2014,761.625
ju.-25-dic-14,25-dic-14,12,2014,761.625
vi.-26-dic-14,26-dic-14,12,2014,756.375
sá.-27-dic-14,27-dic-14,12,2014,756.375
do.-28-dic-14,28-dic-14,12,2014,756.375
lu.-29-dic-14,29-dic-14,12,2014,743.375
ma.-30-dic-14,30-dic-14,12,2014,740.875
mi.-31-dic-14,31-dic-14,12,2014,749.5
ju.-01-ene-15,01-ene-15,01,2015,749.5
vi.-02-ene-15,02-ene-15,01,2015,723.375
sá.-03-ene-15,03-ene-15,01,2015,723.375
do.-04-ene-15,04-ene-15,01,2015,723.375
lu.-05-ene-15,05-ene-15,01,2015,775.75
ma.-06-ene-15,06-ene-15,01,2015,815.75
mi.-07-ene-15,07-ene-15,01,2015,809.25
ju.-08-ene-15,08-ene-15,01,2015,807
vi.-09-ene-15,09-ene-15,01,2015,829.625
sá.-10-ene-15,10-ene-15,01,2015,829.625
do.-11-ene-15,11-ene-15,01,2015,829.625
lu.-12-ene-15,12-ene-15,01,2015,813.25
ma.-13-ene-15,13-ene-15,01,2015,823.5
mi.-14-ene-15,14-ene-15,01,2015,831.125
ju.-15-ene-15,15-ene-15,01,2015,822.125
vi.-16-ene-15,16-ene-15,01,2015,780.25
sá.-17-ene-15,17-ene-15,01,2015,780.25
do.-18-ene-15,18-ene-15,01,2015,780.25
lu.-19-ene-15,19-ene-15,01,2015,780.25
ma.-20-ene-15,20-ene-15,01,2015,742.25
mi.-21-ene-15,21-ene-15,01,2015,724.125
ju.-22-ene-15,22-ene-15,01,2015,714
vi.-23-ene-15,23-ene-15,01,2015,729.125
sá.-24-ene-15,24-ene-15,01,2015,729.125
do.-25-ene-15,25-ene-15,01,2015,729.125
lu.-26-ene-15,26-ene-15,01,2015,731.25
ma.-27-ene-15,27-ene-15,01,2015,756.625
mi.-28-ene-15,28-ene-15,01,2015,758.125
ju.-29-ene-15,29-ene-15,01,2015,714.5
vi.-30-ene-15,30-ene-15,01,2015,734.75
sá.-31-ene-15,31-ene-15,01,2015,734.75
do.-01-feb-15,01-feb-15,02,2015,734.75
lu.-02-feb-15,02-feb-15,02,2015,751.5
ma.-03-feb-15,03-feb-15,02,2015,732.25
mi.-04-feb-15,04-feb-15,02,2015,742.25
ju.-05-feb-15,05-feb-15,02,2015,743.875
vi.-06-feb-15,06-feb-15,02,2015,755.125
sá.-07-feb-15,07-feb-15,02,2015,755.125
do.-08-feb-15,08-feb-15,02,2015,755.125
lu.-09-feb-15,09-feb-15,02,2015,772.5
ma.-10-feb-15,10-feb-15,02,2015,725.875
mi.-11-feb-15,11-feb-15,02,2015,729.25
ju.-12-feb-15,12-feb-15,02,2015,766.125
vi.-13-feb-15,13-feb-15,02,2015,756.375
sá.-14-feb-15,14-feb-15,02,2015,756.375
do.-15-feb-15,15-feb-15,02,2015,756.375
lu.-16-feb-15,16-feb-15,02,2015,756.375
ma.-17-feb-15,17-feb-15,02,2015,710.75
mi.-18-feb-15,18-feb-15,02,2015,713.875
ju.-19-feb-15,19-feb-15,02,2015,701.375
vi.-20-feb-15,20-feb-15,02,2015,707.375
sá.-21-feb-15,21-feb-15,02,2015,707.375
do.-22-feb-15,22-feb-15,02,2015,707.375
lu.-23-feb-15,23-feb-15,02,2015,702.125
ma.-24-feb-15,24-feb-15,02,2015,700.25
mi.-25-feb-15,25-feb-15,02,2015,675.125
ju.-26-feb-15,26-feb-15,02,2015,662.625
vi.-27-feb-15,27-feb-15,02,2015,661
sá.-28-feb-15,28-feb-15,02,2015,661
do.-01-mar-15,01-mar-15,03,2015,661
lu.-02-mar-15,02-mar-15,03,2015,653.375
ma.-03-mar-15,03-mar-15,03,2015,631.125
mi.-04-mar-15,04-mar-15,03,2015,663.5
ju.-05-mar-15,05-mar-15,03,2015,660.125
vi.-06-mar-15,06-mar-15,03,2015,672.875
sá.-07-mar-15,07-mar-15,03,2015,672.875
do.-08-mar-15,08-mar-15,03,2015,672.875
lu.-09-mar-15,09-mar-15,03,2015,670.25
ma.-10-mar-15,10-mar-15,03,2015,667.375
mi.-11-mar-15,11-mar-15,03,2015,656.5
ju.-12-mar-15,12-mar-15,03,2015,662.875
vi.-13-mar-15,13-mar-15,03,2015,649.125
sá.-14-mar-15,14-mar-15,03,2015,649.125
do.-15-mar-15,15-mar-15,03,2015,649.125
lu.-16-mar-15,16-mar-15,03,2015,702.125
ma.-17-mar-15,17-mar-15,03,2015,696.875
mi.-18-mar-15,18-mar-15,03,2015,717.75
ju.-19-mar-15,19-mar-15,03,2015,732.625
vi.-20-mar-15,20-mar-15,03,2015,740.125
sá.-21-mar-15,21-mar-15,03,2015,740.125
do.-22-mar-15,22-mar-15,03,2015,740.125
lu.-23-mar-15,23-mar-15,03,2015,724.625
ma.-24-mar-15,24-mar-15,03,2015,700.125
mi.-25-mar-15,25-mar-15,03,2015,702
ju.-26-mar-15,26-mar-15,03,2015,706.125
vi.-27-mar-15,27-mar-15,03,2015,700
sá.-28-mar-15,28-mar-15,03,2015,700
do.-29-mar-15,29-mar-15,03,2015,700
lu.-30-mar-15,30-mar-15,03,2015,664.875
ma.-31-mar-15,31-mar-15,03,2015,673
mi.-01-abr-15,01-abr-15,04,2015,689.75
ju.-02-abr-15,02-abr-15,04,2015,710.75
vi.-03-abr-15,03-abr-15,04,2015,710.75
sá.-04-abr-15,04-abr-15,04,2015,710.75
do.-05-abr-15,05-abr-15,04,2015,710.75
lu.-06-abr-15,06-abr-15,04,2015,739.25
ma.-07-abr-15,07-abr-15,04,2015,706.125
mi.-08-abr-15,08-abr-15,04,2015,671.875
ju.-09-abr-15,09-abr-15,04,2015,673.5
vi.-10-abr-15,10-abr-15,04,2015,662.375
sá.-11-abr-15,11-abr-15,04,2015,662.375
do.-12-abr-15,12-abr-15,04,2015,662.375
lu.-13-abr-15,13-abr-15,04,2015,661.25
ma.-14-abr-15,14-abr-15,04,2015,682.375
mi.-15-abr-15,15-abr-15,04,2015,689.875
ju.-16-abr-15,16-abr-15,04,2015,707.25
vi.-17-abr-15,17-abr-15,04,2015,695
sá.-18-abr-15,18-abr-15,04,2015,695
do.-19-abr-15,19-abr-15,04,2015,695
lu.-20-abr-15,20-abr-15,04,2015,694.5
ma.-21-abr-15,21-abr-15,04,2015,699.75
mi.-22-abr-15,22-abr-15,04,2015,699.375
ju.-23-abr-15,23-abr-15,04,2015,693.875
vi.-24-abr-15,24-abr-15,04,2015,692.25
sá.-25-abr-15,25-abr-15,04,2015,692.25
do.-26-abr-15,26-abr-15,04,2015,692.25
lu.-27-abr-15,27-abr-15,04,2015,663.125
ma.-28-abr-15,28-abr-15,04,2015,659.125
mi.-29-abr-15,29-abr-15,04,2015,653.75
ju.-30-abr-15,30-abr-15,04,2015,644.5
vi.-01-may-15,01-may-15,05,2015,629.875
sá.-02-may-15,02-may-15,05,2015,629.875
do.-03-may-15,03-may-15,05,2015,629.875
lu.-04-may-15,04-may-15,05,2015,623.375
ma.-05-may-15,05-may-15,05,2015,631.125
mi.-06-may-15,06-may-15,05,2015,606.875
ju.-07-may-15,07-may-15,05,2015,609
vi.-08-may-15,08-may-15,05,2015,625.375
sá.-09-may-15,09-may-15,05,2015,625.375
do.-10-may-15,10-may-15,05,2015,625.375
lu.-11-may-15,11-may-15,05,2015,621.5
ma.-12-may-15,12-may-15,05,2015,633.125
mi.-13-may-15,13-may-15,05,2015,634
ju.-14-may-15,14-may-15,05,2015,641.875
vi.-15-may-15,15-may-15,05,2015,648.875
sá.-16-may-15,16-may-15,05,2015,648.875
do.-17-may-15,17-may-15,05,2015,648.875
lu.-18-may-15,18-may-15,05,2015,681.375
ma.-19-may-15,19-may-15,05,2015,664.875
mi.-20-may-15,20-may-15,05,2015,661.75
ju.-21-may-15,21-may-15,05,2015,630.125
vi.-22-may-15,22-may-15,05,2015,619.75
sá.-23-may-15,23-may-15,05,2015,619.75
do.-24-may-15,24-may-15,05,2015,619.75
lu.-25-may-15,25-may-15,05,2015,619.75
ma.-26-may-15,26-may-15,05,2015,606.375
mi.-27-may-15,27-may-15,05,2015,619.375
ju.-28-may-15,28-may-15,05,2015,624.375
vi.-29-may-15,29-may-15,05,2015,630.125
sá.-30-may-15,30-may-15,05,2015,630.125
do.-31-may-15,31-may-15,05,2015,630.125
lu.-01-jun-15,01-jun-15,06,2015,645.125
ma.-02-jun-15,02-jun-15,06,2015,664.75
mi.-03-jun-15,03-jun-15,06,2015,680
ju.-04-jun-15,04-jun-15,06,2015,692.375
vi.-05-jun-15,05-jun-15,06,2015,693.75
sá.-06-jun-15,06-jun-15,06,2015,693.75
do.-07-jun-15,07-jun-15,06,2015,693.75
lu.-08-jun-15,08-jun-15,06,2015,706
ma.-09-jun-15,09-jun-15,06,2015,710.375
mi.-10-jun-15,10-jun-15,06,2015,690.25
ju.-11-jun-15,11-jun-15,06,2015,658.375
vi.-12-jun-15,12-jun-15,06,2015,670
sá.-13-jun-15,13-jun-15,06,2015,670
do.-14-jun-15,14-jun-15,06,2015,670
lu.-15-jun-15,15-jun-15,06,2015,648.375
ma.-16-jun-15,16-jun-15,06,2015,656.375
mi.-17-jun-15,17-jun-15,06,2015,647.75
ju.-18-jun-15,18-jun-15,06,2015,655
vi.-19-jun-15,19-jun-15,06,2015,651
sá.-20-jun-15,20-jun-15,06,2015,651
do.-21-jun-15,21-jun-15,06,2015,651
lu.-22-jun-15,22-jun-15,06,2015,660.25
ma.-23-jun-15,23-jun-15,06,2015,649.25
mi.-24-jun-15,24-jun-15,06,2015,682.625
ju.-25-jun-15,25-jun-15,06,2015,679.25
vi.-26-jun-15,26-jun-15,06,2015,679
sá.-27-jun-15,27-jun-15,06,2015,679
do.-28-jun-15,28-jun-15,06,2015,679
lu.-29-jun-15,29-jun-15,06,2015,672.875
ma.-30-jun-15,30-jun-15,06,2015,676.75
mi.-01-jul-15,01-jul-15,07,2015,655.125
ju.-02-jul-15,02-jul-15,07,2015,656.125
vi.-03-jul-15,03-jul-15,07,2015,656.125
sá.-04-jul-15,04-jul-15,07,2015,656.125
do.-05-jul-15,05-jul-15,07,2015,656.125
lu.-06-jul-15,06-jul-15,07,2015,654.625
ma.-07-jul-15,07-jul-15,07,2015,658.5
mi.-08-jul-15,08-jul-15,07,2015,659.75
ju.-09-jul-15,09-jul-15,07,2015,656
vi.-10-jul-15,10-jul-15,07,2015,661
sá.-11-jul-15,11-jul-15,07,2015,661
do.-12-jul-15,12-jul-15,07,2015,661
lu.-13-jul-15,13-jul-15,07,2015,682.375
ma.-14-jul-15,14-jul-15,07,2015,698.625
mi.-15-jul-15,15-jul-15,07,2015,693
ju.-16-jul-15,16-jul-15,07,2015,691.375
vi.-17-jul-15,17-jul-15,07,2015,695.5
sá.-18-jul-15,18-jul-15,07,2015,695.5
do.-19-jul-15,19-jul-15,07,2015,695.5
lu.-20-jul-15,20-jul-15,07,2015,689.75
ma.-21-jul-15,21-jul-15,07,2015,690.5
mi.-22-jul-15,22-jul-15,07,2015,691.75
ju.-23-jul-15,23-jul-15,07,2015,675.875
vi.-24-jul-15,24-jul-15,07,2015,692.75
sá.-25-jul-15,25-jul-15,07,2015,692.75
do.-26-jul-15,26-jul-15,07,2015,692.75
lu.-27-jul-15,27-jul-15,07,2015,680.25
ma.-28-jul-15,28-jul-15,07,2015,679.75
mi.-29-jul-15,29-jul-15,07,2015,691
ju.-30-jul-15,30-jul-15,07,2015,710.25
vi.-31-jul-15,31-jul-15,07,2015,711.375
sá.-01-ago-15,01-ago-15,08,2015,711.375
do.-02-ago-15,02-ago-15,08,2015,711.375
lu.-03-ago-15,03-ago-15,08,2015,714.875
ma.-04-ago-15,04-ago-15,08,2015,720.875
mi.-05-ago-15,05-ago-15,08,2015,737.5
ju.-06-ago-15,06-ago-15,08,2015,729.375
vi.-07-ago-15,07-ago-15,08,2015,751.125
sá.-08-ago-15,08-ago-15,08,2015,751.125
do.-09-ago-15,09-ago-15,08,2015,751.125
lu.-10-ago-15,10-ago-15,08,2015,773.875
ma.-11-ago-15,11-ago-15,08,2015,819.5
mi.-12-ago-15,12-ago-15,08,2015,792
ju.-13-ago-15,13-ago-15,08,2015,827.5
vi.-14-ago-15,14-ago-15,08,2015,835.5
sá.-15-ago-15,15-ago-15,08,2015,835.5
do.-16-ago-15,16-ago-15,08,2015,835.5
lu.-17-ago-15,17-ago-15,08,2015,819.125
ma.-18-ago-15,18-ago-15,08,2015,828.125
mi.-19-ago-15,19-ago-15,08,2015,808.25
ju.-20-ago-15,20-ago-15,08,2015,800.5
vi.-21-ago-15,21-ago-15,08,2015,775.25
sá.-22-ago-15,22-ago-15,08,2015,775.25
do.-23-ago-15,23-ago-15,08,2015,775.25
lu.-24-ago-15,24-ago-15,08,2015,764.875
ma.-25-ago-15,25-ago-15,08,2015,752.375
mi.-26-ago-15,26-ago-15,08,2015,774.875
ju.-27-ago-15,27-ago-15,08,2015,779
vi.-28-ago-15,28-ago-15,08,2015,751.125
sá.-29-ago-15,29-ago-15,08,2015,751.125
do.-30-ago-15,30-ago-15,08,2015,751.125
lu.-31-ago-15,31-ago-15,08,2015,748
ma.-01-sep-15,01-sep-15,09,2015,729.625
mi.-02-sep-15,02-sep-15,09,2015,726
ju.-03-sep-15,03-sep-15,09,2015,727.25
vi.-04-sep-15,04-sep-15,09,2015,723.5
sá.-05-sep-15,05-sep-15,09,2015,723.5
do.-06-sep-15,06-sep-15,09,2015,723.5
lu.-07-sep-15,07-sep-15,09,2015,723.5
ma.-08-sep-15,08-sep-15,09,2015,742
mi.-09-sep-15,09-sep-15,09,2015,733.75
ju.-10-sep-15,10-sep-15,09,2015,704.125
vi.-11-sep-15,11-sep-15,09,2015,688.5
sá.-12-sep-15,12-sep-15,09,2015,688.5
do.-13-sep-15,13-sep-15,09,2015,688.5
lu.-14-sep-15,14-sep-15,09,2015,717.25
ma.-15-sep-15,15-sep-15,09,2015,705.625
mi.-16-sep-15,16-sep-15,09,2015,692.625
ju.-17-sep-15,17-sep-15,09,2015,692.5
vi.-18-sep-15,18-sep-15,09,2015,700.125
sá.-19-sep-15,19-sep-15,09,2015,700.125
do.-20-sep-15,20-sep-15,09,2015,700.125
lu.-21-sep-15,21-sep-15,09,2015,697.5
ma.-22-sep-15,22-sep-15,09,2015,702
mi.-23-sep-15,23-sep-15,09,2015,714.75
ju.-24-sep-15,24-sep-15,09,2015,736.5
vi.-25-sep-15,25-sep-15,09,2015,750.625
sá.-26-sep-15,26-sep-15,09,2015,750.625
do.-27-sep-15,27-sep-15,09,2015,750.625
lu.-28-sep-15,28-sep-15,09,2015,733.25
ma.-29-sep-15,29-sep-15,09,2015,750
mi.-30-sep-15,30-sep-15,09,2015,743.625
ju.-01-oct-15,01-oct-15,10,2015,733.625
vi.-02-oct-15,02-oct-15,10,2015,750
sá.-03-oct-15,03-oct-15,10,2015,750
do.-04-oct-15,04-oct-15,10,2015,750
lu.-05-oct-15,05-oct-15,10,2015,759
ma.-06-oct-15,06-oct-15,10,2015,741
mi.-07-oct-15,07-oct-15,10,2015,729.625
ju.-08-oct-15,08-oct-15,10,2015,742.75
vi.-09-oct-15,09-oct-15,10,2015,753
sá.-10-oct-15,10-oct-15,10,2015,753
do.-11-oct-15,11-oct-15,10,2015,753
lu.-12-oct-15,12-oct-15,10,2015,764.625
ma.-13-oct-15,13-oct-15,10,2015,779.75
mi.-14-oct-15,14-oct-15,10,2015,786.125
ju.-15-oct-15,15-oct-15,10,2015,774.125
vi.-16-oct-15,16-oct-15,10,2015,731.125
sá.-17-oct-15,17-oct-15,10,2015,731.125
do.-18-oct-15,18-oct-15,10,2015,731.125
lu.-19-oct-15,19-oct-15,10,2015,731.125
ma.-20-oct-15,20-oct-15,10,2015,740
mi.-21-oct-15,21-oct-15,10,2015,725
ju.-22-oct-15,22-oct-15,10,2015,706.25
vi.-23-oct-15,23-oct-15,10,2015,700
sá.-24-oct-15,24-oct-15,10,2015,700
do.-25-oct-15,25-oct-15,10,2015,700
lu.-26-oct-15,26-oct-15,10,2015,695
ma.-27-oct-15,27-oct-15,10,2015,700.75
mi.-28-oct-15,28-oct-15,10,2015,705
ju.-29-oct-15,29-oct-15,10,2015,708.375
vi.-30-oct-15,30-oct-15,10,2015,709.125
sá.-31-oct-15,31-oct-15,10,2015,709.125
do.-01-nov-15,01-nov-15,11,2015,709.125
lu.-02-nov-15,02-nov-15,11,2015,696.5
ma.-03-nov-15,03-nov-15,11,2015,707.5
mi.-04-nov-15,04-nov-15,11,2015,711.75
ju.-05-nov-15,05-nov-15,11,2015,720
vi.-06-nov-15,06-nov-15,11,2015,712.625
sá.-07-nov-15,07-nov-15,11,2015,712.625
do.-08-nov-15,08-nov-15,11,2015,712.625
lu.-09-nov-15,09-nov-15,11,2015,717.125
ma.-10-nov-15,10-nov-15,11,2015,710.625
mi.-11-nov-15,11-nov-15,11,2015,715
ju.-12-nov-15,12-nov-15,11,2015,725
vi.-13-nov-15,13-nov-15,11,2015,720
sá.-14-nov-15,14-nov-15,11,2015,720
do.-15-nov-15,15-nov-15,11,2015,720
lu.-16-nov-15,16-nov-15,11,2015,730
ma.-17-nov-15,17-nov-15,11,2015,730
mi.-18-nov-15,18-nov-15,11,2015,725
ju.-19-nov-15,19-nov-15,11,2015,755
vi.-20-nov-15,20-nov-15,11,2015,760
sá.-21-nov-15,21-nov-15,11,2015,760
do.-22-nov-15,22-nov-15,11,2015,760
lu.-23-nov-15,23-nov-15,11,2015,758
ma.-24-nov-15,24-nov-15,11,2015,765
mi.-25-nov-15,25-nov-15,11,2015,776
ju.-26-nov-15,26-nov-15,11,2015,776
vi.-27-nov-15,27-nov-15,11,2015,765
sá.-28-nov-15,28-nov-15,11,2015,765
do.-29-nov-15,29-nov-15,11,2015,765
lu.-30-nov-15,30-nov-15,11,2015,750.5
ma.-01-dic-15,01-dic-15,12,2015,750.5
mi.-02-dic-15,02-dic-15,12,2015,765
ju.-03-dic-15,03-dic-15,12,2015,785
vi.-04-dic-15,04-dic-15,12,2015,810
sá.-05-dic-15,05-dic-15,12,2015,810
do.-06-dic-15,06-dic-15,12,2015,810
lu.-07-dic-15,07-dic-15,12,2015,825
ma.-08-dic-15,08-dic-15,12,2015,820
mi.-09-dic-15,09-dic-15,12,2015,830
ju.-10-dic-15,10-dic-15,12,2015,820
vi.-11-dic-15,11-dic-15,12,2015,795
sá.-12-dic-15,12-dic-15,12,2015,795
do.-13-dic-15,13-dic-15,12,2015,795
lu.-14-dic-15,14-dic-15,12,2015,800
ma.-15-dic-15,15-dic-15,12,2015,792
mi.-16-dic-15,16-dic-15,12,2015,788
ju.-17-dic-15,17-dic-15,12,2015,790
vi.-18-dic-15,18-dic-15,12,2015,795
sá.-19-dic-15,19-dic-15,12,2015,795
do.-20-dic-15,20-dic-15,12,2015,795
lu.-21-dic-15,21-dic-15,12,2015,783.5
ma.-22-dic-15,22-dic-15,12,2015,790
mi.-23-dic-15,23-dic-15,12,2015,788
ju.-24-dic-15,24-dic-15,12,2015,760
vi.-25-dic-15,25-dic-15,12,2015,760
sá.-26-dic-15,26-dic-15,12,2015,760
do.-27-dic-15,27-dic-15,12,2015,760
lu.-28-dic-15,28-dic-15,12,2015,755
ma.-29-dic-15,29-dic-15,12,2015,765
mi.-30-dic-15,30-dic-15,12,2015,775
ju.-31-dic-15,31-dic-15,12,2015,805
vi.-01-ene-16,01-ene-16,01,2016,805
sá.-02-ene-16,02-ene-16,01,2016,805
do.-03-ene-16,03-ene-16,01,2016,805
lu.-04-ene-16,04-ene-16,01,2016,805.375
ma.-05-ene-16,05-ene-16,01,2016,793
mi.-06-ene-16,06-ene-16,01,2016,790
ju.-07-ene-16,07-ene-16,01,2016,789
vi.-08-ene-16,08-ene-16,01,2016,789
sá.-09-ene-16,09-ene-16,01,2016,789
do.-10-ene-16,10-ene-16,01,2016,789
lu.-11-ene-16,11-ene-16,01,2016,789
ma.-12-ene-16,12-ene-16,01,2016,760
mi.-13-ene-16,13-ene-16,01,2016,760
ju.-14-ene-16,14-ene-16,01,2016,765
vi.-15-ene-16,15-ene-16,01,2016,772
sá.-16-ene-16,16-ene-16,01,2016,772
do.-17-ene-16,17-ene-16,01,2016,772
lu.-18-ene-16,18-ene-16,01,2016,772
ma.-19-ene-16,19-ene-16,01,2016,775
mi.-20-ene-16,20-ene-16,01,2016,780
ju.-21-ene-16,21-ene-16,01,2016,800
vi.-22-ene-16,22-ene-16,01,2016,785
sá.-23-ene-16,23-ene-16,01,2016,785
do.-24-ene-16,24-ene-16,01,2016,785
lu.-25-ene-16,25-ene-16,01,2016,805
ma.-26-ene-16,26-ene-16,01,2016,807
mi.-27-ene-16,27-ene-16,01,2016,815
ju.-28-ene-16,28-ene-16,01,2016,800
vi.-29-ene-16,29-ene-16,01,2016,785
sá.-30-ene-16,30-ene-16,01,2016,785
do.-31-ene-16,31-ene-16,01,2016,785
lu.-01-feb-16,01-feb-16,02,2016,805
ma.-02-feb-16,02-feb-16,02,2016,828
mi.-03-feb-16,03-feb-16,02,2016,835
ju.-04-feb-16,04-feb-16,02,2016,830
vi.-05-feb-16,05-feb-16,02,2016,815
sá.-06-feb-16,06-feb-16,02,2016,815
do.-07-feb-16,07-feb-16,02,2016,815
lu.-08-feb-16,08-feb-16,02,2016,800
ma.-09-feb-16,09-feb-16,02,2016,800
mi.-10-feb-16,10-feb-16,02,2016,800
ju.-11-feb-16,11-feb-16,02,2016,799.5
vi.-12-feb-16,12-feb-16,02,2016,800
sá.-13-feb-16,13-feb-16,02,2016,800
do.-14-feb-16,14-feb-16,02,2016,800
lu.-15-feb-16,15-feb-16,02,2016,800
ma.-16-feb-16,16-feb-16,02,2016,800
mi.-17-feb-16,17-feb-16,02,2016,790
ju.-18-feb-16,18-feb-16,02,2016,768
vi.-19-feb-16,19-feb-16,02,2016,775
sá.-20-feb-16,20-feb-16,02,2016,775
do.-21-feb-16,21-feb-16,02,2016,775
lu.-22-feb-16,22-feb-16,02,2016,790
ma.-23-feb-16,23-feb-16,02,2016,780
mi.-24-feb-16,24-feb-16,02,2016,770
ju.-25-feb-16,25-feb-16,02,2016,760
vi.-26-feb-16,26-feb-16,02,2016,760
sá.-27-feb-16,27-feb-16,02,2016,760
do.-28-feb-16,28-feb-16,02,2016,760
lu.-29-feb-16,29-feb-16,02,2016,756
ma.-01-mar-16,01-mar-16,03,2016,740
mi.-02-mar-16,02-mar-16,03,2016,730
ju.-03-mar-16,03-mar-16,03,2016,745
vi.-04-mar-16,04-mar-16,03,2016,755
sá.-05-mar-16,05-mar-16,03,2016,755
do.-06-mar-16,06-mar-16,03,2016,755
lu.-07-mar-16,07-mar-16,03,2016,750
ma.-08-mar-16,08-mar-16,03,2016,760
mi.-09-mar-16,09-mar-16,03,2016,775
ju.-10-mar-16,10-mar-16,03,2016,778
vi.-11-mar-16,11-mar-16,03,2016,830
sá.-12-mar-16,12-mar-16,03,2016,830
do.-13-mar-16,13-mar-16,03,2016,830
lu.-14-mar-16,14-mar-16,03,2016,840
ma.-15-mar-16,15-mar-16,03,2016,825
mi.-16-mar-16,16-mar-16,03,2016,840
ju.-17-mar-16,17-mar-16,03,2016,840
vi.-18-mar-16,18-mar-16,03,2016,845
sá.-19-mar-16,19-mar-16,03,2016,845
do.-20-mar-16,20-mar-16,03,2016,845
lu.-21-mar-16,21-mar-16,03,2016,830
ma.-22-mar-16,22-mar-16,03,2016,840
mi.-23-mar-16,23-mar-16,03,2016,820
ju.-24-mar-16,24-mar-16,03,2016,800
vi.-25-mar-16,25-mar-16,03,2016,800
sá.-26-mar-16,26-mar-16,03,2016,800
do.-27-mar-16,27-mar-16,03,2016,800
lu.-28-mar-16,28-mar-16,03,2016,800
ma.-29-mar-16,29-mar-16,03,2016,795
mi.-30-mar-16,30-mar-16,03,2016,790
ju.-31-mar-16,31-mar-16,03,2016,785
vi.-01-abr-16,01-abr-16,04,2016,805
sá.-02-abr-16,02-abr-16,04,2016,805
do.-03-abr-16,03-abr-16,04,2016,805
lu.-04-abr-16,04-abr-16,04,2016,785
ma.-05-abr-16,05-abr-16,04,2016,775
mi.-06-abr-16,06-abr-16,04,2016,780
ju.-07-abr-16,07-abr-16,04,2016,775
vi.-08-abr-16,08-abr-16,04,2016,770
sá.-09-abr-16,09-abr-16,04,2016,770
do.-10-abr-16,10-abr-16,04,2016,770
lu.-11-abr-16,11-abr-16,04,2016,780
ma.-12-abr-16,12-abr-16,04,2016,781
mi.-13-abr-16,13-abr-16,04,2016,755
ju.-14-abr-16,14-abr-16,04,2016,765
vi.-15-abr-16,15-abr-16,04,2016,765
sá.-16-abr-16,16-abr-16,04,2016,765
do.-17-abr-16,17-abr-16,04,2016,765
lu.-18-abr-16,18-abr-16,04,2016,760
ma.-19-abr-16,19-abr-16,04,2016,746
mi.-20-abr-16,20-abr-16,04,2016,749
ju.-21-abr-16,21-abr-16,04,2016,730
vi.-22-abr-16,22-abr-16,04,2016,730
sá.-23-abr-16,23-abr-16,04,2016,730
do.-24-abr-16,24-abr-16,04,2016,730
lu.-25-abr-16,25-abr-16,04,2016,735
ma.-26-abr-16,26-abr-16,04,2016,745
mi.-27-abr-16,27-abr-16,04,2016,720
ju.-28-abr-16,28-abr-16,04,2016,700
vi.-29-abr-16,29-abr-16,04,2016,700
sá.-30-abr-16,30-abr-16,04,2016,700
do.-01-may-16,01-may-16,05,2016,700
lu.-02-may-16,02-may-16,05,2016,685
ma.-03-may-16,03-may-16,05,2016,700
mi.-04-may-16,04-may-16,05,2016,715
ju.-05-may-16,05-may-16,05,2016,730
vi.-06-may-16,06-may-16,05,2016,750
sá.-07-may-16,07-may-16,05,2016,750
do.-08-may-16,08-may-16,05,2016,750
lu.-09-may-16,09-may-16,05,2016,760
ma.-10-may-16,10-may-16,05,2016,770
mi.-11-may-16,11-may-16,05,2016,770
ju.-12-may-16,12-may-16,05,2016,765
vi.-13-may-16,13-may-16,05,2016,780
sá.-14-may-16,14-may-16,05,2016,780
do.-15-may-16,15-may-16,05,2016,780
lu.-16-may-16,16-may-16,05,2016,810
ma.-17-may-16,17-may-16,05,2016,805
mi.-18-may-16,18-may-16,05,2016,795
ju.-19-may-16,19-may-16,05,2016,760
vi.-20-may-16,20-may-16,05,2016,765
sá.-21-may-16,21-may-16,05,2016,765
do.-22-may-16,22-may-16,05,2016,765
lu.-23-may-16,23-may-16,05,2016,750
ma.-24-may-16,24-may-16,05,2016,750
mi.-25-may-16,25-may-16,05,2016,750
ju.-26-may-16,26-may-16,05,2016,748
vi.-27-may-16,27-may-16,05,2016,752
sá.-28-may-16,28-may-16,05,2016,752
do.-29-may-16,29-may-16,05,2016,752
lu.-30-may-16,30-may-16,05,2016,752
ma.-31-may-16,31-may-16,05,2016,759
mi.-01-jun-16,01-jun-16,06,2016,760
ju.-02-jun-16,02-jun-16,06,2016,761
vi.-03-jun-16,03-jun-16,06,2016,755
sá.-04-jun-16,04-jun-16,06,2016,755
do.-05-jun-16,05-jun-16,06,2016,755
lu.-06-jun-16,06-jun-16,06,2016,785
ma.-07-jun-16,07-jun-16,06,2016,770
mi.-08-jun-16,08-jun-16,06,2016,795
ju.-09-jun-16,09-jun-16,06,2016,772
vi.-10-jun-16,10-jun-16,06,2016,793
sá.-11-jun-16,11-jun-16,06,2016,793
do.-12-jun-16,12-jun-16,06,2016,793
lu.-13-jun-16,13-jun-16,06,2016,800
ma.-14-jun-16,14-jun-16,06,2016,790
mi.-15-jun-16,15-jun-16,06,2016,805
ju.-16-jun-16,16-jun-16,06,2016,820
vi.-17-jun-16,17-jun-16,06,2016,825
sá.-18-jun-16,18-jun-16,06,2016,825
do.-19-jun-16,19-jun-16,06,2016,825
lu.-20-jun-16,20-jun-16,06,2016,815
ma.-21-jun-16,21-jun-16,06,2016,815
mi.-22-jun-16,22-jun-16,06,2016,795
ju.-23-jun-16,23-jun-16,06,2016,802
vi.-24-jun-16,24-jun-16,06,2016,790
sá.-25-jun-16,25-jun-16,06,2016,790
do.-26-jun-16,26-jun-16,06,2016,790
lu.-27-jun-16,27-jun-16,06,2016,800
ma.-28-jun-16,28-jun-16,06,2016,820
mi.-29-jun-16,29-jun-16,06,2016,815
ju.-30-jun-16,30-jun-16,06,2016,824
vi.-01-jul-16,01-jul-16,07,2016,830
sá.-02-jul-16,02-jul-16,07,2016,830
do.-03-jul-16,03-jul-16,07,2016,830
lu.-04-jul-16,04-jul-16,07,2016,830
ma.-05-jul-16,05-jul-16,07,2016,837
mi.-06-jul-16,06-jul-16,07,2016,834
ju.-07-jul-16,07-jul-16,07,2016,820
vi.-08-jul-16,08-jul-16,07,2016,829
sá.-09-jul-16,09-jul-16,07,2016,829
do.-10-jul-16,10-jul-16,07,2016,829
lu.-11-jul-16,11-jul-16,07,2016,854
ma.-12-jul-16,12-jul-16,07,2016,835
mi.-13-jul-16,13-jul-16,07,2016,845
ju.-14-jul-16,14-jul-16,07,2016,865
vi.-15-jul-16,15-jul-16,07,2016,835
sá.-16-jul-16,16-jul-16,07,2016,835
do.-17-jul-16,17-jul-16,07,2016,835
lu.-18-jul-16,18-jul-16,07,2016,850
ma.-19-jul-16,19-jul-16,07,2016,833
mi.-20-jul-16,20-jul-16,07,2016,835
ju.-21-jul-16,21-jul-16,07,2016,833
vi.-22-jul-16,22-jul-16,07,2016,807
sá.-23-jul-16,23-jul-16,07,2016,807
do.-24-jul-16,24-jul-16,07,2016,807
lu.-25-jul-16,25-jul-16,07,2016,815
ma.-26-jul-16,26-jul-16,07,2016,835
mi.-27-jul-16,27-jul-16,07,2016,835
ju.-28-jul-16,28-jul-16,07,2016,847
vi.-29-jul-16,29-jul-16,07,2016,865
sá.-30-jul-16,30-jul-16,07,2016,865
do.-31-jul-16,31-jul-16,07,2016,865
lu.-01-ago-16,01-ago-16,08,2016,850
ma.-02-ago-16,02-ago-16,08,2016,830
mi.-03-ago-16,03-ago-16,08,2016,830
ju.-04-ago-16,04-ago-16,08,2016,830
vi.-05-ago-16,05-ago-16,08,2016,820
sá.-06-ago-16,06-ago-16,08,2016,820
do.-07-ago-16,07-ago-16,08,2016,820
lu.-08-ago-16,08-ago-16,08,2016,800
ma.-09-ago-16,09-ago-16,08,2016,800
mi.-10-ago-16,10-ago-16,08,2016,780
ju.-11-ago-16,11-ago-16,08,2016,760
vi.-12-ago-16,12-ago-16,08,2016,755
sá.-13-ago-16,13-ago-16,08,2016,755
do.-14-ago-16,14-ago-16,08,2016,755
lu.-15-ago-16,15-ago-16,08,2016,755
ma.-16-ago-16,16-ago-16,08,2016,760
mi.-17-ago-16,17-ago-16,08,2016,750
ju.-18-ago-16,18-ago-16,08,2016,760
vi.-19-ago-16,19-ago-16,08,2016,775
sá.-20-ago-16,20-ago-16,08,2016,775
do.-21-ago-16,21-ago-16,08,2016,775
lu.-22-ago-16,22-ago-16,08,2016,810
ma.-23-ago-16,23-ago-16,08,2016,825
mi.-24-ago-16,24-ago-16,08,2016,805
ju.-25-ago-16,25-ago-16,08,2016,800
vi.-26-ago-16,26-ago-16,08,2016,795
sá.-27-ago-16,27-ago-16,08,2016,795
do.-28-ago-16,28-ago-16,08,2016,795
lu.-29-ago-16,29-ago-16,08,2016,800
ma.-30-ago-16,30-ago-16,08,2016,810
mi.-31-ago-16,31-ago-16,08,2016,825
ju.-01-sep-16,01-sep-16,09,2016,860
vi.-02-sep-16,02-sep-16,09,2016,850
sá.-03-sep-16,03-sep-16,09,2016,850
do.-04-sep-16,04-sep-16,09,2016,850
lu.-05-sep-16,05-sep-16,09,2016,850
ma.-06-sep-16,06-sep-16,09,2016,845
mi.-07-sep-16,07-sep-16,09,2016,835
ju.-08-sep-16,08-sep-16,09,2016,835
vi.-09-sep-16,09-sep-16,09,2016,830
sá.-10-sep-16,10-sep-16,09,2016,830
do.-11-sep-16,11-sep-16,09,2016,830
lu.-12-sep-16,12-sep-16,09,2016,840
ma.-13-sep-16,13-sep-16,09,2016,834
mi.-14-sep-16,14-sep-16,09,2016,835
ju.-15-sep-16,15-sep-16,09,2016,825
vi.-16-sep-16,16-sep-16,09,2016,870
sá.-17-sep-16,17-sep-16,09,2016,870
do.-18-sep-16,18-sep-16,09,2016,870
lu.-19-sep-16,19-sep-16,09,2016,885
ma.-20-sep-16,20-sep-16,09,2016,900
mi.-21-sep-16,21-sep-16,09,2016,900
ju.-22-sep-16,22-sep-16,09,2016,880
vi.-23-sep-16,23-sep-16,09,2016,880
sá.-24-sep-16,24-sep-16,09,2016,880
do.-25-sep-16,25-sep-16,09,2016,880
lu.-26-sep-16,26-sep-16,09,2016,895
ma.-27-sep-16,27-sep-16,09,2016,897
mi.-28-sep-16,28-sep-16,09,2016,895
ju.-29-sep-16,29-sep-16,09,2016,855
vi.-30-sep-16,30-sep-16,09,2016,870
sá.-01-oct-16,01-oct-16,10,2016,870
do.-02-oct-16,02-oct-16,10,2016,870
lu.-03-oct-16,03-oct-16,10,2016,865
ma.-04-oct-16,04-oct-16,10,2016,870
mi.-05-oct-16,05-oct-16,10,2016,885
ju.-06-oct-16,06-oct-16,10,2016,855
vi.-07-oct-16,07-oct-16,10,2016,860
sá.-08-oct-16,08-oct-16,10,2016,860
do.-09-oct-16,09-oct-16,10,2016,860
lu.-10-oct-16,10-oct-16,10,2016,895
ma.-11-oct-16,11-oct-16,10,2016,890
mi.-12-oct-16,12-oct-16,10,2016,895
ju.-13-oct-16,13-oct-16,10,2016,900
vi.-14-oct-16,14-oct-16,10,2016,910
sá.-15-oct-16,15-oct-16,10,2016,910
do.-16-oct-16,16-oct-16,10,2016,910
lu.-17-oct-16,17-oct-16,10,2016,915
ma.-18-oct-16,18-oct-16,10,2016,920
mi.-19-oct-16,19-oct-16,10,2016,920
ju.-20-oct-16,20-oct-16,10,2016,915
vi.-21-oct-16,21-oct-16,10,2016,920
sá.-22-oct-16,22-oct-16,10,2016,920
do.-23-oct-16,23-oct-16,10,2016,920
lu.-24-oct-16,24-oct-16,10,2016,925
ma.-25-oct-16,25-oct-16,10,2016,970
mi.-26-oct-16,26-oct-16,10,2016,978
ju.-27-oct-16,27-oct-16,10,2016,985
vi.-28-oct-16,28-oct-16,10,2016,990
sá.-29-oct-16,29-oct-16,10,2016,990
do.-30-oct-16,30-oct-16,10,2016,990
lu.-31-oct-16,31-oct-16,10,2016,990
ma.-01-nov-16,01-nov-16,11,2016,985
mi.-02-nov-16,02-nov-16,11,2016,1005
ju.-03-nov-16,03-nov-16,11,2016,1020
vi.-04-nov-16,04-nov-16,11,2016,1050
sá.-05-nov-16,05-nov-16,11,2016,1050
do.-06-nov-16,06-nov-16,11,2016,1050
lu.-07-nov-16,07-nov-16,11,2016,1065
ma.-08-nov-16,08-nov-16,11,2016,1000
mi.-09-nov-16,09-nov-16,11,2016,1020
ju.-10-nov-16,10-nov-16,11,2016,1000
vi.-11-nov-16,11-nov-16,11,2016,985
sá.-12-nov-16,12-nov-16,11,2016,985
do.-13-nov-16,13-nov-16,11,2016,985
lu.-14-nov-16,14-nov-16,11,2016,1000
ma.-15-nov-16,15-nov-16,11,2016,1005
mi.-16-nov-16,16-nov-16,11,2016,1007
ju.-17-nov-16,17-nov-16,11,2016,1000
vi.-18-nov-16,18-nov-16,11,2016,1020
sá.-19-nov-16,19-nov-16,11,2016,1020
do.-20-nov-16,20-nov-16,11,2016,1020
lu.-21-nov-16,21-nov-16,11,2016,1020
ma.-22-nov-16,22-nov-16,11,2016,1015
mi.-23-nov-16,23-nov-16,11,2016,1007
ju.-24-nov-16,24-nov-16,11,2016,1007
vi.-25-nov-16,25-nov-16,11,2016,995
sá.-26-nov-16,26-nov-16,11,2016,995
do.-27-nov-16,27-nov-16,11,2016,995
lu.-28-nov-16,28-nov-16,11,2016,990
ma.-29-nov-16,29-nov-16,11,2016,980
mi.-30-nov-16,30-nov-16,11,2016,950
ju.-01-dic-16,01-dic-16,12,2016,900
vi.-02-dic-16,02-dic-16,12,2016,910
sá.-03-dic-16,03-dic-16,12,2016,910
do.-04-dic-16,04-dic-16,12,2016,910
lu.-05-dic-16,05-dic-16,12,2016,895
ma.-06-dic-16,06-dic-16,12,2016,870
mi.-07-dic-16,07-dic-16,12,2016,860
ju.-08-dic-16,08-dic-16,12,2016,860
vi.-09-dic-16,09-dic-16,12,2016,850
sá.-10-dic-16,10-dic-16,12,2016,850
do.-11-dic-16,11-dic-16,12,2016,850
lu.-12-dic-16,12-dic-16,12,2016,860
ma.-13-dic-16,13-dic-16,12,2016,870
mi.-14-dic-16,14-dic-16,12,2016,870
ju.-15-dic-16,15-dic-16,12,2016,875
vi.-16-dic-16,16-dic-16,12,2016,875
sá.-17-dic-16,17-dic-16,12,2016,875
do.-18-dic-16,18-dic-16,12,2016,875
lu.-19-dic-16,19-dic-16,12,2016,885
ma.-20-dic-16,20-dic-16,12,2016,870
mi.-21-dic-16,21-dic-16,12,2016,875
ju.-22-dic-16,22-dic-16,12,2016,845
vi.-23-dic-16,23-dic-16,12,2016,830
sá.-24-dic-16,24-dic-16,12,2016,830
do.-25-dic-16,25-dic-16,12,2016,830
lu.-26-dic-16,26-dic-16,12,2016,830
ma.-27-dic-16,27-dic-16,12,2016,810
mi.-28-dic-16,28-dic-16,12,2016,820
ju.-29-dic-16,29-dic-16,12,2016,825
vi.-30-dic-16,30-dic-16,12,2016,835
sá.-31-dic-16,31-dic-16,12,2016,835
do.-01-ene-17,01-ene-17,01,2017,835
lu.-02-ene-17,02-ene-17,01,2017,835
ma.-03-ene-17,03-ene-17,01,2017,830
mi.-04-ene-17,04-ene-17,01,2017,850
ju.-05-ene-17,05-ene-17,01,2017,860
vi.-06-ene-17,06-ene-17,01,2017,845
sá.-07-ene-17,07-ene-17,01,2017,845
do.-08-ene-17,08-ene-17,01,2017,845
lu.-09-ene-17,09-ene-17,01,2017,850
ma.-10-ene-17,10-ene-17,01,2017,880
mi.-11-ene-17,11-ene-17,01,2017,900
ju.-12-ene-17,12-ene-17,01,2017,890
vi.-13-ene-17,13-ene-17,01,2017,890
sá.-14-ene-17,14-ene-17,01,2017,890
do.-15-ene-17,15-ene-17,01,2017,890
lu.-16-ene-17,16-ene-17,01,2017,890
ma.-17-ene-17,17-ene-17,01,2017,890
mi.-18-ene-17,18-ene-17,01,2017,890
ju.-19-ene-17,19-ene-17,01,2017,900
vi.-20-ene-17,20-ene-17,01,2017,910
sá.-21-ene-17,21-ene-17,01,2017,910
do.-22-ene-17,22-ene-17,01,2017,910
lu.-23-ene-17,23-ene-17,01,2017,920
ma.-24-ene-17,24-ene-17,01,2017,910
mi.-25-ene-17,25-ene-17,01,2017,910
ju.-26-ene-17,26-ene-17,01,2017,905
vi.-27-ene-17,27-ene-17,01,2017,905
sá.-28-ene-17,28-ene-17,01,2017,905
do.-29-ene-17,29-ene-17,01,2017,905
lu.-30-ene-17,30-ene-17,01,2017,900
ma.-31-ene-17,31-ene-17,01,2017,885
mi.-01-feb-17,01-feb-17,02,2017,885
ju.-02-feb-17,02-feb-17,02,2017,855
vi.-03-feb-17,03-feb-17,02,2017,845
sá.-04-feb-17,04-feb-17,02,2017,845
do.-05-feb-17,05-feb-17,02,2017,845
lu.-06-feb-17,06-feb-17,02,2017,840
ma.-07-feb-17,07-feb-17,02,2017,835
mi.-08-feb-17,08-feb-17,02,2017,845
ju.-09-feb-17,09-feb-17,02,2017,860
vi.-10-feb-17,10-feb-17,02,2017,855
sá.-11-feb-17,11-feb-17,02,2017,855
do.-12-feb-17,12-feb-17,02,2017,855
lu.-13-feb-17,13-feb-17,02,2017,855
ma.-14-feb-17,14-feb-17,02,2017,850
mi.-15-feb-17,15-feb-17,02,2017,860
ju.-16-feb-17,16-feb-17,02,2017,865
vi.-17-feb-17,17-feb-17,02,2017,880
sá.-18-feb-17,18-feb-17,02,2017,880
do.-19-feb-17,19-feb-17,02,2017,880
lu.-20-feb-17,20-feb-17,02,2017,880
ma.-21-feb-17,21-feb-17,02,2017,890
mi.-22-feb-17,22-feb-17,02,2017,885
ju.-23-feb-17,23-feb-17,02,2017,875
vi.-24-feb-17,24-feb-17,02,2017,855
sá.-25-feb-17,25-feb-17,02,2017,855
do.-26-feb-17,26-feb-17,02,2017,855
lu.-27-feb-17,27-feb-17,02,2017,830
ma.-28-feb-17,28-feb-17,02,2017,845
mi.-01-mar-17,01-mar-17,03,2017,865
ju.-02-mar-17,02-mar-17,03,2017,870
vi.-03-mar-17,03-mar-17,03,2017,870
sá.-04-mar-17,04-mar-17,03,2017,870
do.-05-mar-17,05-mar-17,03,2017,870
lu.-06-mar-17,06-mar-17,03,2017,855
ma.-07-mar-17,07-mar-17,03,2017,855
mi.-08-mar-17,08-mar-17,03,2017,865
ju.-09-mar-17,09-mar-17,03,2017,860
vi.-10-mar-17,10-mar-17,03,2017,860
sá.-11-mar-17,11-mar-17,03,2017,860
do.-12-mar-17,12-mar-17,03,2017,860
lu.-13-mar-17,13-mar-17,03,2017,875
ma.-14-mar-17,14-mar-17,03,2017,870
mi.-15-mar-17,15-mar-17,03,2017,860
ju.-16-mar-17,16-mar-17,03,2017,850
vi.-17-mar-17,17-mar-17,03,2017,850
sá.-18-mar-17,18-mar-17,03,2017,850
do.-19-mar-17,19-mar-17,03,2017,850
lu.-20-mar-17,20-mar-17,03,2017,868
ma.-21-mar-17,21-mar-17,03,2017,860
mi.-22-mar-17,22-mar-17,03,2017,851
ju.-23-mar-17,23-mar-17,03,2017,840
vi.-24-mar-17,24-mar-17,03,2017,816
sá.-25-mar-17,25-mar-17,03,2017,816
do.-26-mar-17,26-mar-17,03,2017,816
lu.-27-mar-17,27-mar-17,03,2017,830
ma.-28-mar-17,28-mar-17,03,2017,827
mi.-29-mar-17,29-mar-17,03,2017,823
ju.-30-mar-17,30-mar-17,03,2017,820
vi.-31-mar-17,31-mar-17,03,2017,820
sá.-01-abr-17,01-abr-17,04,2017,820
do.-02-abr-17,02-abr-17,04,2017,820
lu.-03-abr-17,03-abr-17,04,2017,807
ma.-04-abr-17,04-abr-17,04,2017,807
mi.-05-abr-17,05-abr-17,04,2017,802
ju.-06-abr-17,06-abr-17,04,2017,803
vi.-07-abr-17,07-abr-17,04,2017,816
sá.-08-abr-17,08-abr-17,04,2017,816
do.-09-abr-17,09-abr-17,04,2017,816
lu.-10-abr-17,10-abr-17,04,2017,817
ma.-11-abr-17,11-abr-17,04,2017,820
mi.-12-abr-17,12-abr-17,04,2017,820
ju.-13-abr-17,13-abr-17,04,2017,823
vi.-14-abr-17,14-abr-17,04,2017,823
sá.-15-abr-17,15-abr-17,04,2017,823
do.-16-abr-17,16-abr-17,04,2017,823
lu.-17-abr-17,17-abr-17,04,2017,831
ma.-18-abr-17,18-abr-17,04,2017,837
mi.-19-abr-17,19-abr-17,04,2017,815
ju.-20-abr-17,20-abr-17,04,2017,780
vi.-21-abr-17,21-abr-17,04,2017,775
sá.-22-abr-17,22-abr-17,04,2017,775
do.-23-abr-17,23-abr-17,04,2017,775
lu.-24-abr-17,24-abr-17,04,2017,770
ma.-25-abr-17,25-abr-17,04,2017,780
mi.-26-abr-17,26-abr-17,04,2017,778
ju.-27-abr-17,27-abr-17,04,2017,775
vi.-28-abr-17,28-abr-17,04,2017,800
sá.-29-abr-17,29-abr-17,04,2017,800
do.-30-abr-17,30-abr-17,04,2017,800
lu.-01-may-17,01-may-17,05,2017,815
ma.-02-may-17,02-may-17,05,2017,817
mi.-03-may-17,03-may-17,05,2017,820
ju.-04-may-17,04-may-17,05,2017,816
vi.-05-may-17,05-may-17,05,2017,819
sá.-06-may-17,06-may-17,05,2017,819
do.-07-may-17,07-may-17,05,2017,819
lu.-08-may-17,08-may-17,05,2017,826
ma.-09-may-17,09-may-17,05,2017,819
mi.-10-may-17,10-may-17,05,2017,823
ju.-11-may-17,11-may-17,05,2017,806
vi.-12-may-17,12-may-17,05,2017,807
sá.-13-may-17,13-may-17,05,2017,807
do.-14-may-17,14-may-17,05,2017,807
lu.-15-may-17,15-may-17,05,2017,791
ma.-16-may-17,16-may-17,05,2017,778
mi.-17-may-17,17-may-17,05,2017,802
ju.-18-may-17,18-may-17,05,2017,785
vi.-19-may-17,19-may-17,05,2017,790
sá.-20-may-17,20-may-17,05,2017,790
do.-21-may-17,21-may-17,05,2017,790
lu.-22-may-17,22-may-17,05,2017,784
ma.-23-may-17,23-may-17,05,2017,785
mi.-24-may-17,24-may-17,05,2017,777
ju.-25-may-17,25-may-17,05,2017,786
vi.-26-may-17,26-may-17,05,2017,800
sá.-27-may-17,27-may-17,05,2017,800
do.-28-may-17,28-may-17,05,2017,800
lu.-29-may-17,29-may-17,05,2017,810
ma.-30-may-17,30-may-17,05,2017,795
mi.-31-may-17,31-may-17,05,2017,795
ju.-01-jun-17,01-jun-17,06,2017,780
vi.-02-jun-17,02-jun-17,06,2017,767
sá.-03-jun-17,03-jun-17,06,2017,767
do.-04-jun-17,04-jun-17,06,2017,767
lu.-05-jun-17,05-jun-17,06,2017,785
ma.-06-jun-17,06-jun-17,06,2017,767
mi.-07-jun-17,07-jun-17,06,2017,772
ju.-08-jun-17,08-jun-17,06,2017,780
vi.-09-jun-17,09-jun-17,06,2017,781
sá.-10-jun-17,10-jun-17,06,2017,781
do.-11-jun-17,11-jun-17,06,2017,781
lu.-12-jun-17,12-jun-17,06,2017,790
ma.-13-jun-17,13-jun-17,06,2017,785
mi.-14-jun-17,14-jun-17,06,2017,778
ju.-15-jun-17,15-jun-17,06,2017,787
vi.-16-jun-17,16-jun-17,06,2017,778
sá.-17-jun-17,17-jun-17,06,2017,778
do.-18-jun-17,18-jun-17,06,2017,778
lu.-19-jun-17,19-jun-17,06,2017,782
ma.-20-jun-17,20-jun-17,06,2017,790
mi.-21-jun-17,21-jun-17,06,2017,783
ju.-22-jun-17,22-jun-17,06,2017,747
vi.-23-jun-17,23-jun-17,06,2017,785
sá.-24-jun-17,24-jun-17,06,2017,785
do.-25-jun-17,25-jun-17,06,2017,785
lu.-26-jun-17,26-jun-17,06,2017,795
ma.-27-jun-17,27-jun-17,06,2017,806
mi.-28-jun-17,28-jun-17,06,2017,802
ju.-29-jun-17,29-jun-17,06,2017,820
vi.-30-jun-17,30-jun-17,06,2017,820
sá.-01-jul-17,01-jul-17,07,2017,820
do.-02-jul-17,02-jul-17,07,2017,820
lu.-03-jul-17,03-jul-17,07,2017,832
ma.-04-jul-17,04-jul-17,07,2017,832
mi.-05-jul-17,05-jul-17,07,2017,851
ju.-06-jul-17,06-jul-17,07,2017,847
vi.-07-jul-17,07-jul-17,07,2017,848
sá.-08-jul-17,08-jul-17,07,2017,848
do.-09-jul-17,09-jul-17,07,2017,848
lu.-10-jul-17,10-jul-17,07,2017,838
ma.-11-jul-17,11-jul-17,07,2017,826
mi.-12-jul-17,12-jul-17,07,2017,825
ju.-13-jul-17,13-jul-17,07,2017,845
vi.-14-jul-17,14-jul-17,07,2017,853
sá.-15-jul-17,15-jul-17,07,2017,853
do.-16-jul-17,16-jul-17,07,2017,853
lu.-17-jul-17,17-jul-17,07,2017,855
ma.-18-jul-17,18-jul-17,07,2017,857
mi.-19-jul-17,19-jul-17,07,2017,861
ju.-20-jul-17,20-jul-17,07,2017,856
vi.-21-jul-17,21-jul-17,07,2017,865
sá.-22-jul-17,22-jul-17,07,2017,865
do.-23-jul-17,23-jul-17,07,2017,865
lu.-24-jul-17,24-jul-17,07,2017,843
ma.-25-jul-17,25-jul-17,07,2017,831
mi.-26-jul-17,26-jul-17,07,2017,857
ju.-27-jul-17,27-jul-17,07,2017,858
vi.-28-jul-17,28-jul-17,07,2017,867
sá.-29-jul-17,29-jul-17,07,2017,867
do.-30-jul-17,30-jul-17,07,2017,867
lu.-31-jul-17,31-jul-17,07,2017,876
ma.-01-ago-17,01-ago-17,08,2017,860
mi.-02-ago-17,02-ago-17,08,2017,895
ju.-03-ago-17,03-ago-17,08,2017,891
vi.-04-ago-17,04-ago-17,08,2017,897
sá.-05-ago-17,05-ago-17,08,2017,897
do.-06-ago-17,06-ago-17,08,2017,897
lu.-07-ago-17,07-ago-17,08,2017,908
ma.-08-ago-17,08-ago-17,08,2017,919
mi.-09-ago-17,09-ago-17,08,2017,923.5
ju.-10-ago-17,10-ago-17,08,2017,893
vi.-11-ago-17,11-ago-17,08,2017,901
sá.-12-ago-17,12-ago-17,08,2017,901
do.-13-ago-17,13-ago-17,08,2017,901
lu.-14-ago-17,14-ago-17,08,2017,875
ma.-15-ago-17,15-ago-17,08,2017,845
mi.-16-ago-17,16-ago-17,08,2017,836
ju.-17-ago-17,17-ago-17,08,2017,825
vi.-18-ago-17,18-ago-17,08,2017,827
sá.-19-ago-17,19-ago-17,08,2017,827
do.-20-ago-17,20-ago-17,08,2017,827
lu.-21-ago-17,21-ago-17,08,2017,817.5
ma.-22-ago-17,22-ago-17,08,2017,809
mi.-23-ago-17,23-ago-17,08,2017,807
ju.-24-ago-17,24-ago-17,08,2017,800
vi.-25-ago-17,25-ago-17,08,2017,810
sá.-26-ago-17,26-ago-17,08,2017,810
do.-27-ago-17,27-ago-17,08,2017,810
lu.-28-ago-17,28-ago-17,08,2017,810
ma.-29-ago-17,29-ago-17,08,2017,796
mi.-30-ago-17,30-ago-17,08,2017,792
ju.-31-ago-17,31-ago-17,08,2017,802
vi.-01-sep-17,01-sep-17,09,2017,796
sá.-02-sep-17,02-sep-17,09,2017,796
do.-03-sep-17,03-sep-17,09,2017,796
lu.-04-sep-17,04-sep-17,09,2017,796
ma.-05-sep-17,05-sep-17,09,2017,786
mi.-06-sep-17,06-sep-17,09,2017,785
ju.-07-sep-17,07-sep-17,09,2017,790
vi.-08-sep-17,08-sep-17,09,2017,799.5
sá.-09-sep-17,09-sep-17,09,2017,799.5
do.-10-sep-17,10-sep-17,09,2017,799.5
lu.-11-sep-17,11-sep-17,09,2017,808
ma.-12-sep-17,12-sep-17,09,2017,829
mi.-13-sep-17,13-sep-17,09,2017,841
ju.-14-sep-17,14-sep-17,09,2017,839
vi.-15-sep-17,15-sep-17,09,2017,859
sá.-16-sep-17,16-sep-17,09,2017,859
do.-17-sep-17,17-sep-17,09,2017,859
lu.-18-sep-17,18-sep-17,09,2017,855
ma.-19-sep-17,19-sep-17,09,2017,825
mi.-20-sep-17,20-sep-17,09,2017,829
ju.-21-sep-17,21-sep-17,09,2017,826
vi.-22-sep-17,22-sep-17,09,2017,818.5
sá.-23-sep-17,23-sep-17,09,2017,818.5
do.-24-sep-17,24-sep-17,09,2017,818.5
lu.-25-sep-17,25-sep-17,09,2017,808
ma.-26-sep-17,26-sep-17,09,2017,813.5
mi.-27-sep-17,27-sep-17,09,2017,797.375
ju.-28-sep-17,28-sep-17,09,2017,792
vi.-29-sep-17,29-sep-17,09,2017,787
sá.-30-sep-17,30-sep-17,09,2017,787
do.-01-oct-17,01-oct-17,10,2017,787
lu.-02-oct-17,02-oct-17,10,2017,785
ma.-03-oct-17,03-oct-17,10,2017,775.5
mi.-04-oct-17,04-oct-17,10,2017,771
ju.-05-oct-17,05-oct-17,10,2017,778
vi.-06-oct-17,06-oct-17,10,2017,798
sá.-07-oct-17,07-oct-17,10,2017,798
do.-08-oct-17,08-oct-17,10,2017,798
lu.-09-oct-17,09-oct-17,10,2017,803
ma.-10-oct-17,10-oct-17,10,2017,804
mi.-11-oct-17,11-oct-17,10,2017,779
ju.-12-oct-17,12-oct-17,10,2017,775
vi.-13-oct-17,13-oct-17,10,2017,770
sá.-14-oct-17,14-oct-17,10,2017,770
do.-15-oct-17,15-oct-17,10,2017,770
lu.-16-oct-17,16-oct-17,10,2017,753.5
ma.-17-oct-17,17-oct-17,10,2017,758.75
mi.-18-oct-17,18-oct-17,10,2017,757
ju.-19-oct-17,19-oct-17,10,2017,768
vi.-20-oct-17,20-oct-17,10,2017,762
sá.-21-oct-17,21-oct-17,10,2017,762
do.-22-oct-17,22-oct-17,10,2017,762
lu.-23-oct-17,23-oct-17,10,2017,759.5
ma.-24-oct-17,24-oct-17,10,2017,758.5
mi.-25-oct-17,25-oct-17,10,2017,768.5
ju.-26-oct-17,26-oct-17,10,2017,776
vi.-27-oct-17,27-oct-17,10,2017,788.5
sá.-28-oct-17,28-oct-17,10,2017,788.5
do.-29-oct-17,29-oct-17,10,2017,788.5
lu.-30-oct-17,30-oct-17,10,2017,784.75
ma.-31-oct-17,31-oct-17,10,2017,787
mi.-01-nov-17,01-nov-17,11,2017,773
ju.-02-nov-17,02-nov-17,11,2017,798
vi.-03-nov-17,03-nov-17,11,2017,784
sá.-04-nov-17,04-nov-17,11,2017,784
do.-05-nov-17,05-nov-17,11,2017,784
lu.-06-nov-17,06-nov-17,11,2017,794
ma.-07-nov-17,07-nov-17,11,2017,781
mi.-08-nov-17,08-nov-17,11,2017,785
ju.-09-nov-17,09-nov-17,11,2017,788
vi.-10-nov-17,10-nov-17,11,2017,794
sá.-11-nov-17,11-nov-17,11,2017,794
do.-12-nov-17,12-nov-17,11,2017,794
lu.-13-nov-17,13-nov-17,11,2017,793.125
ma.-14-nov-17,14-nov-17,11,2017,795
mi.-15-nov-17,15-nov-17,11,2017,795
ju.-16-nov-17,16-nov-17,11,2017,794
vi.-17-nov-17,17-nov-17,11,2017,776
sá.-18-nov-17,18-nov-17,11,2017,776
do.-19-nov-17,19-nov-17,11,2017,776
lu.-20-nov-17,20-nov-17,11,2017,770
ma.-21-nov-17,21-nov-17,11,2017,773
mi.-22-nov-17,22-nov-17,11,2017,770
ju.-23-nov-17,23-nov-17,11,2017,770
vi.-24-nov-17,24-nov-17,11,2017,772
sá.-25-nov-17,25-nov-17,11,2017,772
do.-26-nov-17,26-nov-17,11,2017,772
lu.-27-nov-17,27-nov-17,11,2017,780
ma.-28-nov-17,28-nov-17,11,2017,796
mi.-29-nov-17,29-nov-17,11,2017,812
ju.-30-nov-17,30-nov-17,11,2017,790
vi.-01-dic-17,01-dic-17,12,2017,797
sá.-02-dic-17,02-dic-17,12,2017,797
do.-03-dic-17,03-dic-17,12,2017,797
lu.-04-dic-17,04-dic-17,12,2017,787
ma.-05-dic-17,05-dic-17,12,2017,781
mi.-06-dic-17,06-dic-17,12,2017,776
ju.-07-dic-17,07-dic-17,12,2017,759
vi.-08-dic-17,08-dic-17,12,2017,757
sá.-09-dic-17,09-dic-17,12,2017,757
do.-10-dic-17,10-dic-17,12,2017,757
lu.-11-dic-17,11-dic-17,12,2017,741
ma.-12-dic-17,12-dic-17,12,2017,736
mi.-13-dic-17,13-dic-17,12,2017,744
ju.-14-dic-17,14-dic-17,12,2017,742
vi.-15-dic-17,15-dic-17,12,2017,745
sá.-16-dic-17,16-dic-17,12,2017,745
do.-17-dic-17,17-dic-17,12,2017,745
lu.-18-dic-17,18-dic-17,12,2017,746.5
ma.-19-dic-17,19-dic-17,12,2017,745
mi.-20-dic-17,20-dic-17,12,2017,752
ju.-21-dic-17,21-dic-17,12,2017,746
vi.-22-dic-17,22-dic-17,12,2017,735
sá.-23-dic-17,23-dic-17,12,2017,735
do.-24-dic-17,24-dic-17,12,2017,735
lu.-25-dic-17,25-dic-17,12,2017,735
ma.-26-dic-17,26-dic-17,12,2017,746.5
mi.-27-dic-17,27-dic-17,12,2017,762.5
ju.-28-dic-17,28-dic-17,12,2017,767.5
vi.-29-dic-17,29-dic-17,12,2017,776
sá.-30-dic-17,30-dic-17,12,2017,776
do.-31-dic-17,31-dic-17,12,2017,776
lu.-01-ene-18,01-ene-18,01,2018,776
ma.-02-ene-18,02-ene-18,01,2018,810
mi.-03-ene-18,03-ene-18,01,2018,796
ju.-04-ene-18,04-ene-18,01,2018,795.5
vi.-05-ene-18,05-ene-18,01,2018,795
lu.-08-ene-18,08-ene-18,01,2018,776
ma.-09-ene-18,09-ene-18,01,2018,781
mi.-10-ene-18,10-ene-18,01,2018,770
vi.-12-ene-18,12-ene-18,01,2018,750.5
sá.-13-ene-18,13-ene-18,01,2018,750.5
do.-14-ene-18,14-ene-18,01,2018,750.5
lu.-15-ene-18,15-ene-18,01,2018,750.5
ma.-16-ene-18,16-ene-18,01,2018,745
mi.-17-ene-18,17-ene-18,01,2018,758
ju.-18-ene-18,18-ene-18,01,2018,742
vi.-19-ene-18,19-ene-18,01,2018,749
sá.-20-ene-18,20-ene-18,01,2018,749
do.-21-ene-18,21-ene-18,01,2018,749
lu.-22-ene-18,22-ene-18,01,2018,757.5
ma.-23-ene-18,23-ene-18,01,2018,750
mi.-24-ene-18,24-ene-18,01,2018,748
ju.-25-ene-18,25-ene-18,01,2018,744
vi.-26-ene-18,26-ene-18,01,2018,758.5
sá.-27-ene-18,27-ene-18,01,2018,758.5
do.-28-ene-18,28-ene-18,01,2018,758.5
lu.-29-ene-18,29-ene-18,01,2018,767
ma.-30-ene-18,30-ene-18,01,2018,753
mi.-31-ene-18,31-ene-18,01,2018,747.5
ju.-01-feb-18,01-feb-18,02,2018,737
vi.-02-feb-18,02-feb-18,02,2018,738
sá.-03-feb-18,03-feb-18,02,2018,738
do.-04-feb-18,04-feb-18,02,2018,738
lu.-05-feb-18,05-feb-18,02,2018,738
ma.-06-feb-18,06-feb-18,02,2018,755.5
mi.-07-feb-18,07-feb-18,02,2018,754
ju.-08-feb-18,08-feb-18,02,2018,760
vi.-09-feb-18,09-feb-18,02,2018,765.5
sá.-10-feb-18,10-feb-18,02,2018,765.5
do.-11-feb-18,11-feb-18,02,2018,765.5
lu.-12-feb-18,12-feb-18,02,2018,763
ma.-13-feb-18,13-feb-18,02,2018,772.5
mi.-14-feb-18,14-feb-18,02,2018,770.5
ju.-15-feb-18,15-feb-18,02,2018,752.5
vi.-16-feb-18,16-feb-18,02,2018,731
sá.-17-feb-18,17-feb-18,02,2018,731
do.-18-feb-18,18-feb-18,02,2018,731
lu.-19-feb-18,19-feb-18,02,2018,731
ma.-20-feb-18,20-feb-18,02,2018,729
mi.-21-feb-18,21-feb-18,02,2018,728.375
ju.-22-feb-18,22-feb-18,02,2018,741
vi.-23-feb-18,23-feb-18,02,2018,734
sá.-24-feb-18,24-feb-18,02,2018,734
do.-25-feb-18,25-feb-18,02,2018,734
lu.-26-feb-18,26-feb-18,02,2018,740
ma.-27-feb-18,27-feb-18,02,2018,737
mi.-28-feb-18,28-feb-18,02,2018,746
ju.-01-mar-18,01-mar-18,03,2018,760
vi.-02-mar-18,02-mar-18,03,2018,753
sá.-03-mar-18,03-mar-18,03,2018,753
do.-04-mar-18,04-mar-18,03,2018,753
lu.-05-mar-18,05-mar-18,03,2018,741
ma.-06-mar-18,06-mar-18,03,2018,738
mi.-07-mar-18,07-mar-18,03,2018,739
ju.-08-mar-18,08-mar-18,03,2018,740
vi.-09-mar-18,09-mar-18,03,2018,738
sá.-10-mar-18,10-mar-18,03,2018,738
do.-11-mar-18,11-mar-18,03,2018,738
lu.-12-mar-18,12-mar-18,03,2018,730
ma.-13-mar-18,13-mar-18,03,2018,741
mi.-14-mar-18,14-mar-18,03,2018,738
ju.-15-mar-18,15-mar-18,03,2018,726
vi.-16-mar-18,16-mar-18,03,2018,723
sá.-17-mar-18,17-mar-18,03,2018,723
do.-18-mar-18,18-mar-18,03,2018,723
lu.-19-mar-18,19-mar-18,03,2018,731
ma.-20-mar-18,20-mar-18,03,2018,732.5
mi.-21-mar-18,21-mar-18,03,2018,728
ju.-22-mar-18,22-mar-18,03,2018,728
vi.-23-mar-18,23-mar-18,03,2018,718
sá.-24-mar-18,24-mar-18,03,2018,718
do.-25-mar-18,25-mar-18,03,2018,718
lu.-26-mar-18,26-mar-18,03,2018,715
ma.-27-mar-18,27-mar-18,03,2018,710
mi.-28-mar-18,28-mar-18,03,2018,705
ju.-29-mar-18,29-mar-18,03,2018,708
vi.-30-mar-18,30-mar-18,03,2018,708
sá.-31-mar-18,31-mar-18,03,2018,708
do.-01-abr-18,01-abr-18,04,2018,708
lu.-02-abr-18,02-abr-18,04,2018,712
ma.-03-abr-18,03-abr-18,04,2018,709
mi.-04-abr-18,04-abr-18,04,2018,714
ju.-05-abr-18,05-abr-18,04,2018,717
vi.-06-abr-18,06-abr-18,04,2018,717.25
sá.-07-abr-18,07-abr-18,04,2018,717.25
do.-08-abr-18,08-abr-18,04,2018,717.25
lu.-09-abr-18,09-abr-18,04,2018,717
ma.-10-abr-18,10-abr-18,04,2018,709
mi.-11-abr-18,11-abr-18,04,2018,708
ju.-12-abr-18,12-abr-18,04,2018,704
vi.-13-abr-18,13-abr-18,04,2018,702
sá.-14-abr-18,14-abr-18,04,2018,702
do.-15-abr-18,15-abr-18,04,2018,702
lu.-16-abr-18,16-abr-18,04,2018,694
ma.-17-abr-18,17-abr-18,04,2018,690
mi.-18-abr-18,18-abr-18,04,2018,692
ju.-19-abr-18,19-abr-18,04,2018,692
vi.-20-abr-18,20-abr-18,04,2018,708
sá.-21-abr-18,21-abr-18,04,2018,708
do.-22-abr-18,22-abr-18,04,2018,708
lu.-23-abr-18,23-abr-18,04,2018,726
ma.-24-abr-18,24-abr-18,04,2018,731
mi.-25-abr-18,25-abr-18,04,2018,731
ju.-26-abr-18,26-abr-18,04,2018,733
vi.-27-abr-18,27-abr-18,04,2018,747
sá.-28-abr-18,28-abr-18,04,2018,747
do.-29-abr-18,29-abr-18,04,2018,747
lu.-30-abr-18,30-abr-18,04,2018,750
ma.-01-may-18,01-may-18,05,2018,762
mi.-02-may-18,02-may-18,05,2018,762
ju.-03-may-18,03-may-18,05,2018,773
vi.-04-may-18,04-may-18,05,2018,759
sá.-05-may-18,05-may-18,05,2018,759
do.-06-may-18,06-may-18,05,2018,759
lu.-07-may-18,07-may-18,05,2018,741
ma.-08-may-18,08-may-18,05,2018,748
mi.-09-may-18,09-may-18,05,2018,741
ju.-10-may-18,10-may-18,05,2018,736
vi.-11-may-18,11-may-18,05,2018,736
sá.-12-may-18,12-may-18,05,2018,736
do.-13-may-18,13-may-18,05,2018,736
lu.-14-may-18,14-may-18,05,2018,725
ma.-15-may-18,15-may-18,05,2018,738
mi.-16-may-18,16-may-18,05,2018,739.5
ju.-17-may-18,17-may-18,05,2018,748
vi.-18-may-18,18-may-18,05,2018,760
sá.-19-may-18,19-may-18,05,2018,760
do.-20-may-18,20-may-18,05,2018,760
lu.-21-may-18,21-may-18,05,2018,765
ma.-22-may-18,22-may-18,05,2018,757
mi.-23-may-18,23-may-18,05,2018,752
ju.-24-may-18,24-may-18,05,2018,759
vi.-25-may-18,25-may-18,05,2018,764.5
sá.-26-may-18,26-may-18,05,2018,764.5
do.-27-may-18,27-may-18,05,2018,764.5
lu.-28-may-18,28-may-18,05,2018,764.5
ma.-29-may-18,29-may-18,05,2018,765
mi.-30-may-18,30-may-18,05,2018,762
ju.-31-may-18,31-may-18,05,2018,784
vi.-01-jun-18,01-jun-18,06,2018,772
sá.-02-jun-18,02-jun-18,06,2018,772
do.-03-jun-18,03-jun-18,06,2018,772
lu.-04-jun-18,04-jun-18,06,2018,765
ma.-05-jun-18,05-jun-18,06,2018,752
mi.-06-jun-18,06-jun-18,06,2018,740
ju.-07-jun-18,07-jun-18,06,2018,728
vi.-08-jun-18,08-jun-18,06,2018,742
sá.-09-jun-18,09-jun-18,06,2018,742
do.-10-jun-18,10-jun-18,06,2018,742
lu.-11-jun-18,11-jun-18,06,2018,740
ma.-12-jun-18,12-jun-18,06,2018,742
mi.-13-jun-18,13-jun-18,06,2018,740
ju.-14-jun-18,14-jun-18,06,2018,736
vi.-15-jun-18,15-jun-18,06,2018,741
sá.-16-jun-18,16-jun-18,06,2018,741
do.-17-jun-18,17-jun-18,06,2018,741
lu.-18-jun-18,18-jun-18,06,2018,743
ma.-19-jun-18,19-jun-18,06,2018,744.5
mi.-20-jun-18,20-jun-18,06,2018,742
ju.-21-jun-18,21-jun-18,06,2018,747
vi.-22-jun-18,22-jun-18,06,2018,744.5
sá.-23-jun-18,23-jun-18,06,2018,744.5
do.-24-jun-18,24-jun-18,06,2018,744.5
lu.-25-jun-18,25-jun-18,06,2018,748
ma.-26-jun-18,26-jun-18,06,2018,750
mi.-27-jun-18,27-jun-18,06,2018,752
ju.-28-jun-18,28-jun-18,06,2018,744
vi.-29-jun-18,29-jun-18,06,2018,740
sá.-30-jun-18,30-jun-18,06,2018,740
do.-01-jul-18,01-jul-18,07,2018,740
lu.-02-jul-18,02-jul-18,07,2018,720
ma.-03-jul-18,03-jul-18,07,2018,717
mi.-04-jul-18,04-jul-18,07,2018,717
ju.-05-jul-18,05-jul-18,07,2018,700.5
vi.-06-jul-18,06-jul-18,07,2018,726
sá.-07-jul-18,07-jul-18,07,2018,726
do.-08-jul-18,08-jul-18,07,2018,726
lu.-09-jul-18,09-jul-18,07,2018,735
ma.-10-jul-18,10-jul-18,07,2018,732
mi.-11-jul-18,11-jul-18,07,2018,718
ju.-12-jul-18,12-jul-18,07,2018,715.5
vi.-13-jul-18,13-jul-18,07,2018,705
sá.-14-jul-18,14-jul-18,07,2018,705
do.-15-jul-18,15-jul-18,07,2018,705
lu.-16-jul-18,16-jul-18,07,2018,710
ma.-17-jul-18,17-jul-18,07,2018,706
mi.-18-jul-18,18-jul-18,07,2018,701
ju.-19-jul-18,19-jul-18,07,2018,707
vi.-20-jul-18,20-jul-18,07,2018,718
sá.-21-jul-18,21-jul-18,07,2018,718
do.-22-jul-18,22-jul-18,07,2018,718
lu.-23-jul-18,23-jul-18,07,2018,728
ma.-24-jul-18,24-jul-18,07,2018,723
mi.-25-jul-18,25-jul-18,07,2018,720
ju.-26-jul-18,26-jul-18,07,2018,712
vi.-27-jul-18,27-jul-18,07,2018,720
sá.-28-jul-18,28-jul-18,07,2018,720
do.-29-jul-18,29-jul-18,07,2018,720
lu.-30-jul-18,30-jul-18,07,2018,725
ma.-31-jul-18,31-jul-18,07,2018,719
mi.-01-ago-18,01-ago-18,08,2018,710
ju.-02-ago-18,02-ago-18,08,2018,706
vi.-03-ago-18,03-ago-18,08,2018,712
sá.-04-ago-18,04-ago-18,08,2018,712
do.-05-ago-18,05-ago-18,08,2018,712
lu.-06-ago-18,06-ago-18,08,2018,717
ma.-07-ago-18,07-ago-18,08,2018,718
mi.-08-ago-18,08-ago-18,08,2018,714
ju.-09-ago-18,09-ago-18,08,2018,715
vi.-10-ago-18,10-ago-18,08,2018,717
sá.-11-ago-18,11-ago-18,08,2018,717
do.-12-ago-18,12-ago-18,08,2018,717
lu.-13-ago-18,13-ago-18,08,2018,723
ma.-14-ago-18,14-ago-18,08,2018,723
mi.-15-ago-18,15-ago-18,08,2018,718
ju.-16-ago-18,16-ago-18,08,2018,710
vi.-17-ago-18,17-ago-18,08,2018,710
sá.-18-ago-18,18-ago-18,08,2018,710
do.-19-ago-18,19-ago-18,08,2018,710
lu.-20-ago-18,20-ago-18,08,2018,687
ma.-21-ago-18,21-ago-18,08,2018,685
mi.-22-ago-18,22-ago-18,08,2018,673
ju.-23-ago-18,23-ago-18,08,2018,680
vi.-24-ago-18,24-ago-18,08,2018,695
sá.-25-ago-18,25-ago-18,08,2018,695
do.-26-ago-18,26-ago-18,08,2018,695
lu.-27-ago-18,27-ago-18,08,2018,695
ma.-28-ago-18,28-ago-18,08,2018,687
mi.-29-ago-18,29-ago-18,08,2018,694
ju.-30-ago-18,30-ago-18,08,2018,700
vi.-31-ago-18,31-ago-18,08,2018,700
sá.-01-sep-18,01-sep-18,09,2018,700
do.-02-sep-18,02-sep-18,09,2018,700
lu.-03-sep-18,03-sep-18,09,2018,700
ma.-04-sep-18,04-sep-18,09,2018,706
mi.-05-sep-18,05-sep-18,09,2018,724
ju.-06-sep-18,06-sep-18,09,2018,711
vi.-07-sep-18,07-sep-18,09,2018,708
sá.-08-sep-18,08-sep-18,09,2018,708
do.-09-sep-18,09-sep-18,09,2018,708
lu.-10-sep-18,10-sep-18,09,2018,700
ma.-11-sep-18,11-sep-18,09,2018,700
mi.-12-sep-18,12-sep-18,09,2018,702
ju.-13-sep-18,13-sep-18,09,2018,685
vi.-14-sep-18,14-sep-18,09,2018,681
sá.-15-sep-18,15-sep-18,09,2018,681
do.-16-sep-18,16-sep-18,09,2018,681
lu.-17-sep-18,17-sep-18,09,2018,663
ma.-18-sep-18,18-sep-18,09,2018,653
mi.-19-sep-18,19-sep-18,09,2018,661
ju.-20-sep-18,20-sep-18,09,2018,679
vi.-21-sep-18,21-sep-18,09,2018,679
sá.-22-sep-18,22-sep-18,09,2018,679
do.-23-sep-18,23-sep-18,09,2018,679
lu.-24-sep-18,24-sep-18,09,2018,667
ma.-25-sep-18,25-sep-18,09,2018,660
mi.-26-sep-18,26-sep-18,09,2018,664
ju.-27-sep-18,27-sep-18,09,2018,671
vi.-28-sep-18,28-sep-18,09,2018,686
sá.-29-sep-18,29-sep-18,09,2018,686
do.-30-sep-18,30-sep-18,09,2018,686
lu.-01-oct-18,01-oct-18,10,2018,690
ma.-02-oct-18,02-oct-18,10,2018,722
mi.-03-oct-18,03-oct-18,10,2018,716
ju.-04-oct-18,04-oct-18,10,2018,721
vi.-05-oct-18,05-oct-18,10,2018,734
sá.-06-oct-18,06-oct-18,10,2018,734
do.-07-oct-18,07-oct-18,10,2018,734
lu.-08-oct-18,08-oct-18,10,2018,752
ma.-09-oct-18,09-oct-18,10,2018,770
mi.-10-oct-18,10-oct-18,10,2018,770
ju.-11-oct-18,11-oct-18,10,2018,775
vi.-12-oct-18,12-oct-18,10,2018,807
sá.-13-oct-18,13-oct-18,10,2018,807
do.-14-oct-18,14-oct-18,10,2018,807
lu.-15-oct-18,15-oct-18,10,2018,825
ma.-16-oct-18,16-oct-18,10,2018,806
mi.-17-oct-18,17-oct-18,10,2018,837
ju.-18-oct-18,18-oct-18,10,2018,840
vi.-19-oct-18,19-oct-18,10,2018,838
sá.-20-oct-18,20-oct-18,10,2018,838
do.-21-oct-18,21-oct-18,10,2018,838
lu.-22-oct-18,22-oct-18,10,2018,812
ma.-23-oct-18,23-oct-18,10,2018,840
mi.-24-oct-18,24-oct-18,10,2018,845
ju.-25-oct-18,25-oct-18,10,2018,855
vi.-26-oct-18,26-oct-18,10,2018,850
sá.-27-oct-18,27-oct-18,10,2018,850
do.-28-oct-18,28-oct-18,10,2018,850
lu.-29-oct-18,29-oct-18,10,2018,815
ma.-30-oct-18,30-oct-18,10,2018,807
mi.-31-oct-18,31-oct-18,10,2018,815
ju.-01-nov-18,01-nov-18,11,2018,841.5
vi.-02-nov-18,02-nov-18,11,2018,852
sá.-03-nov-18,03-nov-18,11,2018,852
do.-04-nov-18,04-nov-18,11,2018,852
lu.-05-nov-18,05-nov-18,11,2018,834
ma.-06-nov-18,06-nov-18,11,2018,806
mi.-07-nov-18,07-nov-18,11,2018,815
ju.-08-nov-18,08-nov-18,11,2018,820
vi.-09-nov-18,09-nov-18,11,2018,805
sá.-10-nov-18,10-nov-18,11,2018,805
do.-11-nov-18,11-nov-18,11,2018,805
do.-11-nov-18,11-nov-18,11,2018,805
lu.-12-nov-18,12-nov-18,11,2018,785
ma.-13-nov-18,13-nov-18,11,2018,781
mi.-14-nov-18,14-nov-18,11,2018,804
ju.-15-nov-18,15-nov-18,11,2018,792
vi.-16-nov-18,16-nov-18,11,2018,800
sá.-17-nov-18,17-nov-18,11,2018,800
do.-18-nov-18,18-nov-18,11,2018,800
lu.-19-nov-18,19-nov-18,11,2018,804
ma.-20-nov-18,20-nov-18,11,2018,796
mi.-21-nov-18,21-nov-18,11,2018,793
ju.-22-nov-18,22-nov-18,11,2018,793
vi.-23-nov-18,23-nov-18,11,2018,780
sá.-24-nov-18,24-nov-18,11,2018,780
do.-25-nov-18,25-nov-18,11,2018,780
lu.-26-nov-18,26-nov-18,11,2018,783
ma.-27-nov-18,27-nov-18,11,2018,802
mi.-28-nov-18,28-nov-18,11,2018,813
ju.-29-nov-18,29-nov-18,11,2018,793
vi.-30-nov-18,30-nov-18,11,2018,762
sá.-01-dic-18,01-dic-18,12,2018,762
do.-02-dic-18,02-dic-18,12,2018,762
lu.-03-dic-18,03-dic-18,12,2018,754
ma.-04-dic-18,04-dic-18,12,2018,743
mi.-05-dic-18,05-dic-18,12,2018,734
ju.-06-dic-18,06-dic-18,12,2018,741
vi.-07-dic-18,07-dic-18,12,2018,720
sá.-08-dic-18,08-dic-18,12,2018,720
do.-09-dic-18,09-dic-18,12,2018,720
lu.-10-dic-18,10-dic-18,12,2018,732
ma.-11-dic-18,11-dic-18,12,2018,716
mi.-12-dic-18,12-dic-18,12,2018,718
ju.-13-dic-18,13-dic-18,12,2018,727
vi.-14-dic-18,14-dic-18,12,2018,719
sá.-15-dic-18,15-dic-18,12,2018,719
do.-16-dic-18,16-dic-18,12,2018,719
lu.-17-dic-18,17-dic-18,12,2018,702
ma.-18-dic-18,18-dic-18,12,2018,700.5
mi.-19-dic-18,19-dic-18,12,2018,713
ju.-20-dic-18,20-dic-18,12,2018,731.5
vi.-21-dic-18,21-dic-18,12,2018,721.5
sá.-22-dic-18,22-dic-18,12,2018,721.5
do.-23-dic-18,23-dic-18,12,2018,721.5
lu.-24-dic-18,24-dic-18,12,2018,738.5
ma.-25-dic-18,25-dic-18,12,2018,738.5
mi.-26-dic-18,26-dic-18,12,2018,751
ju.-27-dic-18,27-dic-18,12,2018,732
vi.-28-dic-18,28-dic-18,12,2018,718.5
sá.-29-dic-18,29-dic-18,12,2018,718.5
do.-30-dic-18,30-dic-18,12,2018,718.5
lu.-31-dic-18,31-dic-18,12,2018,724
ma.-01-ene-19,01-ene-19,01,2019,724
mi.-02-ene-19,02-ene-19,01,2019,710
ju.-03-ene-19,03-ene-19,01,2019,730
vi.-04-ene-19,04-ene-19,01,2019,720
sá.-05-ene-19,05-ene-19,01,2019,720
do.-06-ene-19,06-ene-19,01,2019,720
lu.-07-ene-19,07-ene-19,01,2019,727.5
ma.-08-ene-19,08-ene-19,01,2019,733
mi.-09-ene-19,09-ene-19,01,2019,728
ju.-10-ene-19,10-ene-19,01,2019,725
vi.-11-ene-19,11-ene-19,01,2019,724
sá.-12-ene-19,12-ene-19,01,2019,724
do.-13-ene-19,13-ene-19,01,2019,724
lu.-14-ene-19,14-ene-19,01,2019,717
ma.-15-ene-19,15-ene-19,01,2019,705
mi.-16-ene-19,16-ene-19,01,2019,710
ju.-17-ene-19,17-ene-19,01,2019,714
vi.-18-ene-19,18-ene-19,01,2019,730
sá.-19-ene-19,19-ene-19,01,2019,730
do.-20-ene-19,20-ene-19,01,2019,730
lu.-21-ene-19,21-ene-19,01,2019,730
ma.-22-ene-19,22-ene-19,01,2019,725
mi.-23-ene-19,23-ene-19,01,2019,728
ju.-24-ene-19,24-ene-19,01,2019,745
vi.-25-ene-19,25-ene-19,01,2019,750
sá.-26-ene-19,26-ene-19,01,2019,750
do.-27-ene-19,27-ene-19,01,2019,750
lu.-28-ene-19,28-ene-19,01,2019,728
ma.-29-ene-19,29-ene-19,01,2019,728
mi.-30-ene-19,30-ene-19,01,2019,726
ju.-31-ene-19,31-ene-19,01,2019,740
vi.-01-feb-19,01-feb-19,02,2019,725
sá.-02-feb-19,02-feb-19,02,2019,725
do.-03-feb-19,03-feb-19,02,2019,725
lu.-04-feb-19,04-feb-19,02,2019,735
ma.-05-feb-19,05-feb-19,02,2019,731
mi.-06-feb-19,06-feb-19,02,2019,740
ju.-07-feb-19,07-feb-19,02,2019,732
vi.-08-feb-19,08-feb-19,02,2019,725
sá.-09-feb-19,09-feb-19,02,2019,725
do.-10-feb-19,10-feb-19,02,2019,725
lu.-11-feb-19,11-feb-19,02,2019,714
ma.-12-feb-19,12-feb-19,02,2019,716
mi.-13-feb-19,13-feb-19,02,2019,709
ju.-14-feb-19,14-feb-19,02,2019,708
vi.-15-feb-19,15-feb-19,02,2019,706
sá.-16-feb-19,16-feb-19,02,2019,706
do.-17-feb-19,17-feb-19,02,2019,706
lu.-18-feb-19,18-feb-19,02,2019,706
ma.-19-feb-19,19-feb-19,02,2019,696
mi.-20-feb-19,20-feb-19,02,2019,700.5
ju.-21-feb-19,21-feb-19,02,2019,690
vi.-22-feb-19,22-feb-19,02,2019,691
sá.-23-feb-19,23-feb-19,02,2019,691
do.-24-feb-19,24-feb-19,02,2019,691
lu.-25-feb-19,25-feb-19,02,2019,690
ma.-26-feb-19,26-feb-19,02,2019,670
mi.-27-feb-19,27-feb-19,02,2019,670
ju.-28-feb-19,28-feb-19,02,2019,678
vi.-01-mar-19,01-mar-19,03,2019,692
sá.-02-mar-19,02-mar-19,03,2019,692
do.-03-mar-19,03-mar-19,03,2019,692
lu.-04-mar-19,04-mar-19,03,2019,674
ma.-05-mar-19,05-mar-19,03,2019,690
mi.-06-mar-19,06-mar-19,03,2019,685
ju.-07-mar-19,07-mar-19,03,2019,676
vi.-08-mar-19,08-mar-19,03,2019,700
sá.-09-mar-19,09-mar-19,03,2019,700
do.-10-mar-19,10-mar-19,03,2019,700
lu.-11-mar-19,11-mar-19,03,2019,693
ma.-12-mar-19,12-mar-19,03,2019,682
mi.-13-mar-19,13-mar-19,03,2019,695
ju.-14-mar-19,14-mar-19,03,2019,697
vi.-15-mar-19,15-mar-19,03,2019,703
sá.-16-mar-19,16-mar-19,03,2019,703
do.-17-mar-19,17-mar-19,03,2019,703
lu.-18-mar-19,18-mar-19,03,2019,692
ma.-19-mar-19,19-mar-19,03,2019,690
mi.-20-mar-19,20-mar-19,03,2019,678
ju.-21-mar-19,21-mar-19,03,2019,676
vi.-22-mar-19,22-mar-19,03,2019,680
sá.-23-mar-19,23-mar-19,03,2019,680
do.-24-mar-19,24-mar-19,03,2019,680
lu.-25-mar-19,25-mar-19,03,2019,684
ma.-26-mar-19,26-mar-19,03,2019,695
mi.-27-mar-19,27-mar-19,03,2019,695
ju.-28-mar-19,28-mar-19,03,2019,696
vi.-29-mar-19,29-mar-19,03,2019,695
sá.-30-mar-19,30-mar-19,03,2019,695
do.-31-mar-19,31-mar-19,03,2019,695
lu.-01-abr-19,01-abr-19,04,2019,674
ma.-02-abr-19,02-abr-19,04,2019,672
mi.-03-abr-19,03-abr-19,04,2019,692
ju.-04-abr-19,04-abr-19,04,2019,692
vi.-05-abr-19,05-abr-19,04,2019,677
sá.-06-abr-19,06-abr-19,04,2019,677
do.-07-abr-19,07-abr-19,04,2019,677
lu.-08-abr-19,08-abr-19,04,2019,673
ma.-09-abr-19,09-abr-19,04,2019,674
mi.-10-abr-19,10-abr-19,04,2019,676
ju.-11-abr-19,11-abr-19,04,2019,658
vi.-12-abr-19,12-abr-19,04,2019,660
sá.-13-abr-19,13-abr-19,04,2019,660
do.-14-abr-19,14-abr-19,04,2019,660
lu.-15-abr-19,15-abr-19,04,2019,675
ma.-16-abr-19,16-abr-19,04,2019,675
mi.-17-abr-19,17-abr-19,04,2019,655
ju.-18-abr-19,18-abr-19,04,2019,680
vi.-19-abr-19,19-abr-19,04,2019,680
sá.-20-abr-19,20-abr-19,04,2019,680
do.-21-abr-19,21-abr-19,04,2019,680
lu.-22-abr-19,22-abr-19,04,2019,682
ma.-23-abr-19,23-abr-19,04,2019,687
mi.-24-abr-19,24-abr-19,04,2019,688
ju.-25-abr-19,25-abr-19,04,2019,700
vi.-26-abr-19,26-abr-19,04,2019,703
sá.-27-abr-19,27-abr-19,04,2019,703
do.-28-abr-19,28-abr-19,04,2019,703
lu.-29-abr-19,29-abr-19,04,2019,700
ma.-30-abr-19,30-abr-19,04,2019,704
mi.-01-may-19,01-may-19,05,2019,691
ju.-02-may-19,02-may-19,05,2019,701
vi.-03-may-19,03-may-19,05,2019,692
sá.-04-may-19,04-may-19,05,2019,692
do.-05-may-19,05-may-19,05,2019,692
lu.-06-may-19,06-may-19,05,2019,692
ma.-07-may-19,07-may-19,05,2019,688
mi.-08-may-19,08-may-19,05,2019,692
ju.-09-may-19,09-may-19,05,2019,708
vi.-10-may-19,10-may-19,05,2019,704
sá.-11-may-19,11-may-19,05,2019,704
do.-12-may-19,12-may-19,05,2019,704
lu.-13-may-19,13-may-19,05,2019,701
ma.-14-may-19,14-may-19,05,2019,707.5
mi.-15-may-19,15-may-19,05,2019,712
ju.-16-may-19,16-may-19,05,2019,713.5
vi.-17-may-19,17-may-19,05,2019,700
sá.-18-may-19,18-may-19,05,2019,700
do.-19-may-19,19-may-19,05,2019,700
lu.-20-may-19,20-may-19,05,2019,713
ma.-21-may-19,21-may-19,05,2019,735
mi.-22-may-19,22-may-19,05,2019,730
ju.-23-may-19,23-may-19,05,2019,750
vi.-24-may-19,24-may-19,05,2019,748
sá.-25-may-19,25-may-19,05,2019,748
do.-26-may-19,26-may-19,05,2019,748
lu.-27-may-19,27-may-19,05,2019,748
ma.-28-may-19,28-may-19,05,2019,775
mi.-29-may-19,29-may-19,05,2019,802
ju.-30-may-19,30-may-19,05,2019,820
vi.-31-may-19,31-may-19,05,2019,835
sá.-01-jun-19,01-jun-19,06,2019,835
do.-02-jun-19,02-jun-19,06,2019,835
lu.-03-jun-19,03-jun-19,06,2019,830
ma.-04-jun-19,04-jun-19,06,2019,825
mi.-05-jun-19,05-jun-19,06,2019,780
ju.-06-jun-19,06-jun-19,06,2019,795
vi.-07-jun-19,07-jun-19,06,2019,785
sá.-08-jun-19,08-jun-19,06,2019,785
do.-09-jun-19,09-jun-19,06,2019,785
lu.-10-jun-19,10-jun-19,06,2019,765
ma.-11-jun-19,11-jun-19,06,2019,755
mi.-12-jun-19,12-jun-19,06,2019,770
ju.-13-jun-19,13-jun-19,06,2019,760
vi.-14-jun-19,14-jun-19,06,2019,750
sá.-15-jun-19,15-jun-19,06,2019,750
do.-16-jun-19,16-jun-19,06,2019,750
lu.-17-jun-19,17-jun-19,06,2019,755
ma.-18-jun-19,18-jun-19,06,2019,740
mi.-19-jun-19,19-jun-19,06,2019,745
ju.-20-jun-19,20-jun-19,06,2019,758
vi.-21-jun-19,21-jun-19,06,2019,753
sá.-22-jun-19,22-jun-19,06,2019,753
do.-23-jun-19,23-jun-19,06,2019,753
lu.-24-jun-19,24-jun-19,06,2019,768.5
ma.-25-jun-19,25-jun-19,06,2019,795
mi.-26-jun-19,26-jun-19,06,2019,785
ju.-27-jun-19,27-jun-19,06,2019,792
vi.-28-jun-19,28-jun-19,06,2019,815
sá.-29-jun-19,29-jun-19,06,2019,815
do.-30-jun-19,30-jun-19,06,2019,815
lu.-01-jul-19,01-jul-19,07,2019,827
ma.-02-jul-19,02-jul-19,07,2019,815
mi.-03-jul-19,03-jul-19,07,2019,840
ju.-04-jul-19,04-jul-19,07,2019,840
vi.-05-jul-19,05-jul-19,07,2019,828
sá.-06-jul-19,06-jul-19,07,2019,828
do.-07-jul-19,07-jul-19,07,2019,828
lu.-08-jul-19,08-jul-19,07,2019,796
ma.-09-jul-19,09-jul-19,07,2019,803
mi.-10-jul-19,10-jul-19,07,2019,789
ju.-11-jul-19,11-jul-19,07,2019,795
vi.-12-jul-19,12-jul-19,07,2019,792
sá.-13-jul-19,13-jul-19,07,2019,792
do.-14-jul-19,14-jul-19,07,2019,792
lu.-15-jul-19,15-jul-19,07,2019,815
ma.-16-jul-19,16-jul-19,07,2019,790
mi.-17-jul-19,17-jul-19,07,2019,800
ju.-18-jul-19,18-jul-19,07,2019,805
vi.-19-jul-19,19-jul-19,07,2019,800
sá.-20-jul-19,20-jul-19,07,2019,800
do.-21-jul-19,21-jul-19,07,2019,800
lu.-22-jul-19,22-jul-19,07,2019,786
ma.-23-jul-19,23-jul-19,07,2019,770
mi.-24-jul-19,24-jul-19,07,2019,762
ju.-25-jul-19,25-jul-19,07,2019,764
vi.-26-jul-19,26-jul-19,07,2019,763
sá.-27-jul-19,27-jul-19,07,2019,763
do.-28-jul-19,28-jul-19,07,2019,763
lu.-29-jul-19,29-jul-19,07,2019,785
ma.-30-jul-19,30-jul-19,07,2019,780
mi.-31-jul-19,31-jul-19,07,2019,780
ju.-01-ago-19,01-ago-19,08,2019,780
vi.-02-ago-19,02-ago-19,08,2019,805
sá.-03-ago-19,03-ago-19,08,2019,805
do.-04-ago-19,04-ago-19,08,2019,805
lu.-05-ago-19,05-ago-19,08,2019,810
ma.-06-ago-19,06-ago-19,08,2019,815
mi.-07-ago-19,07-ago-19,08,2019,813
ju.-08-ago-19,08-ago-19,08,2019,802
vi.-09-ago-19,09-ago-19,08,2019,808
sá.-10-ago-19,10-ago-19,08,2019,808
do.-11-ago-19,11-ago-19,08,2019,808
lu.-12-ago-19,12-ago-19,08,2019,792
ma.-13-ago-19,13-ago-19,08,2019,806
mi.-14-ago-19,14-ago-19,08,2019,805
ju.-15-ago-19,15-ago-19,08,2019,808
vi.-16-ago-19,16-ago-19,08,2019,790
sá.-17-ago-19,17-ago-19,08,2019,790
do.-18-ago-19,18-ago-19,08,2019,790
lu.-19-ago-19,19-ago-19,08,2019,779
ma.-20-ago-19,20-ago-19,08,2019,778
mi.-21-ago-19,21-ago-19,08,2019,780
ju.-22-ago-19,22-ago-19,08,2019,790
vi.-23-ago-19,23-ago-19,08,2019,790
sá.-24-ago-19,24-ago-19,08,2019,790
do.-25-ago-19,25-ago-19,08,2019,790
lu.-26-ago-19,26-ago-19,08,2019,805
ma.-27-ago-19,27-ago-19,08,2019,810
mi.-28-ago-19,28-ago-19,08,2019,815
ju.-29-ago-19,29-ago-19,08,2019,790
vi.-30-ago-19,30-ago-19,08,2019,805
sá.-31-ago-19,31-ago-19,08,2019,805
do.-01-sep-19,01-sep-19,09,2019,805
lu.-02-sep-19,02-sep-19,09,2019,805
ma.-03-sep-19,03-sep-19,09,2019,795
mi.-04-sep-19,04-sep-19,09,2019,792
ju.-05-sep-19,05-sep-19,09,2019,778
vi.-06-sep-19,06-sep-19,09,2019,785
sá.-07-sep-19,07-sep-19,09,2019,785
do.-08-sep-19,08-sep-19,09,2019,785
lu.-09-sep-19,09-sep-19,09,2019,796
ma.-10-sep-19,10-sep-19,09,2019,816.5
mi.-11-sep-19,11-sep-19,09,2019,832
ju.-12-sep-19,12-sep-19,09,2019,831
vi.-13-sep-19,13-sep-19,09,2019,825
sá.-14-sep-19,14-sep-19,09,2019,825
do.-15-sep-19,15-sep-19,09,2019,825
lu.-16-sep-19,16-sep-19,09,2019,835
ma.-17-sep-19,17-sep-19,09,2019,810
mi.-18-sep-19,18-sep-19,09,2019,808
ju.-19-sep-19,19-sep-19,09,2019,800
vi.-20-sep-19,20-sep-19,09,2019,810
sá.-21-sep-19,21-sep-19,09,2019,810
do.-22-sep-19,22-sep-19,09,2019,810
lu.-23-sep-19,23-sep-19,09,2019,820
ma.-24-sep-19,24-sep-19,09,2019,820
mi.-25-sep-19,25-sep-19,09,2019,833
ju.-26-sep-19,26-sep-19,09,2019,840
vi.-27-sep-19,27-sep-19,09,2019,845
sá.-28-sep-19,28-sep-19,09,2019,845
do.-29-sep-19,29-sep-19,09,2019,845
lu.-30-sep-19,30-sep-19,09,2019,852
ma.-01-oct-19,01-oct-19,10,2019,858
mi.-02-oct-19,02-oct-19,10,2019,853
ju.-03-oct-19,03-oct-19,10,2019,852
vi.-04-oct-19,04-oct-19,10,2019,828
sá.-05-oct-19,05-oct-19,10,2019,828
do.-06-oct-19,06-oct-19,10,2019,828
lu.-07-oct-19,07-oct-19,10,2019,818
ma.-08-oct-19,08-oct-19,10,2019,810
mi.-09-oct-19,09-oct-19,10,2019,811
ju.-10-oct-19,10-oct-19,10,2019,796
vi.-11-oct-19,11-oct-19,10,2019,792
sá.-12-oct-19,12-oct-19,10,2019,792
do.-13-oct-19,13-oct-19,10,2019,792
lu.-14-oct-19,14-oct-19,10,2019,800
ma.-15-oct-19,15-oct-19,10,2019,805
mi.-16-oct-19,16-oct-19,10,2019,800
ju.-17-oct-19,17-oct-19,10,2019,795
vi.-18-oct-19,18-oct-19,10,2019,810
sá.-19-oct-19,19-oct-19,10,2019,810
do.-20-oct-19,20-oct-19,10,2019,810
lu.-21-oct-19,21-oct-19,10,2019,820
ma.-22-oct-19,22-oct-19,10,2019,833
mi.-23-oct-19,23-oct-19,10,2019,815
ju.-24-oct-19,24-oct-19,10,2019,810
vi.-25-oct-19,25-oct-19,10,2019,830
sá.-26-oct-19,26-oct-19,10,2019,830
do.-27-oct-19,27-oct-19,10,2019,830
lu.-28-oct-19,28-oct-19,10,2019,838
ma.-29-oct-19,29-oct-19,10,2019,827
mi.-30-oct-19,30-oct-19,10,2019,835
ju.-31-oct-19,31-oct-19,10,2019,851
vi.-01-nov-19,01-nov-19,11,2019,852
sá.-02-nov-19,02-nov-19,11,2019,852
do.-03-nov-19,03-nov-19,11,2019,852
lu.-04-nov-19,04-nov-19,11,2019,850
ma.-05-nov-19,05-nov-19,11,2019,862
mi.-06-nov-19,06-nov-19,11,2019,885
ju.-07-nov-19,07-nov-19,11,2019,887
vi.-08-nov-19,08-nov-19,11,2019,895
sá.-09-nov-19,09-nov-19,11,2019,895
do.-10-nov-19,10-nov-19,11,2019,895
lu.-11-nov-19,11-nov-19,11,2019,875
ma.-12-nov-19,12-nov-19,11,2019,890
mi.-13-nov-19,13-nov-19,11,2019,905
ju.-14-nov-19,14-nov-19,11,2019,915
vi.-15-nov-19,15-nov-19,11,2019,895
sá.-16-nov-19,16-nov-19,11,2019,895
do.-17-nov-19,17-nov-19,11,2019,895
lu.-18-nov-19,18-nov-19,11,2019,898
ma.-19-nov-19,19-nov-19,11,2019,875
mi.-20-nov-19,20-nov-19,11,2019,910
ju.-21-nov-19,21-nov-19,11,2019,942
vi.-22-nov-19,22-nov-19,11,2019,938
sá.-23-nov-19,23-nov-19,11,2019,938
do.-24-nov-19,24-nov-19,11,2019,938
lu.-25-nov-19,25-nov-19,11,2019,964
ma.-26-nov-19,26-nov-19,11,2019,960
mi.-27-nov-19,27-nov-19,11,2019,980
ju.-28-nov-19,28-nov-19,11,2019,980
vi.-29-nov-19,29-nov-19,11,2019,985
sá.-30-nov-19,30-nov-19,11,2019,985
do.-01-dic-19,01-dic-19,12,2019,985
lu.-02-dic-19,02-dic-19,12,2019,1004
ma.-03-dic-19,03-dic-19,12,2019,1015
mi.-04-dic-19,04-dic-19,12,2019,985
ju.-05-dic-19,05-dic-19,12,2019,1005
vi.-06-dic-19,06-dic-19,12,2019,992
sá.-07-dic-19,07-dic-19,12,2019,992
do.-08-dic-19,08-dic-19,12,2019,992
lu.-09-dic-19,09-dic-19,12,2019,1015
ma.-10-dic-19,10-dic-19,12,2019,1040
mi.-11-dic-19,11-dic-19,12,2019,1040
ju.-12-dic-19,12-dic-19,12,2019,1052
vi.-13-dic-19,13-dic-19,12,2019,1012
sá.-14-dic-19,14-dic-19,12,2019,1012
do.-15-dic-19,15-dic-19,12,2019,1012
lu.-16-dic-19,16-dic-19,12,2019,1055
ma.-17-dic-19,17-dic-19,12,2019,1015
mi.-18-dic-19,18-dic-19,12,2019,1007
ju.-19-dic-19,19-dic-19,12,2019,963
vi.-20-dic-19,20-dic-19,12,2019,992
sá.-21-dic-19,21-dic-19,12,2019,992
do.-22-dic-19,22-dic-19,12,2019,992
lu.-23-dic-19,23-dic-19,12,2019,950
ma.-24-dic-19,24-dic-19,12,2019,974
mi.-25-dic-19,25-dic-19,12,2019,974
ju.-26-dic-19,26-dic-19,12,2019,955
vi.-27-dic-19,27-dic-19,12,2019,995
sá.-28-dic-19,28-dic-19,12,2019,995
do.-29-dic-19,29-dic-19,12,2019,995
lu.-30-dic-19,30-dic-19,12,2019,991
ma.-31-dic-19,31-dic-19,12,2019,975
mi.-01-ene-20,01-ene-20,01,2020,975
ju.-02-ene-20,02-ene-20,01,2020,945
vi.-03-ene-20,03-ene-20,01,2020,940
sá.-04-ene-20,04-ene-20,01,2020,940
do.-05-ene-20,05-ene-20,01,2020,940
lu.-06-ene-20,06-ene-20,01,2020,910
ma.-07-ene-20,07-ene-20,01,2020,918
mi.-08-ene-20,08-ene-20,01,2020,890
ju.-09-ene-20,09-ene-20,01,2020,880
vi.-10-ene-20,10-ene-20,01,2020,895
sá.-11-ene-20,11-ene-20,01,2020,895
do.-12-ene-20,12-ene-20,01,2020,895
lu.-13-ene-20,13-ene-20,01,2020,867
ma.-14-ene-20,14-ene-20,01,2020,875
mi.-15-ene-20,15-ene-20,01,2020,874
ju.-16-ene-20,16-ene-20,01,2020,872
vi.-17-ene-20,17-ene-20,01,2020,870
sá.-18-ene-20,18-ene-20,01,2020,870
do.-19-ene-20,19-ene-20,01,2020,870
lu.-20-ene-20,20-ene-20,01,2020,870
ma.-21-ene-20,21-ene-20,01,2020,872
mi.-22-ene-20,22-ene-20,01,2020,866
ju.-23-ene-20,23-ene-20,01,2020,890
vi.-24-ene-20,24-ene-20,01,2020,875
sá.-25-ene-20,25-ene-20,01,2020,875
do.-26-ene-20,26-ene-20,01,2020,875
lu.-27-ene-20,27-ene-20,01,2020,863
ma.-28-ene-20,28-ene-20,01,2020,849
mi.-29-ene-20,29-ene-20,01,2020,830
ju.-30-ene-20,30-ene-20,01,2020,835
vi.-31-ene-20,31-ene-20,01,2020,850
sá.-01-feb-20,01-feb-20,02,2020,850
do.-02-feb-20,02-feb-20,02,2020,850
lu.-03-feb-20,03-feb-20,02,2020,820
ma.-04-feb-20,04-feb-20,02,2020,815
mi.-05-feb-20,05-feb-20,02,2020,813
ju.-06-feb-20,06-feb-20,02,2020,825
vi.-07-feb-20,07-feb-20,02,2020,845
sá.-08-feb-20,08-feb-20,02,2020,845
do.-09-feb-20,09-feb-20,02,2020,845
lu.-10-feb-20,10-feb-20,02,2020,865
ma.-11-feb-20,11-feb-20,02,2020,870
mi.-12-feb-20,12-feb-20,02,2020,863
ju.-13-feb-20,13-feb-20,02,2020,890
vi.-14-feb-20,14-feb-20,02,2020,942
sá.-15-feb-20,15-feb-20,02,2020,942
do.-16-feb-20,16-feb-20,02,2020,942
lu.-17-feb-20,17-feb-20,02,2020,942
ma.-18-feb-20,18-feb-20,02,2020,930
mi.-19-feb-20,19-feb-20,02,2020,930
ju.-20-feb-20,20-feb-20,02,2020,907
vi.-21-feb-20,21-feb-20,02,2020,965
sá.-22-feb-20,22-feb-20,02,2020,965
do.-23-feb-20,23-feb-20,02,2020,965
lu.-24-feb-20,24-feb-20,02,2020,955
ma.-25-feb-20,25-feb-20,02,2020,968
mi.-26-feb-20,26-feb-20,02,2020,990
ju.-27-feb-20,27-feb-20,02,2020,997
vi.-28-feb-20,28-feb-20,02,2020,1014
sá.-29-feb-20,29-feb-20,02,2020,1014
do.-01-mar-20,01-mar-20,03,2020,1014
lu.-02-mar-20,02-mar-20,03,2020,1020
ma.-03-mar-20,03-mar-20,03,2020,1065
mi.-04-mar-20,04-mar-20,03,2020,1043
ju.-05-mar-20,05-mar-20,03,2020,1010
vi.-06-mar-20,06-mar-20,03,2020,995
sá.-07-mar-20,07-mar-20,03,2020,995
do.-08-mar-20,08-mar-20,03,2020,995
lu.-09-mar-20,09-mar-20,03,2020,1075
ma.-10-mar-20,10-mar-20,03,2020,1100
mi.-11-mar-20,11-mar-20,03,2020,1120
ju.-12-mar-20,12-mar-20,03,2020,1145
vi.-13-mar-20,13-mar-20,03,2020,1130
sá.-14-mar-20,14-mar-20,03,2020,1130
do.-15-mar-20,15-mar-20,03,2020,1130
lu.-16-mar-20,16-mar-20,03,2020,1120
ma.-17-mar-20,17-mar-20,03,2020,1085
mi.-18-mar-20,18-mar-20,03,2020,1177
ju.-19-mar-20,19-mar-20,03,2020,1200
vi.-20-mar-20,20-mar-20,03,2020,1250
sá.-21-mar-20,21-mar-20,03,2020,1250
do.-22-mar-20,22-mar-20,03,2020,1250
lu.-23-mar-20,23-mar-20,03,2020,1260
ma.-24-mar-20,24-mar-20,03,2020,1300
mi.-25-mar-20,25-mar-20,03,2020,1315
ju.-26-mar-20,26-mar-20,03,2020,1245
vi.-27-mar-20,27-mar-20,03,2020,1186
sá.-28-mar-20,28-mar-20,03,2020,1186
do.-29-mar-20,29-mar-20,03,2020,1186
lu.-30-mar-20,30-mar-20,03,2020,1230
ma.-31-mar-20,31-mar-20,03,2020,1232
mi.-01-abr-20,01-abr-20,04,2020,1210
ju.-02-abr-20,02-abr-20,04,2020,1223
vi.-03-abr-20,03-abr-20,04,2020,1195
sá.-04-abr-20,04-abr-20,04,2020,1195
do.-05-abr-20,05-abr-20,04,2020,1195
lu.-06-abr-20,06-abr-20,04,2020,1200
ma.-07-abr-20,07-abr-20,04,2020,1203
mi.-08-abr-20,08-abr-20,04,2020,1200
ju.-09-abr-20,09-abr-20,04,2020,1190
vi.-10-abr-20,10-abr-20,04,2020,1190
sá.-11-abr-20,11-abr-20,04,2020,1190
do.-12-abr-20,12-abr-20,04,2020,1190
lu.-13-abr-20,13-abr-20,04,2020,1192
ma.-14-abr-20,14-abr-20,04,2020,1165
mi.-15-abr-20,15-abr-20,04,2020,1210
ju.-16-abr-20,16-abr-20,04,2020,1215
vi.-17-abr-20,17-abr-20,04,2020,1180
sá.-18-abr-20,18-abr-20,04,2020,1180
do.-19-abr-20,19-abr-20,04,2020,1180
lu.-20-abr-20,20-abr-20,04,2020,1185
ma.-21-abr-20,21-abr-20,04,2020,1172
mi.-22-abr-20,22-abr-20,04,2020,1171
ju.-23-abr-20,23-abr-20,04,2020,1172
vi.-24-abr-20,24-abr-20,04,2020,1132
sá.-25-abr-20,25-abr-20,04,2020,1132
do.-26-abr-20,26-abr-20,04,2020,1132
lu.-27-abr-20,27-abr-20,04,2020,1133
ma.-28-abr-20,28-abr-20,04,2020,1140
mi.-29-abr-20,29-abr-20,04,2020,1090
ju.-30-abr-20,30-abr-20,04,2020,1105
vi.-01-may-20,01-may-20,05,2020,1102
sá.-02-may-20,02-may-20,05,2020,1102
do.-03-may-20,03-may-20,05,2020,1102
lu.-04-may-20,04-may-20,05,2020,1118
ma.-05-may-20,05-may-20,05,2020,1130
mi.-06-may-20,06-may-20,05,2020,1139
ju.-07-may-20,07-may-20,05,2020,1115
vi.-08-may-20,08-may-20,05,2020,1127
sá.-09-may-20,09-may-20,05,2020,1127
do.-10-may-20,10-may-20,05,2020,1127
lu.-11-may-20,11-may-20,05,2020,1121
ma.-12-may-20,12-may-20,05,2020,1090
mi.-13-may-20,13-may-20,05,2020,1080
ju.-14-may-20,14-may-20,05,2020,1101
vi.-15-may-20,15-may-20,05,2020,1094
sá.-16-may-20,16-may-20,05,2020,1094
do.-17-may-20,17-may-20,05,2020,1094
lu.-18-may-20,18-may-20,05,2020,1084
ma.-19-may-20,19-may-20,05,2020,1074
mi.-20-may-20,20-may-20,05,2020,1056
ju.-21-may-20,21-may-20,05,2020,1038
vi.-22-may-20,22-may-20,05,2020,1030
sá.-23-may-20,23-may-20,05,2020,1030
do.-24-may-20,24-may-20,05,2020,1030
lu.-25-may-20,25-may-20,05,2020,1030
ma.-26-may-20,26-may-20,05,2020,1029
mi.-27-may-20,27-may-20,05,2020,1010
ju.-28-may-20,28-may-20,05,2020,975
vi.-29-may-20,29-may-20,05,2020,962
sá.-30-may-20,30-may-20,05,2020,962
do.-31-may-20,31-may-20,05,2020,962
lu.-01-jun-20,01-jun-20,06,2020,975
ma.-02-jun-20,02-jun-20,06,2020,951
mi.-03-jun-20,03-jun-20,06,2020,950
ju.-04-jun-20,04-jun-20,06,2020,939
vi.-05-jun-20,05-jun-20,06,2020,940
sá.-06-jun-20,06-jun-20,06,2020,940
do.-07-jun-20,07-jun-20,06,2020,940
lu.-08-jun-20,08-jun-20,06,2020,950
ma.-09-jun-20,09-jun-20,06,2020,955
mi.-10-jun-20,10-jun-20,06,2020,950
ju.-11-jun-20,11-jun-20,06,2020,971
vi.-12-jun-20,12-jun-20,06,2020,968
sá.-13-jun-20,13-jun-20,06,2020,968
do.-14-jun-20,14-jun-20,06,2020,968
lu.-15-jun-20,15-jun-20,06,2020,960
ma.-16-jun-20,16-jun-20,06,2020,952
mi.-17-jun-20,17-jun-20,06,2020,974
ju.-18-jun-20,18-jun-20,06,2020,966
vi.-19-jun-20,19-jun-20,06,2020,960
sá.-20-jun-20,20-jun-20,06,2020,960
do.-21-jun-20,21-jun-20,06,2020,960
lu.-22-jun-20,22-jun-20,06,2020,976
ma.-23-jun-20,23-jun-20,06,2020,968
mi.-24-jun-20,24-jun-20,06,2020,972
ju.-25-jun-20,25-jun-20,06,2020,958
vi.-26-jun-20,26-jun-20,06,2020,970
sá.-27-jun-20,27-jun-20,06,2020,970
do.-28-jun-20,28-jun-20,06,2020,970
lu.-29-jun-20,29-jun-20,06,2020,997
ma.-30-jun-20,30-jun-20,06,2020,1006
mi.-01-jul-20,01-jul-20,07,2020,1020
ju.-02-jul-20,02-jul-20,07,2020,994
vi.-03-jul-20,03-jul-20,07,2020,995
sá.-04-jul-20,04-jul-20,07,2020,995
do.-05-jul-20,05-jul-20,07,2020,995
lu.-06-jul-20,06-jul-20,07,2020,954
ma.-07-jul-20,07-jul-20,07,2020,967
mi.-08-jul-20,08-jul-20,07,2020,969
ju.-09-jul-20,09-jul-20,07,2020,955
vi.-10-jul-20,10-jul-20,07,2020,942
sá.-11-jul-20,11-jul-20,07,2020,942
do.-12-jul-20,12-jul-20,07,2020,942
lu.-13-jul-20,13-jul-20,07,2020,954
ma.-14-jul-20,14-jul-20,07,2020,950
mi.-15-jul-20,15-jul-20,07,2020,945
ju.-16-jul-20,16-jul-20,07,2020,958
vi.-17-jul-20,17-jul-20,07,2020,990
sá.-18-jul-20,18-jul-20,07,2020,990
do.-19-jul-20,19-jul-20,07,2020,990
lu.-20-jul-20,20-jul-20,07,2020,970
ma.-21-jul-20,21-jul-20,07,2020,977
mi.-22-jul-20,22-jul-20,07,2020,1030
ju.-23-jul-20,23-jul-20,07,2020,1033
vi.-24-jul-20,24-jul-20,07,2020,1047
sá.-25-jul-20,25-jul-20,07,2020,1047
do.-26-jul-20,26-jul-20,07,2020,1047
lu.-27-jul-20,27-jul-20,07,2020,1057
ma.-28-jul-20,28-jul-20,07,2020,1065
mi.-29-jul-20,29-jul-20,07,2020,1075
ju.-30-jul-20,30-jul-20,07,2020,1110
vi.-31-jul-20,31-jul-20,07,2020,1140
sá.-01-ago-20,01-ago-20,08,2020,1140
do.-02-ago-20,02-ago-20,08,2020,1140
lu.-03-ago-20,03-ago-20,08,2020,1143
ma.-04-ago-20,04-ago-20,08,2020,1170
mi.-05-ago-20,05-ago-20,08,2020,1168
ju.-06-ago-20,06-ago-20,08,2020,1123
vi.-07-ago-20,07-ago-20,08,2020,1115
sá.-08-ago-20,08-ago-20,08,2020,1115
do.-09-ago-20,09-ago-20,08,2020,1115
lu.-10-ago-20,10-ago-20,08,2020,1105
ma.-11-ago-20,11-ago-20,08,2020,1082
mi.-12-ago-20,12-ago-20,08,2020,1091
ju.-13-ago-20,13-ago-20,08,2020,1125
vi.-14-ago-20,14-ago-20,08,2020,1120
sá.-15-ago-20,15-ago-20,08,2020,1120
do.-16-ago-20,16-ago-20,08,2020,1120
lu.-17-ago-20,17-ago-20,08,2020,1128
ma.-18-ago-20,18-ago-20,08,2020,1153
mi.-19-ago-20,19-ago-20,08,2020,1130
ju.-20-ago-20,20-ago-20,08,2020,1141
vi.-21-ago-20,21-ago-20,08,2020,1158
sá.-22-ago-20,22-ago-20,08,2020,1158
do.-23-ago-20,23-ago-20,08,2020,1158
lu.-24-ago-20,24-ago-20,08,2020,1167
ma.-25-ago-20,25-ago-20,08,2020,1192
mi.-26-ago-20,26-ago-20,08,2020,1176
ju.-27-ago-20,27-ago-20,08,2020,1170
vi.-28-ago-20,28-ago-20,08,2020,1180
sá.-29-ago-20,29-ago-20,08,2020,1180
do.-30-ago-20,30-ago-20,08,2020,1180
lu.-31-ago-20,31-ago-20,08,2020,1200
ma.-01-sep-20,01-sep-20,09,2020,1197
mi.-02-sep-20,02-sep-20,09,2020,1188
ju.-03-sep-20,03-sep-20,09,2020,1198
vi.-04-sep-20,04-sep-20,09,2020,1225
sá.-05-sep-20,05-sep-20,09,2020,1225
do.-06-sep-20,06-sep-20,09,2020,1225
lu.-07-sep-20,07-sep-20,09,2020,1225
ma.-08-sep-20,08-sep-20,09,2020,1217
mi.-09-sep-20,09-sep-20,09,2020,1184
ju.-10-sep-20,10-sep-20,09,2020,1204
vi.-11-sep-20,11-sep-20,09,2020,1208
sá.-12-sep-20,12-sep-20,09,2020,1208
do.-13-sep-20,13-sep-20,09,2020,1208
lu.-14-sep-20,14-sep-20,09,2020,1132
ma.-15-sep-20,15-sep-20,09,2020,1125
mi.-16-sep-20,16-sep-20,09,2020,1105
ju.-17-sep-20,17-sep-20,09,2020,1100
vi.-18-sep-20,18-sep-20,09,2020,1070
sá.-19-sep-20,19-sep-20,09,2020,1070
do.-20-sep-20,20-sep-20,09,2020,1070
lu.-21-sep-20,21-sep-20,09,2020,1075
ma.-22-sep-20,22-sep-20,09,2020,1075
mi.-23-sep-20,23-sep-20,09,2020,1083
ju.-24-sep-20,24-sep-20,09,2020,1078
vi.-25-sep-20,25-sep-20,09,2020,1115
sá.-26-sep-20,26-sep-20,09,2020,1115
do.-27-sep-20,27-sep-20,09,2020,1115
lu.-28-sep-20,28-sep-20,09,2020,1080
ma.-29-sep-20,29-sep-20,09,2020,1083
mi.-30-sep-20,30-sep-20,09,2020,1077
ju.-01-oct-20,01-oct-20,10,2020,1051
vi.-02-oct-20,02-oct-20,10,2020,1074
sá.-03-oct-20,03-oct-20,10,2020,1074
do.-04-oct-20,04-oct-20,10,2020,1074
lu.-05-oct-20,05-oct-20,10,2020,1048
ma.-06-oct-20,06-oct-20,10,2020,1053
mi.-07-oct-20,07-oct-20,10,2020,1071
ju.-08-oct-20,08-oct-20,10,2020,1075
vi.-09-oct-20,09-oct-20,10,2020,1082
sá.-10-oct-20,10-oct-20,10,2020,1082
do.-11-oct-20,11-oct-20,10,2020,1082
lu.-12-oct-20,12-oct-20,10,2020,1064
ma.-13-oct-20,13-oct-20,10,2020,1080
mi.-14-oct-20,14-oct-20,10,2020,1070
ju.-15-oct-20,15-oct-20,10,2020,1073
vi.-16-oct-20,16-oct-20,10,2020,1055
sá.-17-oct-20,17-oct-20,10,2020,1055
do.-18-oct-20,18-oct-20,10,2020,1055
lu.-19-oct-20,19-oct-20,10,2020,1046
ma.-20-oct-20,20-oct-20,10,2020,1032
mi.-21-oct-20,21-oct-20,10,2020,1010
ju.-22-oct-20,22-oct-20,10,2020,1033
vi.-23-oct-20,23-oct-20,10,2020,1025
sá.-24-oct-20,24-oct-20,10,2020,1025
do.-25-oct-20,25-oct-20,10,2020,1025
lu.-26-oct-20,26-oct-20,10,2020,1039
ma.-27-oct-20,27-oct-20,10,2020,1039
mi.-28-oct-20,28-oct-20,10,2020,1030
ju.-29-oct-20,29-oct-20,10,2020,1035
vi.-30-oct-20,30-oct-20,10,2020,1035
sá.-31-oct-20,31-oct-20,10,2020,1035
do.-01-nov-20,01-nov-20,11,2020,1035
lu.-02-nov-20,02-nov-20,11,2020,1023
ma.-03-nov-20,03-nov-20,11,2020,1013
mi.-04-nov-20,04-nov-20,11,2020,1010
ju.-05-nov-20,05-nov-20,11,2020,1015
vi.-06-nov-20,06-nov-20,11,2020,1015
sá.-07-nov-20,07-nov-20,11,2020,1015
do.-08-nov-20,08-nov-20,11,2020,1015
lu.-09-nov-20,09-nov-20,11,2020,997
ma.-10-nov-20,10-nov-20,11,2020,996
mi.-11-nov-20,11-nov-20,11,2020,1012
ju.-12-nov-20,12-nov-20,11,2020,1025
vi.-13-nov-20,13-nov-20,11,2020,1020
sá.-14-nov-20,14-nov-20,11,2020,1020
do.-15-nov-20,15-nov-20,11,2020,1020
lu.-16-nov-20,16-nov-20,11,2020,1069
ma.-17-nov-20,17-nov-20,11,2020,1075
mi.-18-nov-20,18-nov-20,11,2020,1100
ju.-19-nov-20,19-nov-20,11,2020,1105
vi.-20-nov-20,20-nov-20,11,2020,1058
sá.-21-nov-20,21-nov-20,11,2020,1058
do.-22-nov-20,22-nov-20,11,2020,1058
lu.-23-nov-20,23-nov-20,11,2020,1054
ma.-24-nov-20,24-nov-20,11,2020,1045
mi.-25-nov-20,25-nov-20,11,2020,1049
ju.-26-nov-20,26-nov-20,11,2020,1049
vi.-27-nov-20,27-nov-20,11,2020,1100
sá.-28-nov-20,28-nov-20,11,2020,1100
do.-29-nov-20,29-nov-20,11,2020,1100
lu.-30-nov-20,30-nov-20,11,2020,1090
ma.-01-dic-20,01-dic-20,12,2020,1040
mi.-02-dic-20,02-dic-20,12,2020,1037
ju.-03-dic-20,03-dic-20,12,2020,1027
vi.-04-dic-20,04-dic-20,12,2020,1010
sá.-05-dic-20,05-dic-20,12,2020,1010
do.-06-dic-20,06-dic-20,12,2020,1010
lu.-07-dic-20,07-dic-20,12,2020,1029
ma.-08-dic-20,08-dic-20,12,2020,1030
mi.-09-dic-20,09-dic-20,12,2020,1010
ju.-10-dic-20,10-dic-20,12,2020,1022
vi.-11-dic-20,11-dic-20,12,2020,1030
sá.-12-dic-20,12-dic-20,12,2020,1030
do.-13-dic-20,13-dic-20,12,2020,1030
lu.-14-dic-20,14-dic-20,12,2020,1060
ma.-15-dic-20,15-dic-20,12,2020,1047
mi.-16-dic-20,16-dic-20,12,2020,1061
ju.-17-dic-20,17-dic-20,12,2020,1059
vi.-18-dic-20,18-dic-20,12,2020,1052
sá.-19-dic-20,19-dic-20,12,2020,1052
do.-20-dic-20,20-dic-20,12,2020,1052
lu.-21-dic-20,21-dic-20,12,2020,1048
ma.-22-dic-20,22-dic-20,12,2020,1058
mi.-23-dic-20,23-dic-20,12,2020,1071
ju.-24-dic-20,24-dic-20,12,2020,1086
vi.-25-dic-20,25-dic-20,12,2020,1086
sá.-26-dic-20,26-dic-20,12,2020,1086
do.-27-dic-20,27-dic-20,12,2020,1086
lu.-28-dic-20,28-dic-20,12,2020,1063
ma.-29-dic-20,29-dic-20,12,2020,1070
mi.-30-dic-20,30-dic-20,12,2020,1053
ju.-31-dic-20,31-dic-20,12,2020,1073
vi.-01-ene-21,01-ene-21,01,2021,1073
sá.-02-ene-21,02-ene-21,01,2021,1073
do.-03-ene-21,03-ene-21,01,2021,1073
lu.-04-ene-21,04-ene-21,01,2021,1066
ma.-05-ene-21,05-ene-21,01,2021,1058
mi.-06-ene-21,06-ene-21,01,2021,1020
ju.-07-ene-21,07-ene-21,01,2021,1043
vi.-08-ene-21,08-ene-21,01,2021,1055
sá.-09-ene-21,09-ene-21,01,2021,1055
do.-10-ene-21,10-ene-21,01,2021,1055
lu.-11-ene-21,11-ene-21,01,2021,1039
ma.-12-ene-21,12-ene-21,01,2021,1042
mi.-13-ene-21,13-ene-21,01,2021,1070
ju.-14-ene-21,14-ene-21,01,2021,1075
vi.-15-ene-21,15-ene-21,01,2021,1085
sá.-16-ene-21,16-ene-21,01,2021,1085
do.-17-ene-21,17-ene-21,01,2021,1085
lu.-18-ene-21,18-ene-21,01,2021,1085
ma.-19-ene-21,19-ene-21,01,2021,1088
mi.-20-ene-21,20-ene-21,01,2021,1067
ju.-21-ene-21,21-ene-21,01,2021,1080
vi.-22-ene-21,22-ene-21,01,2021,1078
sá.-23-ene-21,23-ene-21,01,2021,1078
do.-24-ene-21,24-ene-21,01,2021,1078
lu.-25-ene-21,25-ene-21,01,2021,1092
ma.-26-ene-21,26-ene-21,01,2021,1110
mi.-27-ene-21,27-ene-21,01,2021,1115
ju.-28-ene-21,28-ene-21,01,2021,1091
vi.-29-ene-21,29-ene-21,01,2021,1085
sá.-30-ene-21,30-ene-21,01,2021,1085
do.-31-ene-21,31-ene-21,01,2021,1085
lu.-01-feb-21,01-feb-21,02,2021,1104
ma.-02-feb-21,02-feb-21,02,2021,1076
mi.-03-feb-21,03-feb-21,02,2021,1082
ju.-04-feb-21,04-feb-21,02,2021,1090
vi.-05-feb-21,05-feb-21,02,2021,1095
sá.-06-feb-21,06-feb-21,02,2021,1095
do.-07-feb-21,07-feb-21,02,2021,1095
lu.-08-feb-21,08-feb-21,02,2021,1098
ma.-09-feb-21,09-feb-21,02,2021,1091
mi.-10-feb-21,10-feb-21,02,2021,1072
ju.-11-feb-21,11-feb-21,02,2021,1062
vi.-12-feb-21,12-feb-21,02,2021,1053
sá.-13-feb-21,13-feb-21,02,2021,1053
do.-14-feb-21,14-feb-21,02,2021,1053
lu.-15-feb-21,15-feb-21,02,2021,1053
ma.-16-feb-21,16-feb-21,02,2021,1088
mi.-17-feb-21,17-feb-21,02,2021,1096
ju.-18-feb-21,18-feb-21,02,2021,1120
vi.-19-feb-21,19-feb-21,02,2021,1128
sá.-20-feb-21,20-feb-21,02,2021,1128
do.-21-feb-21,21-feb-21,02,2021,1128
lu.-22-feb-21,22-feb-21,02,2021,1180
ma.-23-feb-21,23-feb-21,02,2021,1205
mi.-24-feb-21,24-feb-21,02,2021,1188
ju.-25-feb-21,25-feb-21,02,2021,1225
vi.-26-feb-21,26-feb-21,02,2021,1218
sá.-27-feb-21,27-feb-21,02,2021,1218
do.-28-feb-21,28-feb-21,02,2021,1218
lu.-01-mar-21,01-mar-21,03,2021,1195
ma.-02-mar-21,02-mar-21,03,2021,1190
mi.-03-mar-21,03-mar-21,03,2021,1191
ju.-04-mar-21,04-mar-21,03,2021,1175
vi.-05-mar-21,05-mar-21,03,2021,1147
sá.-06-mar-21,06-mar-21,03,2021,1147
do.-07-mar-21,07-mar-21,03,2021,1147
lu.-08-mar-21,08-mar-21,03,2021,1140
ma.-09-mar-21,09-mar-21,03,2021,1145
mi.-10-mar-21,10-mar-21,03,2021,1137
ju.-11-mar-21,11-mar-21,03,2021,1150
vi.-12-mar-21,12-mar-21,03,2021,1160
sá.-13-mar-21,13-mar-21,03,2021,1160
do.-14-mar-21,14-mar-21,03,2021,1160
lu.-15-mar-21,15-mar-21,03,2021,1150
ma.-16-mar-21,16-mar-21,03,2021,1168
mi.-17-mar-21,17-mar-21,03,2021,1167
ju.-18-mar-21,18-mar-21,03,2021,1134
vi.-19-mar-21,19-mar-21,03,2021,1132
sá.-20-mar-21,20-mar-21,03,2021,1132
do.-21-mar-21,21-mar-21,03,2021,1132
lu.-22-mar-21,22-mar-21,03,2021,1140
ma.-23-mar-21,23-mar-21,03,2021,1142
mi.-24-mar-21,24-mar-21,03,2021,1143
ju.-25-mar-21,25-mar-21,03,2021,1153
vi.-26-mar-21,26-mar-21,03,2021,1178
sá.-27-mar-21,27-mar-21,03,2021,1178
do.-28-mar-21,28-mar-21,03,2021,1178
lu.-29-mar-21,29-mar-21,03,2021,1178
ma.-30-mar-21,30-mar-21,03,2021,1150
mi.-31-mar-21,31-mar-21,03,2021,1138
ju.-01-abr-21,01-abr-21,04,2021,1126
vi.-02-abr-21,02-abr-21,04,2021,1126
sá.-03-abr-21,03-abr-21,04,2021,1126
do.-04-abr-21,04-abr-21,04,2021,1126
lu.-05-abr-21,05-abr-21,04,2021,1136
ma.-06-abr-21,06-abr-21,04,2021,1160
mi.-07-abr-21,07-abr-21,04,2021,1168
ju.-08-abr-21,08-abr-21,04,2021,1169
vi.-09-abr-21,09-abr-21,04,2021,1175
sá.-10-abr-21,10-abr-21,04,2021,1175
do.-11-abr-21,11-abr-21,04,2021,1175
lu.-12-abr-21,12-abr-21,04,2021,1185
ma.-13-abr-21,13-abr-21,04,2021,1200
mi.-14-abr-21,14-abr-21,04,2021,1215
ju.-15-abr-21,15-abr-21,04,2021,1205
vi.-16-abr-21,16-abr-21,04,2021,1178
sá.-17-abr-21,17-abr-21,04,2021,1178
do.-18-abr-21,18-abr-21,04,2021,1178
lu.-19-abr-21,19-abr-21,04,2021,1192
ma.-20-abr-21,20-abr-21,04,2021,1220
mi.-21-abr-21,21-abr-21,04,2021,1209
ju.-22-abr-21,22-abr-21,04,2021,1233
vi.-23-abr-21,23-abr-21,04,2021,1250
sá.-24-abr-21,24-abr-21,04,2021,1250
do.-25-abr-21,25-abr-21,04,2021,1250
lu.-26-abr-21,26-abr-21,04,2021,1310
ma.-27-abr-21,27-abr-21,04,2021,1340
mi.-28-abr-21,28-abr-21,04,2021,1332
ju.-29-abr-21,29-abr-21,04,2021,1317
vi.-30-abr-21,30-abr-21,04,2021,1319
sá.-01-may-21,01-may-21,05,2021,1319
do.-02-may-21,02-may-21,05,2021,1319
lu.-03-may-21,03-may-21,05,2021,1330
ma.-04-may-21,04-may-21,05,2021,1340
mi.-05-may-21,05-may-21,05,2021,1422
ju.-06-may-21,06-may-21,05,2021,1440
vi.-07-may-21,07-may-21,05,2021,1409
sá.-08-may-21,08-may-21,05,2021,1409
do.-09-may-21,09-may-21,05,2021,1409
lu.-10-may-21,10-may-21,05,2021,1355
ma.-11-may-21,11-may-21,05,2021,1372
mi.-12-may-21,12-may-21,05,2021,1360
ju.-13-may-21,13-may-21,05,2021,1350
vi.-14-may-21,14-may-21,05,2021,1328
sá.-15-may-21,15-may-21,05,2021,1328
do.-16-may-21,16-may-21,05,2021,1328
lu.-17-may-21,17-may-21,05,2021,1334
ma.-18-may-21,18-may-21,05,2021,1378
mi.-19-may-21,19-may-21,05,2021,1374
ju.-20-may-21,20-may-21,05,2021,1387
vi.-21-may-21,21-may-21,05,2021,1390
sá.-22-may-21,22-may-21,05,2021,1390
do.-23-may-21,23-may-21,05,2021,1390
lu.-24-may-21,24-may-21,05,2021,1378
ma.-25-may-21,25-may-21,05,2021,1391
mi.-26-may-21,26-may-21,05,2021,1432
ju.-27-may-21,27-may-21,05,2021,1422
vi.-28-may-21,28-may-21,05,2021,1470
sá.-29-may-21,29-may-21,05,2021,1470
do.-30-may-21,30-may-21,05,2021,1470
lu.-31-may-21,31-may-21,05,2021,1470
ma.-01-jun-21,01-jun-21,06,2021,1443
mi.-02-jun-21,02-jun-21,06,2021,1440
ju.-03-jun-21,03-jun-21,06,2021,1417
vi.-04-jun-21,04-jun-21,06,2021,1425
sá.-05-jun-21,05-jun-21,06,2021,1425
do.-06-jun-21,06-jun-21,06,2021,1425
lu.-07-jun-21,07-jun-21,06,2021,1415
ma.-08-jun-21,08-jun-21,06,2021,1392
mi.-09-jun-21,09-jun-21,06,2021,1390
ju.-10-jun-21,10-jun-21,06,2021,1405
vi.-11-jun-21,11-jun-21,06,2021,1415
sá.-12-jun-21,12-jun-21,06,2021,1415
do.-13-jun-21,13-jun-21,06,2021,1415
lu.-14-jun-21,14-jun-21,06,2021,1390
ma.-15-jun-21,15-jun-21,06,2021,1387
mi.-16-jun-21,16-jun-21,06,2021,1396
ju.-17-jun-21,17-jun-21,06,2021,1390
vi.-18-jun-21,18-jun-21,06,2021,1408
sá.-19-jun-21,19-jun-21,06,2021,1408
do.-20-jun-21,20-jun-21,06,2021,1408
lu.-21-jun-21,21-jun-21,06,2021,1420
ma.-22-jun-21,22-jun-21,06,2021,1415
mi.-23-jun-21,23-jun-21,06,2021,1430
ju.-24-jun-21,24-jun-21,06,2021,1420
vi.-25-jun-21,25-jun-21,06,2021,1445
sá.-26-jun-21,26-jun-21,06,2021,1445
do.-27-jun-21,27-jun-21,06,2021,1445
lu.-28-jun-21,28-jun-21,06,2021,1465
ma.-29-jun-21,29-jun-21,06,2021,1470
mi.-30-jun-21,30-jun-21,06,2021,1460
ju.-01-jul-21,01-jul-21,07,2021,1445
vi.-02-jul-21,02-jul-21,07,2021,1402
sá.-03-jul-21,03-jul-21,07,2021,1402
do.-04-jul-21,04-jul-21,07,2021,1402
lu.-05-jul-21,05-jul-21,07,2021,1402
ma.-06-jul-21,06-jul-21,07,2021,1380
mi.-07-jul-21,07-jul-21,07,2021,1415
ju.-08-jul-21,08-jul-21,07,2021,1437
vi.-09-jul-21,09-jul-21,07,2021,1430
sá.-10-jul-21,10-jul-21,07,2021,1430
do.-11-jul-21,11-jul-21,07,2021,1430
lu.-12-jul-21,12-jul-21,07,2021,1446
ma.-13-jul-21,13-jul-21,07,2021,1434
mi.-14-jul-21,14-jul-21,07,2021,1457
ju.-15-jul-21,15-jul-21,07,2021,1470
vi.-16-jul-21,16-jul-21,07,2021,1513
sá.-17-jul-21,17-jul-21,07,2021,1513
do.-18-jul-21,18-jul-21,07,2021,1513
lu.-19-jul-21,19-jul-21,07,2021,1483
ma.-20-jul-21,20-jul-21,07,2021,1565
mi.-21-jul-21,21-jul-21,07,2021,1645
ju.-22-jul-21,22-jul-21,07,2021,1790
vi.-23-jul-21,23-jul-21,07,2021,1760
sá.-24-jul-21,24-jul-21,07,2021,1760
do.-25-jul-21,25-jul-21,07,2021,1760
lu.-26-jul-21,26-jul-21,07,2021,1905
ma.-27-jul-21,27-jul-21,07,2021,1870
mi.-28-jul-21,28-jul-21,07,2021,1830
ju.-29-jul-21,29-jul-21,07,2021,1786
vi.-30-jul-21,30-jul-21,07,2021,1685
sá.-31-jul-21,31-jul-21,07,2021,1685
do.-01-ago-21,01-ago-21,08,2021,1685
lu.-02-ago-21,02-ago-21,08,2021,1638
ma.-03-ago-21,03-ago-21,08,2021,1663
mi.-04-ago-21,04-ago-21,08,2021,1667
ju.-05-ago-21,05-ago-21,08,2021,1683
vi.-06-ago-21,06-ago-21,08,2021,1698
sá.-07-ago-21,07-ago-21,08,2021,1698
do.-08-ago-21,08-ago-21,08,2021,1698
lu.-09-ago-21,09-ago-21,08,2021,1740
ma.-10-ago-21,10-ago-21,08,2021,1748
mi.-11-ago-21,11-ago-21,08,2021,1752
ju.-12-ago-21,12-ago-21,08,2021,1735
vi.-13-ago-21,13-ago-21,08,2021,1697
sá.-14-ago-21,14-ago-21,08,2021,1697
do.-15-ago-21,15-ago-21,08,2021,1697
lu.-16-ago-21,16-ago-21,08,2021,1700
ma.-17-ago-21,17-ago-21,08,2021,1684
mi.-18-ago-21,18-ago-21,08,2021,1678
ju.-19-ago-21,19-ago-21,08,2021,1674
vi.-20-ago-21,20-ago-21,08,2021,1675
sá.-21-ago-21,21-ago-21,08,2021,1675
do.-22-ago-21,22-ago-21,08,2021,1675
lu.-23-ago-21,23-ago-21,08,2021,1683
ma.-24-ago-21,24-ago-21,08,2021,1708
mi.-25-ago-21,25-ago-21,08,2021,1712
ju.-26-ago-21,26-ago-21,08,2021,1726
vi.-27-ago-21,27-ago-21,08,2021,1742
sá.-28-ago-21,28-ago-21,08,2021,1742
do.-29-ago-21,29-ago-21,08,2021,1742
lu.-30-ago-21,30-ago-21,08,2021,1797
ma.-31-ago-21,31-ago-21,08,2021,1740
mi.-01-sep-21,01-sep-21,09,2021,1734
ju.-02-sep-21,02-sep-21,09,2021,1735
vi.-03-sep-21,03-sep-21,09,2021,1725
sá.-04-sep-21,04-sep-21,09,2021,1725
do.-05-sep-21,05-sep-21,09,2021,1725
lu.-06-sep-21,06-sep-21,09,2021,1725
ma.-07-sep-21,07-sep-21,09,2021,1733
mi.-08-sep-21,08-sep-21,09,2021,1703
ju.-09-sep-21,09-sep-21,09,2021,1697
vi.-10-sep-21,10-sep-21,09,2021,1698
sá.-11-sep-21,11-sep-21,09,2021,1698
do.-12-sep-21,12-sep-21,09,2021,1698
lu.-13-sep-21,13-sep-21,09,2021,1687
ma.-14-sep-21,14-sep-21,09,2021,1678
mi.-15-sep-21,15-sep-21,09,2021,1686
ju.-16-sep-21,16-sep-21,09,2021,1694
vi.-17-sep-21,17-sep-21,09,2021,1685
sá.-18-sep-21,18-sep-21,09,2021,1685
do.-19-sep-21,19-sep-21,09,2021,1685
lu.-20-sep-21,20-sep-21,09,2021,1660
ma.-21-sep-21,21-sep-21,09,2021,1665
mi.-22-sep-21,22-sep-21,09,2021,1675
ju.-23-sep-21,23-sep-21,09,2021,1720
vi.-24-sep-21,24-sep-21,09,2021,1750
sá.-25-sep-21,25-sep-21,09,2021,1750
do.-26-sep-21,26-sep-21,09,2021,1750
lu.-27-sep-21,27-sep-21,09,2021,1748
ma.-28-sep-21,28-sep-21,09,2021,1783
mi.-29-sep-21,29-sep-21,09,2021,1745
ju.-30-sep-21,30-sep-21,09,2021,1735
vi.-01-oct-21,01-oct-21,10,2021,1805
sá.-02-oct-21,02-oct-21,10,2021,1805
do.-03-oct-21,03-oct-21,10,2021,1805
lu.-04-oct-21,04-oct-21,10,2021,1776
ma.-05-oct-21,05-oct-21,10,2021,1705
mi.-06-oct-21,06-oct-21,10,2021,1720
ju.-07-oct-21,07-oct-21,10,2021,1750
vi.-08-oct-21,08-oct-21,10,2021,1773
sá.-09-oct-21,09-oct-21,10,2021,1773
do.-10-oct-21,10-oct-21,10,2021,1773
lu.-11-oct-21,11-oct-21,10,2021,1795
ma.-12-oct-21,12-oct-21,10,2021,1840
mi.-13-oct-21,13-oct-21,10,2021,1817
ju.-14-oct-21,14-oct-21,10,2021,1834
vi.-15-oct-21,15-oct-21,10,2021,1785
sá.-16-oct-21,16-oct-21,10,2021,1785
do.-17-oct-21,17-oct-21,10,2021,1785
lu.-18-oct-21,18-oct-21,10,2021,1770
ma.-19-oct-21,19-oct-21,10,2021,1795
mi.-20-oct-21,20-oct-21,10,2021,1805
ju.-21-oct-21,21-oct-21,10,2021,1794
vi.-22-oct-21,22-oct-21,10,2021,1765
sá.-23-oct-21,23-oct-21,10,2021,1765
do.-24-oct-21,24-oct-21,10,2021,1765
lu.-25-oct-21,25-oct-21,10,2021,1785
ma.-26-oct-21,26-oct-21,10,2021,1830
mi.-27-oct-21,27-oct-21,10,2021,1775
ju.-28-oct-21,28-oct-21,10,2021,1773
vi.-29-oct-21,29-oct-21,10,2021,1795
sá.-30-oct-21,30-oct-21,10,2021,1795
do.-31-oct-21,31-oct-21,10,2021,1795
lu.-01-nov-21,01-nov-21,11,2021,1835
ma.-02-nov-21,02-nov-21,11,2021,1846
mi.-03-nov-21,03-nov-21,11,2021,1873
ju.-04-nov-21,04-nov-21,11,2021,1888
vi.-05-nov-21,05-nov-21,11,2021,1845
sá.-06-nov-21,06-nov-21,11,2021,1845
do.-07-nov-21,07-nov-21,11,2021,1845
lu.-08-nov-21,08-nov-21,11,2021,1815
ma.-09-nov-21,09-nov-21,11,2021,1860
mi.-10-nov-21,10-nov-21,11,2021,1847
ju.-11-nov-21,11-nov-21,11,2021,1900
vi.-12-nov-21,12-nov-21,11,2021,1972
sá.-13-nov-21,13-nov-21,11,2021,1972
do.-14-nov-21,14-nov-21,11,2021,1972
lu.-15-nov-21,15-nov-21,11,2021,1997
ma.-16-nov-21,16-nov-21,11,2021,1998
mi.-17-nov-21,17-nov-21,11,2021,2093
ju.-18-nov-21,18-nov-21,11,2021,2052
vi.-19-nov-21,19-nov-21,11,2021,2080
sá.-20-nov-21,20-nov-21,11,2021,2080
do.-21-nov-21,21-nov-21,11,2021,2080
lu.-22-nov-21,22-nov-21,11,2021,2070
ma.-23-nov-21,23-nov-21,11,2021,2168
mi.-24-nov-21,24-nov-21,11,2021,2205
ju.-25-nov-21,25-nov-21,11,2021,2205
vi.-26-nov-21,26-nov-21,11,2021,2202
sá.-27-nov-21,27-nov-21,11,2021,2202
do.-28-nov-21,28-nov-21,11,2021,2202
lu.-29-nov-21,29-nov-21,11,2021,2136
ma.-30-nov-21,30-nov-21,11,2021,2110
mi.-01-dic-21,01-dic-21,12,2021,2102
ju.-02-dic-21,02-dic-21,12,2021,2113
vi.-03-dic-21,03-dic-21,12,2021,2183
sá.-04-dic-21,04-dic-21,12,2021,2183
do.-05-dic-21,05-dic-21,12,2021,2183
lu.-06-dic-21,06-dic-21,12,2021,2218
ma.-07-dic-21,07-dic-21,12,2021,2153
mi.-08-dic-21,08-dic-21,12,2021,2160
ju.-09-dic-21,09-dic-21,12,2021,2123
vi.-10-dic-21,10-dic-21,12,2021,2061
sá.-11-dic-21,11-dic-21,12,2021,2061
do.-12-dic-21,12-dic-21,12,2021,2061
lu.-13-dic-21,13-dic-21,12,2021,2090
ma.-14-dic-21,14-dic-21,12,2021,2155
mi.-15-dic-21,15-dic-21,12,2021,2153
ju.-16-dic-21,16-dic-21,12,2021,2160
vi.-17-dic-21,17-dic-21,12,2021,2118
sá.-18-dic-21,18-dic-21,12,2021,2118
do.-19-dic-21,19-dic-21,12,2021,2118
lu.-20-dic-21,20-dic-21,12,2021,2048
ma.-21-dic-21,21-dic-21,12,2021,2080
mi.-22-dic-21,22-dic-21,12,2021,2122
ju.-23-dic-21,23-dic-21,12,2021,2103
vi.-24-dic-21,24-dic-21,12,2021,2098
sá.-25-dic-21,25-dic-21,12,2021,2098
do.-26-dic-21,26-dic-21,12,2021,2098
lu.-27-dic-21,27-dic-21,12,2021,2069
ma.-28-dic-21,28-dic-21,12,2021,2061
mi.-29-dic-21,29-dic-21,12,2021,2104
ju.-30-dic-21,30-dic-21,12,2021,2120
vi.-31-dic-21,31-dic-21,12,2021,2097
sá.-01-ene-22,01-ene-22,01,2022,2097
do.-02-ene-22,02-ene-22,01,2022,2097
lu.-03-ene-22,03-ene-22,01,2022,2074
ma.-04-ene-22,04-ene-22,01,2022,2149
mi.-05-ene-22,05-ene-22,01,2022,2120
ju.-06-ene-22,06-ene-22,01,2022,2125
vi.-07-ene-22,07-ene-22,01,2022,2189
sá.-08-ene-22,08-ene-22,01,2022,2189
do.-09-ene-22,09-ene-22,01,2022,2189
lu.-10-ene-22,10-ene-22,01,2022,2160
ma.-11-ene-22,11-ene-22,01,2022,2147
mi.-12-ene-22,12-ene-22,01,2022,2170
ju.-13-ene-22,13-ene-22,01,2022,2135
vi.-14-ene-22,14-ene-22,01,2022,2180
sá.-15-ene-22,15-ene-22,01,2022,2180
do.-16-ene-22,16-ene-22,01,2022,2180
lu.-17-ene-22,17-ene-22,01,2022,2180
ma.-18-ene-22,18-ene-22,01,2022,2196
mi.-19-ene-22,19-ene-22,01,2022,2215
ju.-20-ene-22,20-ene-22,01,2022,2198
vi.-21-ene-22,21-ene-22,01,2022,2142
sá.-22-ene-22,22-ene-22,01,2022,2142
do.-23-ene-22,23-ene-22,01,2022,2142
lu.-24-ene-22,24-ene-22,01,2022,2113
ma.-25-ene-22,25-ene-22,01,2022,2149
mi.-26-ene-22,26-ene-22,01,2022,2139
ju.-27-ene-22,27-ene-22,01,2022,2105
vi.-28-ene-22,28-ene-22,01,2022,2135
sá.-29-ene-22,29-ene-22,01,2022,2135
do.-30-ene-22,30-ene-22,01,2022,2135
lu.-31-ene-22,31-ene-22,01,2022,2123
ma.-01-feb-22,01-feb-22,02,2022,2125
mi.-02-feb-22,02-feb-22,02,2022,2150
ju.-03-feb-22,03-feb-22,02,2022,2203
vi.-04-feb-22,04-feb-22,02,2022,2185
sá.-05-feb-22,05-feb-22,02,2022,2185
do.-06-feb-22,06-feb-22,02,2022,2185
lu.-07-feb-22,07-feb-22,02,2022,2192
ma.-08-feb-22,08-feb-22,02,2022,2240
mi.-09-feb-22,09-feb-22,02,2022,2307
ju.-10-feb-22,10-feb-22,02,2022,2275
vi.-11-feb-22,11-feb-22,02,2022,2255
sá.-12-feb-22,12-feb-22,02,2022,2255
do.-13-feb-22,13-feb-22,02,2022,2255
lu.-14-feb-22,14-feb-22,02,2022,2233
ma.-15-feb-22,15-feb-22,02,2022,2272
mi.-16-feb-22,16-feb-22,02,2022,2290
ju.-17-feb-22,17-feb-22,02,2022,2260
vi.-18-feb-22,18-feb-22,02,2022,2222
sá.-19-feb-22,19-feb-22,02,2022,2222
do.-20-feb-22,20-feb-22,02,2022,2222
lu.-21-feb-22,21-feb-22,02,2022,2222
ma.-22-feb-22,22-feb-22,02,2022,2232
mi.-23-feb-22,23-feb-22,02,2022,2228
ju.-24-feb-22,24-feb-22,02,2022,2160
vi.-25-feb-22,25-feb-22,02,2022,2160
sá.-26-feb-22,26-feb-22,02,2022,2160
do.-27-feb-22,27-feb-22,02,2022,2160
lu.-28-feb-22,28-feb-22,02,2022,2127
ma.-01-mar-22,01-mar-22,03,2022,2125
mi.-02-mar-22,02-mar-22,03,2022,2049
ju.-03-mar-22,03-mar-22,03,2022,1960
vi.-04-mar-22,04-mar-22,03,2022,2008
sá.-05-mar-22,05-mar-22,03,2022,2008
do.-06-mar-22,06-mar-22,03,2022,2008
lu.-07-mar-22,07-mar-22,03,2022,1998
ma.-08-mar-22,08-mar-22,03,2022,2045
mi.-09-mar-22,09-mar-22,03,2022,2003
ju.-10-mar-22,10-mar-22,03,2022,2005
vi.-11-mar-22,11-mar-22,03,2022,1990
sá.-12-mar-22,12-mar-22,03,2022,1990
do.-13-mar-22,13-mar-22,03,2022,1990
lu.-14-mar-22,14-mar-22,03,2022,1954
ma.-15-mar-22,15-mar-22,03,2022,1912
mi.-16-mar-22,16-mar-22,03,2022,1965
ju.-17-mar-22,17-mar-22,03,2022,1950
vi.-18-mar-22,18-mar-22,03,2022,1978
sá.-19-mar-22,19-mar-22,03,2022,1978
do.-20-mar-22,20-mar-22,03,2022,1978
lu.-21-mar-22,21-mar-22,03,2022,2014
ma.-22-mar-22,22-mar-22,03,2022,1987
mi.-23-mar-22,23-mar-22,03,2022,2001
ju.-24-mar-22,24-mar-22,03,2022,1980
vi.-25-mar-22,25-mar-22,03,2022,1984
sá.-26-mar-22,26-mar-22,03,2022,1984
do.-27-mar-22,27-mar-22,03,2022,1984
lu.-28-mar-22,28-mar-22,03,2022,1925
ma.-29-mar-22,29-mar-22,03,2022,1920
mi.-30-mar-22,30-mar-22,03,2022,1967
ju.-31-mar-22,31-mar-22,03,2022,2012
vi.-01-abr-22,01-abr-22,04,2022,2015
sá.-02-abr-22,02-abr-22,04,2022,2015
do.-03-abr-22,03-abr-22,04,2022,2015
lu.-04-abr-22,04-abr-22,04,2022,2007
ma.-05-abr-22,05-abr-22,04,2022,2032
mi.-06-abr-22,06-abr-22,04,2022,2010
ju.-07-abr-22,07-abr-22,04,2022,2008
vi.-08-abr-22,08-abr-22,04,2022,2044
sá.-09-abr-22,09-abr-22,04,2022,2044
do.-10-abr-22,10-abr-22,04,2022,2044
lu.-11-abr-22,11-abr-22,04,2022,2072
ma.-12-abr-22,12-abr-22,04,2022,2060
mi.-13-abr-22,13-abr-22,04,2022,1978
ju.-14-abr-22,14-abr-22,04,2022,1968
vi.-15-abr-22,15-abr-22,04,2022,1968
sá.-16-abr-22,16-abr-22,04,2022,1968
do.-17-abr-22,17-abr-22,04,2022,1968
lu.-18-abr-22,18-abr-22,04,2022,1974
ma.-19-abr-22,19-abr-22,04,2022,1970
mi.-20-abr-22,20-abr-22,04,2022,1958
ju.-21-abr-22,21-abr-22,04,2022,2033
vi.-22-abr-22,22-abr-22,04,2022,2070
sá.-23-abr-22,23-abr-22,04,2022,2070
do.-24-abr-22,24-abr-22,04,2022,2070
lu.-25-abr-22,25-abr-22,04,2022,2060
ma.-26-abr-22,26-abr-22,04,2022,2070
mi.-27-abr-22,27-abr-22,04,2022,2030
ju.-28-abr-22,28-abr-22,04,2022,2063
vi.-29-abr-22,29-abr-22,04,2022,2090
sá.-30-abr-22,30-abr-22,04,2022,2090
do.-01-may-22,01-may-22,05,2022,2090
lu.-02-may-22,02-may-22,05,2022,2070
ma.-03-may-22,03-may-22,05,2022,2098
mi.-04-may-22,04-may-22,05,2022,2142
ju.-05-may-22,05-may-22,05,2022,2121
vi.-06-may-22,06-may-22,05,2022,2050
sá.-07-may-22,07-may-22,05,2022,2050
do.-08-may-22,08-may-22,05,2022,2050
lu.-09-may-22,09-may-22,05,2022,2030
ma.-10-may-22,10-may-22,05,2022,2005
mi.-11-may-22,11-may-22,05,2022,2143
ju.-12-may-22,12-may-22,05,2022,2118
vi.-13-may-22,13-may-22,05,2022,2107
sá.-14-may-22,14-may-22,05,2022,2107
do.-15-may-22,15-may-22,05,2022,2107
lu.-16-may-22,16-may-22,05,2022,2170
ma.-17-may-22,17-may-22,05,2022,2179
mi.-18-may-22,18-may-22,05,2022,2125
ju.-19-may-22,19-may-22,05,2022,2125
vi.-20-may-22,20-may-22,05,2022,2060
sá.-21-may-22,21-may-22,05,2022,2060
do.-22-may-22,22-may-22,05,2022,2060
lu.-23-may-22,23-may-22,05,2022,2065
ma.-24-may-22,24-may-22,05,2022,2047
mi.-25-may-22,25-may-22,05,2022,2055
ju.-26-may-22,26-may-22,05,2022,2123
vi.-27-may-22,27-may-22,05,2022,2155
sá.-28-may-22,28-may-22,05,2022,2155
do.-29-may-22,29-may-22,05,2022,2155
lu.-30-may-22,30-may-22,05,2022,2155
ma.-31-may-22,31-may-22,05,2022,2080
mi.-01-jun-22,01-jun-22,06,2022,2161
ju.-02-jun-22,02-jun-22,06,2022,2135
vi.-03-jun-22,03-jun-22,06,2022,2110
sá.-04-jun-22,04-jun-22,06,2022,2110
do.-05-jun-22,05-jun-22,06,2022,2110
lu.-06-jun-22,06-jun-22,06,2022,2150
ma.-07-jun-22,07-jun-22,06,2022,2105
mi.-08-jun-22,08-jun-22,06,2022,2114
ju.-09-jun-22,09-jun-22,06,2022,2162
vi.-10-jun-22,10-jun-22,06,2022,2165
sá.-11-jun-22,11-jun-22,06,2022,2165
do.-12-jun-22,12-jun-22,06,2022,2165
lu.-13-jun-22,13-jun-22,06,2022,2136
ma.-14-jun-22,14-jun-22,06,2022,2165
mi.-15-jun-22,15-jun-22,06,2022,2140
ju.-16-jun-22,16-jun-22,06,2022,2167
vi.-17-jun-22,17-jun-22,06,2022,2135
sá.-18-jun-22,18-jun-22,06,2022,2135
do.-19-jun-22,19-jun-22,06,2022,2135
lu.-20-jun-22,20-jun-22,06,2022,2135
ma.-21-jun-22,21-jun-22,06,2022,2240
mi.-22-jun-22,22-jun-22,06,2022,2273
ju.-23-jun-22,23-jun-22,06,2022,2256
vi.-24-jun-22,24-jun-22,06,2022,2228
sá.-25-jun-22,25-jun-22,06,2022,2228
do.-26-jun-22,26-jun-22,06,2022,2228
lu.-27-jun-22,27-jun-22,06,2022,2215
ma.-28-jun-22,28-jun-22,06,2022,2155
mi.-29-jun-22,29-jun-22,06,2022,2255
ju.-30-jun-22,30-jun-22,06,2022,2289
vi.-01-jul-22,01-jul-22,07,2022,2270
sá.-02-jul-22,02-jul-22,07,2022,2270
do.-03-jul-22,03-jul-22,07,2022,2270
lu.-04-jul-22,04-jul-22,07,2022,2270
ma.-05-jul-22,05-jul-22,07,2022,2280
mi.-06-jul-22,06-jul-22,07,2022,2302
ju.-07-jul-22,07-jul-22,07,2022,2320
vi.-08-jul-22,08-jul-22,07,2022,2348
sá.-09-jul-22,09-jul-22,07,2022,2348
do.-10-jul-22,10-jul-22,07,2022,2348
lu.-11-jul-22,11-jul-22,07,2022,2365
ma.-12-jul-22,12-jul-22,07,2022,2310
mi.-13-jul-22,13-jul-22,07,2022,2245
ju.-14-jul-22,14-jul-22,07,2022,2135
vi.-15-jul-22,15-jul-22,07,2022,2105
sá.-16-jul-22,16-jul-22,07,2022,2105
do.-17-jul-22,17-jul-22,07,2022,2105
lu.-18-jul-22,18-jul-22,07,2022,2210
ma.-19-jul-22,19-jul-22,07,2022,2227
mi.-20-jul-22,20-jul-22,07,2022,2243
ju.-21-jul-22,21-jul-22,07,2022,2276
vi.-22-jul-22,22-jul-22,07,2022,2213
sá.-23-jul-22,23-jul-22,07,2022,2213
do.-24-jul-22,24-jul-22,07,2022,2213
lu.-25-jul-22,25-jul-22,07,2022,2248
ma.-26-jul-22,26-jul-22,07,2022,2267
mi.-27-jul-22,27-jul-22,07,2022,2303
ju.-28-jul-22,28-jul-22,07,2022,2275
vi.-29-jul-22,29-jul-22,07,2022,2225
sá.-30-jul-22,30-jul-22,07,2022,2225
do.-31-jul-22,31-jul-22,07,2022,2225
lu.-01-ago-22,01-ago-22,08,2022,2187
ma.-02-ago-22,02-ago-22,08,2022,2180
mi.-03-ago-22,03-ago-22,08,2022,2212
ju.-04-ago-22,04-ago-22,08,2022,2247
vi.-05-ago-22,05-ago-22,08,2022,2190
sá.-06-ago-22,06-ago-22,08,2022,2190
do.-07-ago-22,07-ago-22,08,2022,2190
lu.-08-ago-22,08-ago-22,08,2022,2195
ma.-09-ago-22,09-ago-22,08,2022,2217
mi.-10-ago-22,10-ago-22,08,2022,2240
ju.-11-ago-22,11-ago-22,08,2022,2255
vi.-12-ago-22,12-ago-22,08,2022,2245
sá.-13-ago-22,13-ago-22,08,2022,2245
do.-14-ago-22,14-ago-22,08,2022,2245
lu.-15-ago-22,15-ago-22,08,2022,2238
ma.-16-ago-22,16-ago-22,08,2022,2243
mi.-17-ago-22,17-ago-22,08,2022,2273
ju.-18-ago-22,18-ago-22,08,2022,2274
vi.-19-ago-22,19-ago-22,08,2022,2285
sá.-20-ago-22,20-ago-22,08,2022,2285
do.-21-ago-22,21-ago-22,08,2022,2285
lu.-22-ago-22,22-ago-22,08,2022,2368
ma.-23-ago-22,23-ago-22,08,2022,2408
mi.-24-ago-22,24-ago-22,08,2022,2530
ju.-25-ago-22,25-ago-22,08,2022,2525
vi.-26-ago-22,26-ago-22,08,2022,2515
sá.-27-ago-22,27-ago-22,08,2022,2515
do.-28-ago-22,28-ago-22,08,2022,2515
lu.-29-ago-22,29-ago-22,08,2022,2480
ma.-30-ago-22,30-ago-22,08,2022,2500
mi.-31-ago-22,31-ago-22,08,2022,2505
ju.-01-sep-22,01-sep-22,09,2022,2514
vi.-02-sep-22,02-sep-22,09,2022,2480
sá.-03-sep-22,03-sep-22,09,2022,2480
do.-04-sep-22,04-sep-22,09,2022,2480
lu.-05-sep-22,05-sep-22,09,2022,2480
ma.-06-sep-22,06-sep-22,09,2022,2492
mi.-07-sep-22,07-sep-22,09,2022,2384
ju.-08-sep-22,08-sep-22,09,2022,2373
vi.-09-sep-22,09-sep-22,09,2022,2405
sá.-10-sep-22,10-sep-22,09,2022,2405
do.-11-sep-22,11-sep-22,09,2022,2405
lu.-12-sep-22,12-sep-22,09,2022,2375
ma.-13-sep-22,13-sep-22,09,2022,2368
mi.-14-sep-22,14-sep-22,09,2022,2309
ju.-15-sep-22,15-sep-22,09,2022,2330
vi.-16-sep-22,16-sep-22,09,2022,2325
sá.-17-sep-22,17-sep-22,09,2022,2325
do.-18-sep-22,18-sep-22,09,2022,2325
lu.-19-sep-22,19-sep-22,09,2022,2362
ma.-20-sep-22,20-sep-22,09,2022,2402
mi.-21-sep-22,21-sep-22,09,2022,2360
ju.-22-sep-22,22-sep-22,09,2022,2356
vi.-23-sep-22,23-sep-22,09,2022,2367
sá.-24-sep-22,24-sep-22,09,2022,2367
do.-25-sep-22,25-sep-22,09,2022,2367
lu.-26-sep-22,26-sep-22,09,2022,2404
ma.-27-sep-22,27-sep-22,09,2022,2430
mi.-28-sep-22,28-sep-22,09,2022,2434
ju.-29-sep-22,29-sep-22,09,2022,2430
vi.-30-sep-22,30-sep-22,09,2022,2435
sá.-01-oct-22,01-oct-22,10,2022,2435
do.-02-oct-22,02-oct-22,10,2022,2435
lu.-03-oct-22,03-oct-22,10,2022,2348
ma.-04-oct-22,04-oct-22,10,2022,2362
mi.-05-oct-22,05-oct-22,10,2022,2445
ju.-06-oct-22,06-oct-22,10,2022,2395
vi.-07-oct-22,07-oct-22,10,2022,2405
sá.-08-oct-22,08-oct-22,10,2022,2405
do.-09-oct-22,09-oct-22,10,2022,2405
lu.-10-oct-22,10-oct-22,10,2022,2400
ma.-11-oct-22,11-oct-22,10,2022,2396
mi.-12-oct-22,12-oct-22,10,2022,2323
ju.-13-oct-22,13-oct-22,10,2022,2225
vi.-14-oct-22,14-oct-22,10,2022,2245
sá.-15-oct-22,15-oct-22,10,2022,2245
do.-16-oct-22,16-oct-22,10,2022,2245
lu.-17-oct-22,17-oct-22,10,2022,2230
ma.-18-oct-22,18-oct-22,10,2022,2250
mi.-19-oct-22,19-oct-22,10,2022,2254
ju.-20-oct-22,20-oct-22,10,2022,2265
vi.-21-oct-22,21-oct-22,10,2022,2265
sá.-22-oct-22,22-oct-22,10,2022,2265
do.-23-oct-22,23-oct-22,10,2022,2265
lu.-24-oct-22,24-oct-22,10,2022,2285
ma.-25-oct-22,25-oct-22,10,2022,2252
mi.-26-oct-22,26-oct-22,10,2022,2160
ju.-27-oct-22,27-oct-22,10,2022,2129
vi.-28-oct-22,28-oct-22,10,2022,2040
sá.-29-oct-22,29-oct-22,10,2022,2040
do.-30-oct-22,30-oct-22,10,2022,2040
lu.-31-oct-22,31-oct-22,10,2022,2142
ma.-01-nov-22,01-nov-22,11,2022,2125
mi.-02-nov-22,02-nov-22,11,2022,2180
ju.-03-nov-22,03-nov-22,11,2022,2110
vi.-04-nov-22,04-nov-22,11,2022,2130
sá.-05-nov-22,05-nov-22,11,2022,2130
do.-06-nov-22,06-nov-22,11,2022,2130
lu.-07-nov-22,07-nov-22,11,2022,2070
ma.-08-nov-22,08-nov-22,11,2022,1992
mi.-09-nov-22,09-nov-22,11,2022,1939
ju.-10-nov-22,10-nov-22,11,2022,1962
vi.-11-nov-22,11-nov-22,11,2022,1965
sá.-12-nov-22,12-nov-22,11,2022,1965
do.-13-nov-22,13-nov-22,11,2022,1965
lu.-14-nov-22,14-nov-22,11,2022,1954
ma.-15-nov-22,15-nov-22,11,2022,1905
mi.-16-nov-22,16-nov-22,11,2022,1925
ju.-17-nov-22,17-nov-22,11,2022,1918
vi.-18-nov-22,18-nov-22,11,2022,1907
sá.-19-nov-22,19-nov-22,11,2022,1907
do.-20-nov-22,20-nov-22,11,2022,1907
lu.-21-nov-22,21-nov-22,11,2022,1945
ma.-22-nov-22,22-nov-22,11,2022,1975
mi.-23-nov-22,23-nov-22,11,2022,1950
ju.-24-nov-22,24-nov-22,11,2022,1950
vi.-25-nov-22,25-nov-22,11,2022,1963
sá.-26-nov-22,26-nov-22,11,2022,1963
do.-27-nov-22,27-nov-22,11,2022,1963
lu.-28-nov-22,28-nov-22,11,2022,1930
ma.-29-nov-22,29-nov-22,11,2022,1980
mi.-30-nov-22,30-nov-22,11,2022,1997
ju.-01-dic-22,01-dic-22,12,2022,1920
vi.-02-dic-22,02-dic-22,12,2022,1895
sá.-03-dic-22,03-dic-22,12,2022,1895
do.-04-dic-22,04-dic-22,12,2022,1895
lu.-05-dic-22,05-dic-22,12,2022,1920
ma.-06-dic-22,06-dic-22,12,2022,1925
mi.-07-dic-22,07-dic-22,12,2022,1892
ju.-08-dic-22,08-dic-22,12,2022,1877
vi.-09-dic-22,09-dic-22,12,2022,1865
sá.-10-dic-22,10-dic-22,12,2022,1865
do.-11-dic-22,11-dic-22,12,2022,1865
lu.-12-dic-22,12-dic-22,12,2022,1967
ma.-13-dic-22,13-dic-22,12,2022,1942
mi.-14-dic-22,14-dic-22,12,2022,1949
ju.-15-dic-22,15-dic-22,12,2022,1991
vi.-16-dic-22,16-dic-22,12,2022,1918
sá.-17-dic-22,17-dic-22,12,2022,1918
do.-18-dic-22,18-dic-22,12,2022,1918
lu.-19-dic-22,19-dic-22,12,2022,1914
ma.-20-dic-22,20-dic-22,12,2022,1943
mi.-21-dic-22,21-dic-22,12,2022,1959
ju.-22-dic-22,22-dic-22,12,2022,1952
vi.-23-dic-22,23-dic-22,12,2022,1970
sá.-24-dic-22,24-dic-22,12,2022,1970
do.-25-dic-22,25-dic-22,12,2022,1970
lu.-26-dic-22,26-dic-22,12,2022,1970
ma.-27-dic-22,27-dic-22,12,2022,1930
mi.-28-dic-22,28-dic-22,12,2022,1998
ju.-29-dic-22,29-dic-22,12,2022,1995
vi.-30-dic-22,30-dic-22,12,2022,1968
sá.-31-dic-22,31-dic-22,12,2022,1968
do.-01-ene-23,01-ene-23,01,2023,1968
lu.-02-ene-23,02-ene-23,01,2023,1968
ma.-03-ene-23,03-ene-23,01,2023,1979
mi.-04-ene-23,04-ene-23,01,2023,1942
ju.-05-ene-23,05-ene-23,01,2023,1947
vi.-06-ene-23,06-ene-23,01,2023,1885
sá.-07-ene-23,07-ene-23,01,2023,1885
do.-08-ene-23,08-ene-23,01,2023,1885
lu.-09-ene-23,09-ene-23,01,2023,1885
ma.-10-ene-23,10-ene-23,01,2023,1791
mi.-11-ene-23,11-ene-23,01,2023,1696
ju.-12-ene-23,12-ene-23,01,2023,1731
vi.-13-ene-23,13-ene-23,01,2023,1760
sá.-14-ene-23,14-ene-23,01,2023,1760
do.-15-ene-23,15-ene-23,01,2023,1760
lu.-16-ene-23,16-ene-23,01,2023,1760
ma.-17-ene-23,17-ene-23,01,2023,1768
mi.-18-ene-23,18-ene-23,01,2023,1795
ju.-19-ene-23,19-ene-23,01,2023,1780
vi.-20-ene-23,20-ene-23,01,2023,1750
sá.-21-ene-23,21-ene-23,01,2023,1750
do.-22-ene-23,22-ene-23,01,2023,1750
lu.-23-ene-23,23-ene-23,01,2023,1772
ma.-24-ene-23,24-ene-23,01,2023,1775
mi.-25-ene-23,25-ene-23,01,2023,1797
ju.-26-ene-23,26-ene-23,01,2023,1835
vi.-27-ene-23,27-ene-23,01,2023,1885
sá.-28-ene-23,28-ene-23,01,2023,1885
do.-29-ene-23,29-ene-23,01,2023,1885
lu.-30-ene-23,30-ene-23,01,2023,1920
ma.-31-ene-23,31-ene-23,01,2023,2030
mi.-01-feb-23,01-feb-23,02,2023,1958
ju.-02-feb-23,02-feb-23,02,2023,1975
vi.-03-feb-23,03-feb-23,02,2023,1960
sá.-04-feb-23,04-feb-23,02,2023,1960
do.-05-feb-23,05-feb-23,02,2023,1960
lu.-06-feb-23,06-feb-23,02,2023,2025
ma.-07-feb-23,07-feb-23,02,2023,2013
mi.-08-feb-23,08-feb-23,02,2023,2010
ju.-09-feb-23,09-feb-23,02,2023,1985
vi.-10-feb-23,10-feb-23,02,2023,2020
sá.-11-feb-23,11-feb-23,02,2023,2020
do.-12-feb-23,12-feb-23,02,2023,2020
lu.-13-feb-23,13-feb-23,02,2023,2035
ma.-14-feb-23,14-feb-23,02,2023,2103
mi.-15-feb-23,15-feb-23,02,2023,2095
ju.-16-feb-23,16-feb-23,02,2023,2125
vi.-17-feb-23,17-feb-23,02,2023,2160
sá.-18-feb-23,18-feb-23,02,2023,2160
do.-19-feb-23,19-feb-23,02,2023,2160
lu.-20-feb-23,20-feb-23,02,2023,2160
ma.-21-feb-23,21-feb-23,02,2023,2220
mi.-22-feb-23,22-feb-23,02,2023,2222
ju.-23-feb-23,23-feb-23,02,2023,2162
vi.-24-feb-23,24-feb-23,02,2023,2130
sá.-25-feb-23,25-feb-23,02,2023,2130
do.-26-feb-23,26-feb-23,02,2023,2130
lu.-27-feb-23,27-feb-23,02,2023,2085
ma.-28-feb-23,28-feb-23,02,2023,2125
mi.-01-mar-23,01-mar-23,03,2023,2085
ju.-02-mar-23,02-mar-23,03,2023,2060
vi.-03-mar-23,03-mar-23,03,2023,2010
sá.-04-mar-23,04-mar-23,03,2023,2010
do.-05-mar-23,05-mar-23,03,2023,2010
lu.-06-mar-23,06-mar-23,03,2023,2001
ma.-07-mar-23,07-mar-23,03,2023,2050
mi.-08-mar-23,08-mar-23,03,2023,2001
ju.-09-mar-23,09-mar-23,03,2023,1968
vi.-10-mar-23,10-mar-23,03,2023,1980
sá.-11-mar-23,11-mar-23,03,2023,1980
do.-12-mar-23,12-mar-23,03,2023,1980
lu.-13-mar-23,13-mar-23,03,2023,2018
ma.-14-mar-23,14-mar-23,03,2023,1968
mi.-15-mar-23,15-mar-23,03,2023,2000
ju.-16-mar-23,16-mar-23,03,2023,2050
vi.-17-mar-23,17-mar-23,03,2023,2020
sá.-18-mar-23,18-mar-23,03,2023,2020
do.-19-mar-23,19-mar-23,03,2023,2020
lu.-20-mar-23,20-mar-23,03,2023,2042
ma.-21-mar-23,21-mar-23,03,2023,2045
mi.-22-mar-23,22-mar-23,03,2023,2012
ju.-23-mar-23,23-mar-23,03,2023,1963
vi.-24-mar-23,24-mar-23,03,2023,2000
sá.-25-mar-23,25-mar-23,03,2023,2000
do.-26-mar-23,26-mar-23,03,2023,2000
lu.-27-mar-23,27-mar-23,03,2023,1955
ma.-28-mar-23,28-mar-23,03,2023,1925
mi.-29-mar-23,29-mar-23,03,2023,1860
ju.-30-mar-23,30-mar-23,03,2023,1872
vi.-31-mar-23,31-mar-23,03,2023,1882
sá.-01-abr-23,01-abr-23,04,2023,1882
do.-02-abr-23,02-abr-23,04,2023,1882
lu.-03-abr-23,03-abr-23,04,2023,1916
ma.-04-abr-23,04-abr-23,04,2023,1895
mi.-05-abr-23,05-abr-23,04,2023,1937
ju.-06-abr-23,06-abr-23,04,2023,1963
vi.-07-abr-23,07-abr-23,04,2023,1963
sá.-08-abr-23,08-abr-23,04,2023,1963
do.-09-abr-23,09-abr-23,04,2023,1963
lu.-10-abr-23,10-abr-23,04,2023,1945
ma.-11-abr-23,11-abr-23,04,2023,1994
mi.-12-abr-23,12-abr-23,04,2023,1975
ju.-13-abr-23,13-abr-23,04,2023,2002
vi.-14-abr-23,14-abr-23,04,2023,1972
sá.-15-abr-23,15-abr-23,04,2023,1972
do.-16-abr-23,16-abr-23,04,2023,1972
lu.-17-abr-23,17-abr-23,04,2023,2040
ma.-18-abr-23,18-abr-23,04,2023,2100
mi.-19-abr-23,19-abr-23,04,2023,2085
ju.-20-abr-23,20-abr-23,04,2023,2018
vi.-21-abr-23,21-abr-23,04,2023,1990
sá.-22-abr-23,22-abr-23,04,2023,1990
do.-23-abr-23,23-abr-23,04,2023,1990
lu.-24-abr-23,24-abr-23,04,2023,1985
ma.-25-abr-23,25-abr-23,04,2023,1955
mi.-26-abr-23,26-abr-23,04,2023,1990
ju.-27-abr-23,27-abr-23,04,2023,2013
vi.-28-abr-23,28-abr-23,04,2023,2005
sá.-29-abr-23,29-abr-23,04,2023,2005
do.-30-abr-23,30-abr-23,04,2023,2005
lu.-01-may-23,01-may-23,05,2023,2002
ma.-02-may-23,02-may-23,05,2023,2010
mi.-03-may-23,03-may-23,05,2023,1960
ju.-04-may-23,04-may-23,05,2023,1925
vi.-05-may-23,05-may-23,05,2023,1940
sá.-06-may-23,06-may-23,05,2023,1940
do.-07-may-23,07-may-23,05,2023,1940
lu.-08-may-23,08-may-23,05,2023,1890
ma.-09-may-23,09-may-23,05,2023,1941
mi.-10-may-23,10-may-23,05,2023,1920
ju.-11-may-23,11-may-23,05,2023,1913
vi.-12-may-23,12-may-23,05,2023,1892
sá.-13-may-23,13-may-23,05,2023,1892
do.-14-may-23,14-may-23,05,2023,1892
lu.-15-may-23,15-may-23,05,2023,1932
ma.-16-may-23,16-may-23,05,2023,1915
mi.-17-may-23,17-may-23,05,2023,1890
ju.-18-may-23,18-may-23,05,2023,1912
vi.-19-may-23,19-may-23,05,2023,1950
sá.-20-may-23,20-may-23,05,2023,1950
do.-21-may-23,21-may-23,05,2023,1950
lu.-22-may-23,22-may-23,05,2023,1923
ma.-23-may-23,23-may-23,05,2023,1870
mi.-24-may-23,24-may-23,05,2023,1868
ju.-25-may-23,25-may-23,05,2023,1838
vi.-26-may-23,26-may-23,05,2023,1805
sá.-27-may-23,27-may-23,05,2023,1805
do.-28-may-23,28-may-23,05,2023,1805
lu.-29-may-23,29-may-23,05,2023,1805
ma.-30-may-23,30-may-23,05,2023,1740
mi.-31-may-23,31-may-23,05,2023,1760
ju.-01-jun-23,01-jun-23,06,2023,1770
vi.-02-jun-23,02-jun-23,06,2023,1714
sá.-03-jun-23,03-jun-23,06,2023,1714
do.-04-jun-23,04-jun-23,06,2023,1714
lu.-05-jun-23,05-jun-23,06,2023,1710
ma.-06-jun-23,06-jun-23,06,2023,1670
mi.-07-jun-23,07-jun-23,06,2023,1685
ju.-08-jun-23,08-jun-23,06,2023,1710
vi.-09-jun-23,09-jun-23,06,2023,1665
sá.-10-jun-23,10-jun-23,06,2023,1665
do.-11-jun-23,11-jun-23,06,2023,1665
lu.-12-jun-23,12-jun-23,06,2023,1620
ma.-13-jun-23,13-jun-23,06,2023,1594
mi.-14-jun-23,14-jun-23,06,2023,1605
ju.-15-jun-23,15-jun-23,06,2023,1612
vi.-16-jun-23,16-jun-23,06,2023,1595
sá.-17-jun-23,17-jun-23,06,2023,1595
do.-18-jun-23,18-jun-23,06,2023,1595
lu.-19-jun-23,19-jun-23,06,2023,1595
ma.-20-jun-23,20-jun-23,06,2023,1543
mi.-21-jun-23,21-jun-23,06,2023,1503
ju.-22-jun-23,22-jun-23,06,2023,1470
vi.-23-jun-23,23-jun-23,06,2023,1438
sá.-24-jun-23,24-jun-23,06,2023,1438
do.-25-jun-23,25-jun-23,06,2023,1438
lu.-26-jun-23,26-jun-23,06,2023,1439
ma.-27-jun-23,27-jun-23,06,2023,1445
mi.-28-jun-23,28-jun-23,06,2023,1380
ju.-29-jun-23,29-jun-23,06,2023,1390
vi.-30-jun-23,30-jun-23,06,2023,1360
sá.-01-jul-23,01-jul-23,07,2023,1360
do.-02-jul-23,02-jul-23,07,2023,1360
lu.-03-jul-23,03-jul-23,07,2023,1375
ma.-04-jul-23,04-jul-23,07,2023,1375
mi.-05-jul-23,05-jul-23,07,2023,1345
ju.-06-jul-23,06-jul-23,07,2023,1390
vi.-07-jul-23,07-jul-23,07,2023,1365
sá.-08-jul-23,08-jul-23,07,2023,1365
do.-09-jul-23,09-jul-23,07,2023,1365
lu.-10-jul-23,10-jul-23,07,2023,1355
ma.-11-jul-23,11-jul-23,07,2023,1343
mi.-12-jul-23,12-jul-23,07,2023,1328
ju.-13-jul-23,13-jul-23,07,2023,1310
vi.-14-jul-23,14-jul-23,07,2023,1322
sá.-15-jul-23,15-jul-23,07,2023,1322
do.-16-jul-23,16-jul-23,07,2023,1322
lu.-17-jul-23,17-jul-23,07,2023,1270
ma.-18-jul-23,18-jul-23,07,2023,1271
mi.-19-jul-23,19-jul-23,07,2023,1257
ju.-20-jul-23,20-jul-23,07,2023,1278
vi.-21-jul-23,21-jul-23,07,2023,1302
sá.-22-jul-23,22-jul-23,07,2023,1302
do.-23-jul-23,23-jul-23,07,2023,1302
lu.-24-jul-23,24-jul-23,07,2023,1308
ma.-25-jul-23,25-jul-23,07,2023,1305
mi.-26-jul-23,26-jul-23,07,2023,1310
ju.-27-jul-23,27-jul-23,07,2023,1295
vi.-28-jul-23,28-jul-23,07,2023,1255
sá.-29-jul-23,29-jul-23,07,2023,1255
do.-30-jul-23,30-jul-23,07,2023,1255
lu.-31-jul-23,31-jul-23,07,2023,1315
ma.-01-ago-23,01-ago-23,08,2023,1340
mi.-02-ago-23,02-ago-23,08,2023,1374
ju.-03-ago-23,03-ago-23,08,2023,1386
vi.-04-ago-23,04-ago-23,08,2023,1312
sá.-05-ago-23,05-ago-23,08,2023,1312
do.-06-ago-23,06-ago-23,08,2023,1312
lu.-07-ago-23,07-ago-23,08,2023,1380
ma.-08-ago-23,08-ago-23,08,2023,1371
mi.-09-ago-23,09-ago-23,08,2023,1341
ju.-10-ago-23,10-ago-23,08,2023,1312
vi.-11-ago-23,11-ago-23,08,2023,1300
sá.-12-ago-23,12-ago-23,08,2023,1300
do.-13-ago-23,13-ago-23,08,2023,1300
lu.-14-ago-23,14-ago-23,08,2023,1284
ma.-15-ago-23,15-ago-23,08,2023,1290
mi.-16-ago-23,16-ago-23,08,2023,1295
ju.-17-ago-23,17-ago-23,08,2023,1280
vi.-18-ago-23,18-ago-23,08,2023,1290
sá.-19-ago-23,19-ago-23,08,2023,1290
do.-20-ago-23,20-ago-23,08,2023,1290
lu.-21-ago-23,21-ago-23,08,2023,1298
ma.-22-ago-23,22-ago-23,08,2023,1292
mi.-23-ago-23,23-ago-23,08,2023,1315
ju.-24-ago-23,24-ago-23,08,2023,1328
vi.-25-ago-23,25-ago-23,08,2023,1330
sá.-26-ago-23,26-ago-23,08,2023,1330
do.-27-ago-23,27-ago-23,08,2023,1330
lu.-28-ago-23,28-ago-23,08,2023,1320
ma.-29-ago-23,29-ago-23,08,2023,1320
mi.-30-ago-23,30-ago-23,08,2023,1340
ju.-31-ago-23,31-ago-23,08,2023,1330
vi.-01-sep-23,01-sep-23,09,2023,1295
sá.-02-sep-23,02-sep-23,09,2023,1295
do.-03-sep-23,03-sep-23,09,2023,1295
lu.-04-sep-23,04-sep-23,09,2023,1295
ma.-05-sep-23,05-sep-23,09,2023,1320
mi.-06-sep-23,06-sep-23,09,2023,1320
ju.-07-sep-23,07-sep-23,09,2023,1265
vi.-08-sep-23,08-sep-23,09,2023,1255
sá.-09-sep-23,09-sep-23,09,2023,1255
do.-10-sep-23,10-sep-23,09,2023,1255
lu.-11-sep-23,11-sep-23,09,2023,1286
ma.-12-sep-23,12-sep-23,09,2023,1276
mi.-13-sep-23,13-sep-23,09,2023,1262
ju.-14-sep-23,14-sep-23,09,2023,1275
vi.-15-sep-23,15-sep-23,09,2023,1320
sá.-16-sep-23,16-sep-23,09,2023,1320
do.-17-sep-23,17-sep-23,09,2023,1320
lu.-18-sep-23,18-sep-23,09,2023,1309
ma.-19-sep-23,19-sep-23,09,2023,1331
mi.-20-sep-23,20-sep-23,09,2023,1300
ju.-21-sep-23,21-sep-23,09,2023,1284
vi.-22-sep-23,22-sep-23,09,2023,1270
sá.-23-sep-23,23-sep-23,09,2023,1270
do.-24-sep-23,24-sep-23,09,2023,1270
lu.-25-sep-23,25-sep-23,09,2023,1270
ma.-26-sep-23,26-sep-23,09,2023,1295
mi.-27-sep-23,27-sep-23,09,2023,1296
ju.-28-sep-23,28-sep-23,09,2023,1263
vi.-29-sep-23,29-sep-23,09,2023,1256
sá.-30-sep-23,30-sep-23,09,2023,1256
do.-01-oct-23,01-oct-23,10,2023,1256
lu.-02-oct-23,02-oct-23,10,2023,1310
ma.-03-oct-23,03-oct-23,10,2023,1328
mi.-04-oct-23,04-oct-23,10,2023,1335
ju.-05-oct-23,05-oct-23,10,2023,1340
vi.-06-oct-23,06-oct-23,10,2023,1338
sá.-07-oct-23,07-oct-23,10,2023,1338
do.-08-oct-23,08-oct-23,10,2023,1338
lu.-09-oct-23,09-oct-23,10,2023,1338
ma.-10-oct-23,10-oct-23,10,2023,1324
mi.-11-oct-23,11-oct-23,10,2023,1325
ju.-12-oct-23,12-oct-23,10,2023,1352
vi.-13-oct-23,13-oct-23,10,2023,1391
sá.-14-oct-23,14-oct-23,10,2023,1391
do.-15-oct-23,15-oct-23,10,2023,1391
lu.-16-oct-23,16-oct-23,10,2023,1381
ma.-17-oct-23,17-oct-23,10,2023,1396
mi.-18-oct-23,18-oct-23,10,2023,1425
ju.-19-oct-23,19-oct-23,10,2023,1465
vi.-20-oct-23,20-oct-23,10,2023,1467
sá.-21-oct-23,21-oct-23,10,2023,1467
do.-22-oct-23,22-oct-23,10,2023,1467
lu.-23-oct-23,23-oct-23,10,2023,1470
ma.-24-oct-23,24-oct-23,10,2023,1475
mi.-25-oct-23,25-oct-23,10,2023,1411
ju.-26-oct-23,26-oct-23,10,2023,1378
vi.-27-oct-23,27-oct-23,10,2023,1368
sá.-28-oct-23,28-oct-23,10,2023,1368
do.-29-oct-23,29-oct-23,10,2023,1368
lu.-30-oct-23,30-oct-23,10,2023,1335
ma.-31-oct-23,31-oct-23,10,2023,1415
mi.-01-nov-23,01-nov-23,11,2023,1350
ju.-02-nov-23,02-nov-23,11,2023,1378
vi.-03-nov-23,03-nov-23,11,2023,1400
sá.-04-nov-23,04-nov-23,11,2023,1400
do.-05-nov-23,05-nov-23,11,2023,1400
lu.-06-nov-23,06-nov-23,11,2023,1423
ma.-07-nov-23,07-nov-23,11,2023,1412
mi.-08-nov-23,08-nov-23,11,2023,1465
ju.-09-nov-23,09-nov-23,11,2023,1467
vi.-10-nov-23,10-nov-23,11,2023,1400
sá.-11-nov-23,11-nov-23,11,2023,1400
do.-12-nov-23,12-nov-23,11,2023,1400
lu.-13-nov-23,13-nov-23,11,2023,1424
ma.-14-nov-23,14-nov-23,11,2023,1390
mi.-15-nov-23,15-nov-23,11,2023,1437
ju.-16-nov-23,16-nov-23,11,2023,1425
vi.-17-nov-23,17-nov-23,11,2023,1386
sá.-18-nov-23,18-nov-23,11,2023,1386
do.-19-nov-23,19-nov-23,11,2023,1386
lu.-20-nov-23,20-nov-23,11,2023,1410
ma.-21-nov-23,21-nov-23,11,2023,1400
mi.-22-nov-23,22-nov-23,11,2023,1403
ju.-23-nov-23,23-nov-23,11,2023,1403
vi.-24-nov-23,24-nov-23,11,2023,1385
sá.-25-nov-23,25-nov-23,11,2023,1385
do.-26-nov-23,26-nov-23,11,2023,1385
lu.-27-nov-23,27-nov-23,11,2023,1370
ma.-28-nov-23,28-nov-23,11,2023,1400
mi.-29-nov-23,29-nov-23,11,2023,1410
ju.-30-nov-23,30-nov-23,11,2023,1510
vi.-01-dic-23,01-dic-23,12,2023,1480
sá.-02-dic-23,02-dic-23,12,2023,1480
do.-03-dic-23,03-dic-23,12,2023,1480
lu.-04-dic-23,04-dic-23,12,2023,1455
ma.-05-dic-23,05-dic-23,12,2023,1483
mi.-06-dic-23,06-dic-23,12,2023,1413
ju.-07-dic-23,07-dic-23,12,2023,1428
vi.-08-dic-23,08-dic-23,12,2023,1425
sá.-09-dic-23,09-dic-23,12,2023,1425
do.-10-dic-23,10-dic-23,12,2023,1425
lu.-11-dic-23,11-dic-23,12,2023,1482
ma.-12-dic-23,12-dic-23,12,2023,1490
mi.-13-dic-23,13-dic-23,12,2023,1510
ju.-14-dic-23,14-dic-23,12,2023,1495
vi.-15-dic-23,15-dic-23,12,2023,1468
sá.-16-dic-23,16-dic-23,12,2023,1468
do.-17-dic-23,17-dic-23,12,2023,1468
lu.-18-dic-23,18-dic-23,12,2023,1475
ma.-19-dic-23,19-dic-23,12,2023,1565
mi.-20-dic-23,20-dic-23,12,2023,1467
ju.-21-dic-23,21-dic-23,12,2023,1500
vi.-22-dic-23,22-dic-23,12,2023,1472
sá.-23-dic-23,23-dic-23,12,2023,1472
do.-24-dic-23,24-dic-23,12,2023,1472
lu.-25-dic-23,25-dic-23,12,2023,1472
ma.-26-dic-23,26-dic-23,12,2023,1470
mi.-27-dic-23,27-dic-23,12,2023,1483
ju.-28-dic-23,28-dic-23,12,2023,1509
vi.-29-dic-23,29-dic-23,12,2023,1428
sá.-30-dic-23,30-dic-23,12,2023,1428
do.-31-dic-23,31-dic-23,12,2023,1428
lu.-01-ene-24,01-ene-24,01,2024,1428
ma.-02-ene-24,02-ene-24,01,2024,1445
mi.-03-ene-24,03-ene-24,01,2024,1432
ju.-04-ene-24,04-ene-24,01,2024,1432
vi.-05-ene-24,05-ene-24,01,2024,1395
sá.-06-ene-24,06-ene-24,01,2024,1395
do.-07-ene-24,07-ene-24,01,2024,1395
lu.-08-ene-24,08-ene-24,01,2024,1385
ma.-09-ene-24,09-ene-24,01,2024,1430
mi.-10-ene-24,10-ene-24,01,2024,1400
ju.-11-ene-24,11-ene-24,01,2024,1414
vi.-12-ene-24,12-ene-24,01,2024,1376
sá.-13-ene-24,13-ene-24,01,2024,1376
do.-14-ene-24,14-ene-24,01,2024,1376
lu.-15-ene-24,15-ene-24,01,2024,1376
ma.-16-ene-24,16-ene-24,01,2024,1426
mi.-17-ene-24,17-ene-24,01,2024,1384
ju.-18-ene-24,18-ene-24,01,2024,1372
vi.-19-ene-24,19-ene-24,01,2024,1415
sá.-20-ene-24,20-ene-24,01,2024,1415
do.-21-ene-24,21-ene-24,01,2024,1415
lu.-22-ene-24,22-ene-24,01,2024,1456
ma.-23-ene-24,23-ene-24,01,2024,1470
mi.-24-ene-24,24-ene-24,01,2024,1448
ju.-25-ene-24,25-ene-24,01,2024,1438
vi.-26-ene-24,26-ene-24,01,2024,1467
sá.-27-ene-24,27-ene-24,01,2024,1467
do.-28-ene-24,28-ene-24,01,2024,1467
lu.-29-ene-24,29-ene-24,01,2024,1453
ma.-30-ene-24,30-ene-24,01,2024,1481
mi.-31-ene-24,31-ene-24,01,2024,1484
ju.-01-feb-24,01-feb-24,02,2024,1474
vi.-02-feb-24,02-feb-24,02,2024,1486
sá.-03-feb-24,03-feb-24,02,2024,1486
do.-04-feb-24,04-feb-24,02,2024,1486
lu.-05-feb-24,05-feb-24,02,2024,1479
ma.-06-feb-24,06-feb-24,02,2024,1466
mi.-07-feb-24,07-feb-24,02,2024,1492
ju.-08-feb-24,08-feb-24,02,2024,1470
vi.-09-feb-24,09-feb-24,02,2024,1503
sá.-10-feb-24,10-feb-24,02,2024,1503
do.-11-feb-24,11-feb-24,02,2024,1503
lu.-12-feb-24,12-feb-24,02,2024,1496
ma.-13-feb-24,13-feb-24,02,2024,1476
mi.-14-feb-24,14-feb-24,02,2024,1430
ju.-15-feb-24,15-feb-24,02,2024,1441
vi.-16-feb-24,16-feb-24,02,2024,1448
sá.-17-feb-24,17-feb-24,02,2024,1448
do.-18-feb-24,18-feb-24,02,2024,1448
lu.-19-feb-24,19-feb-24,02,2024,1448
ma.-20-feb-24,20-feb-24,02,2024,1451
mi.-21-feb-24,21-feb-24,02,2024,1464
ju.-22-feb-24,22-feb-24,02,2024,1427
vi.-23-feb-24,23-feb-24,02,2024,1414
sá.-24-feb-24,24-feb-24,02,2024,1414
do.-25-feb-24,25-feb-24,02,2024,1414
lu.-26-feb-24,26-feb-24,02,2024,1411
ma.-27-feb-24,27-feb-24,02,2024,1426
mi.-28-feb-24,28-feb-24,02,2024,1412
ju.-29-feb-24,29-feb-24,02,2024,1433
vi.-01-mar-24,01-mar-24,03,2024,1430
sá.-02-mar-24,02-mar-24,03,2024,1430
do.-03-mar-24,03-mar-24,03,2024,1430
lu.-04-mar-24,04-mar-24,03,2024,1453
ma.-05-mar-24,05-mar-24,03,2024,1428
mi.-06-mar-24,06-mar-24,03,2024,1441
ju.-07-mar-24,07-mar-24,03,2024,1491
vi.-08-mar-24,08-mar-24,03,2024,1431
sá.-09-mar-24,09-mar-24,03,2024,1431
do.-10-mar-24,10-mar-24,03,2024,1431
lu.-11-mar-24,11-mar-24,03,2024,1432
ma.-12-mar-24,12-mar-24,03,2024,1445
mi.-13-mar-24,13-mar-24,03,2024,1420
ju.-14-mar-24,14-mar-24,03,2024,1424
vi.-15-mar-24,15-mar-24,03,2024,1415
sá.-16-mar-24,16-mar-24,03,2024,1415
do.-17-mar-24,17-mar-24,03,2024,1415
lu.-18-mar-24,18-mar-24,03,2024,1415
ma.-19-mar-24,19-mar-24,03,2024,1416
mi.-20-mar-24,20-mar-24,03,2024,1422
ju.-21-mar-24,21-mar-24,03,2024,1453
vi.-22-mar-24,22-mar-24,03,2024,1445
sá.-23-mar-24,23-mar-24,03,2024,1445
do.-24-mar-24,24-mar-24,03,2024,1445
lu.-25-mar-24,25-mar-24,03,2024,1452
ma.-26-mar-24,26-mar-24,03,2024,1453
mi.-27-mar-24,27-mar-24,03,2024,1480
ju.-28-mar-24,28-mar-24,03,2024,1464
vi.-29-mar-24,29-mar-24,03,2024,1464
sá.-30-mar-24,30-mar-24,03,2024,1464
do.-31-mar-24,31-mar-24,03,2024,1464
lu.-01-abr-24,01-abr-24,04,2024,1444
ma.-02-abr-24,02-abr-24,04,2024,1477
mi.-03-abr-24,03-abr-24,04,2024,1515
ju.-04-abr-24,04-abr-24,04,2024,1520
vi.-05-abr-24,05-abr-24,04,2024,1560
sá.-06-abr-24,06-abr-24,04,2024,1560
do.-07-abr-24,07-abr-24,04,2024,1560
lu.-08-abr-24,08-abr-24,04,2024,1544
ma.-09-abr-24,09-abr-24,04,2024,1566
mi.-10-abr-24,10-abr-24,04,2024,1586
ju.-11-abr-24,11-abr-24,04,2024,1630
vi.-12-abr-24,12-abr-24,04,2024,1665
sá.-13-abr-24,13-abr-24,04,2024,1665
do.-14-abr-24,14-abr-24,04,2024,1665
lu.-15-abr-24,15-abr-24,04,2024,1738
ma.-16-abr-24,16-abr-24,04,2024,1754
mi.-17-abr-24,17-abr-24,04,2024,1840
ju.-18-abr-24,18-abr-24,04,2024,1787
vi.-19-abr-24,19-abr-24,04,2024,1776
sá.-20-abr-24,20-abr-24,04,2024,1776
do.-21-abr-24,21-abr-24,04,2024,1776
lu.-22-abr-24,22-abr-24,04,2024,1744
ma.-23-abr-24,23-abr-24,04,2024,1695
mi.-24-abr-24,24-abr-24,04,2024,1741
ju.-25-abr-24,25-abr-24,04,2024,1766
vi.-26-abr-24,26-abr-24,04,2024,1708
sá.-27-abr-24,27-abr-24,04,2024,1708
do.-28-abr-24,28-abr-24,04,2024,1708
lu.-29-abr-24,29-abr-24,04,2024,1722
ma.-30-abr-24,30-abr-24,04,2024,1662
mi.-01-may-24,01-may-24,05,2024,1656
ju.-02-may-24,02-may-24,05,2024,1568
vi.-03-may-24,03-may-24,05,2024,1530
sá.-04-may-24,04-may-24,05,2024,1530
do.-05-may-24,05-may-24,05,2024,1530
lu.-06-may-24,06-may-24,05,2024,1485
ma.-07-may-24,07-may-24,05,2024,1493
mi.-08-may-24,08-may-24,05,2024,1505
ju.-09-may-24,09-may-24,05,2024,1539
vi.-10-may-24,10-may-24,05,2024,1536
sá.-11-may-24,11-may-24,05,2024,1536
do.-12-may-24,12-may-24,05,2024,1536
lu.-13-may-24,13-may-24,05,2024,1498
ma.-14-may-24,14-may-24,05,2024,1520
mi.-15-may-24,15-may-24,05,2024,1500
ju.-16-may-24,16-may-24,05,2024,1490
vi.-17-may-24,17-may-24,05,2024,1574
sá.-18-may-24,18-may-24,05,2024,1574
do.-19-may-24,19-may-24,05,2024,1574
lu.-20-may-24,20-may-24,05,2024,1568
ma.-21-may-24,21-may-24,05,2024,1648
mi.-22-may-24,22-may-24,05,2024,1678
ju.-23-may-24,23-may-24,05,2024,1659
vi.-24-may-24,24-may-24,05,2024,1683
sá.-25-may-24,25-may-24,05,2024,1683
do.-26-may-24,26-may-24,05,2024,1683
lu.-27-may-24,27-may-24,05,2024,1683
ma.-28-may-24,28-may-24,05,2024,1766
mi.-29-may-24,29-may-24,05,2024,1770
ju.-30-may-24,30-may-24,05,2024,1785
vi.-31-may-24,31-may-24,05,2024,1700
sá.-01-jun-24,01-jun-24,06,2024,1700
do.-02-jun-24,02-jun-24,06,2024,1700
lu.-03-jun-24,03-jun-24,06,2024,1733
ma.-04-jun-24,04-jun-24,06,2024,1823
mi.-05-jun-24,05-jun-24,06,2024,1810
ju.-06-jun-24,06-jun-24,06,2024,1825
vi.-07-jun-24,07-jun-24,06,2024,1755
sá.-08-jun-24,08-jun-24,06,2024,1755
do.-09-jun-24,09-jun-24,06,2024,1755
lu.-10-jun-24,10-jun-24,06,2024,1730
ma.-11-jun-24,11-jun-24,06,2024,1753
mi.-12-jun-24,12-jun-24,06,2024,1790
ju.-13-jun-24,13-jun-24,06,2024,1856
vi.-14-jun-24,14-jun-24,06,2024,1832
sá.-15-jun-24,15-jun-24,06,2024,1832
do.-16-jun-24,16-jun-24,06,2024,1832
lu.-17-jun-24,17-jun-24,06,2024,1856
ma.-18-jun-24,18-jun-24,06,2024,1856
mi.-19-jun-24,19-jun-24,06,2024,1856
ju.-20-jun-24,20-jun-24,06,2024,1902
vi.-21-jun-24,21-jun-24,06,2024,1846
sá.-22-jun-24,22-jun-24,06,2024,1846
do.-23-jun-24,23-jun-24,06,2024,1846
lu.-24-jun-24,24-jun-24,06,2024,1910
ma.-25-jun-24,25-jun-24,06,2024,1856
mi.-26-jun-24,26-jun-24,06,2024,1830
ju.-27-jun-24,27-jun-24,06,2024,1861
vi.-28-jun-24,28-jun-24,06,2024,1855
sá.-29-jun-24,29-jun-24,06,2024,1855
do.-30-jun-24,30-jun-24,06,2024,1855
lu.-01-jul-24,01-jul-24,07,2024,1839
ma.-02-jul-24,02-jul-24,07,2024,1857
mi.-03-jul-24,03-jul-24,07,2024,1820
ju.-04-jul-24,04-jul-24,07,2024,1820
vi.-05-jul-24,05-jul-24,07,2024,1850
sá.-06-jul-24,06-jul-24,07,2024,1850
do.-07-jul-24,07-jul-24,07,2024,1850
lu.-08-jul-24,08-jul-24,07,2024,1880
ma.-09-jul-24,09-jul-24,07,2024,1981
mi.-10-jul-24,10-jul-24,07,2024,1905
ju.-11-jul-24,11-jul-24,07,2024,1922
vi.-12-jul-24,12-jul-24,07,2024,1925
sá.-13-jul-24,13-jul-24,07,2024,1925
do.-14-jul-24,14-jul-24,07,2024,1925
lu.-15-jul-24,15-jul-24,07,2024,1882
ma.-16-jul-24,16-jul-24,07,2024,1912
mi.-17-jul-24,17-jul-24,07,2024,1914
ju.-18-jul-24,18-jul-24,07,2024,1919
vi.-19-jul-24,19-jul-24,07,2024,1893
sá.-20-jul-24,20-jul-24,07,2024,1893
do.-21-jul-24,21-jul-24,07,2024,1893
lu.-22-jul-24,22-jul-24,07,2024,1915
ma.-23-jul-24,23-jul-24,07,2024,1892
mi.-24-jul-24,24-jul-24,07,2024,1838
ju.-25-jul-24,25-jul-24,07,2024,1863
vi.-26-jul-24,26-jul-24,07,2024,1823
sá.-27-jul-24,27-jul-24,07,2024,1823
do.-28-jul-24,28-jul-24,07,2024,1823
lu.-29-jul-24,29-jul-24,07,2024,1846
ma.-30-jul-24,30-jul-24,07,2024,1855
mi.-31-jul-24,31-jul-24,07,2024,1835
ju.-01-ago-24,01-ago-24,08,2024,1828
vi.-02-ago-24,02-ago-24,08,2024,1879
sá.-03-ago-24,03-ago-24,08,2024,1879
do.-04-ago-24,04-ago-24,08,2024,1879
lu.-05-ago-24,05-ago-24,08,2024,1850
ma.-06-ago-24,06-ago-24,08,2024,1930
mi.-07-ago-24,07-ago-24,08,2024,2015
ju.-08-ago-24,08-ago-24,08,2024,1968
vi.-09-ago-24,09-ago-24,08,2024,1880
sá.-10-ago-24,10-ago-24,08,2024,1880
do.-11-ago-24,11-ago-24,08,2024,1880
lu.-12-ago-24,12-ago-24,08,2024,1925
ma.-13-ago-24,13-ago-24,08,2024,1850
mi.-14-ago-24,14-ago-24,08,2024,1868
ju.-15-ago-24,15-ago-24,08,2024,1892
vi.-16-ago-24,16-ago-24,08,2024,1950
sá.-17-ago-24,17-ago-24,08,2024,1950
do.-18-ago-24,18-ago-24,08,2024,1950
lu.-19-ago-24,19-ago-24,08,2024,1951
ma.-20-ago-24,20-ago-24,08,2024,1976
mi.-21-ago-24,21-ago-24,08,2024,1993
ju.-22-ago-24,22-ago-24,08,2024,1957
vi.-23-ago-24,23-ago-24,08,2024,1975
sá.-24-ago-24,24-ago-24,08,2024,1975
do.-25-ago-24,25-ago-24,08,2024,1975
lu.-26-ago-24,26-ago-24,08,2024,1994
ma.-27-ago-24,27-ago-24,08,2024,2045
mi.-28-ago-24,28-ago-24,08,2024,2085
ju.-29-ago-24,29-ago-24,08,2024,2022
vi.-30-ago-24,30-ago-24,08,2024,2021
sá.-31-ago-24,31-ago-24,08,2024,2021
do.-01-sep-24,01-sep-24,09,2024,2021
lu.-02-sep-24,02-sep-24,09,2024,2021
ma.-03-sep-24,03-sep-24,09,2024,2015
mi.-04-sep-24,04-sep-24,09,2024,2018
ju.-05-sep-24,05-sep-24,09,2024,2016
vi.-06-sep-24,06-sep-24,09,2024,1953
sá.-07-sep-24,07-sep-24,09,2024,1953
do.-08-sep-24,08-sep-24,09,2024,1953
lu.-09-sep-24,09-sep-24,09,2024,2067
ma.-10-sep-24,10-sep-24,09,2024,2101
mi.-11-sep-24,11-sep-24,09,2024,2091
ju.-12-sep-24,12-sep-24,09,2024,2086
vi.-13-sep-24,13-sep-24,09,2024,2160
sá.-14-sep-24,14-sep-24,09,2024,2160
do.-15-sep-24,15-sep-24,09,2024,2160
lu.-16-sep-24,16-sep-24,09,2024,2175
ma.-17-sep-24,17-sep-24,09,2024,2210
mi.-18-sep-24,18-sep-24,09,2024,2193
ju.-19-sep-24,19-sep-24,09,2024,2161
vi.-20-sep-24,20-sep-24,09,2024,2064
sá.-21-sep-24,21-sep-24,09,2024,2064
do.-22-sep-24,22-sep-24,09,2024,2064
lu.-23-sep-24,23-sep-24,09,2024,2179
ma.-24-sep-24,24-sep-24,09,2024,2213
mi.-25-sep-24,25-sep-24,09,2024,2246
ju.-26-sep-24,26-sep-24,09,2024,2266
vi.-27-sep-24,27-sep-24,09,2024,2244
sá.-28-sep-24,28-sep-24,09,2024,2244
do.-29-sep-24,29-sep-24,09,2024,2244
lu.-30-sep-24,30-sep-24,09,2024,2265
ma.-01-oct-24,01-oct-24,10,2024,2230
mi.-02-oct-24,02-oct-24,10,2024,2145
ju.-03-oct-24,03-oct-24,10,2024,2110
vi.-04-oct-24,04-oct-24,10,2024,2146
sá.-05-oct-24,05-oct-24,10,2024,2146
do.-06-oct-24,06-oct-24,10,2024,2146
lu.-07-oct-24,07-oct-24,10,2024,2065
ma.-08-oct-24,08-oct-24,10,2024,2100
mi.-09-oct-24,09-oct-24,10,2024,2125
ju.-10-oct-24,10-oct-24,10,2024,2150
vi.-11-oct-24,11-oct-24,10,2024,2135
sá.-12-oct-24,12-oct-24,10,2024,2135
do.-13-oct-24,13-oct-24,10,2024,2135
lu.-14-oct-24,14-oct-24,10,2024,2220
ma.-15-oct-24,15-oct-24,10,2024,2195
mi.-16-oct-24,16-oct-24,10,2024,2217
ju.-17-oct-24,17-oct-24,10,2024,2185
vi.-18-oct-24,18-oct-24,10,2024,2230
sá.-19-oct-24,19-oct-24,10,2024,2230
do.-20-oct-24,20-oct-24,10,2024,2230
lu.-21-oct-24,21-oct-24,10,2024,2185
ma.-22-oct-24,22-oct-24,10,2024,2165
mi.-23-oct-24,23-oct-24,10,2024,2215
ju.-24-oct-24,24-oct-24,10,2024,2142
vi.-25-oct-24,25-oct-24,10,2024,2180
sá.-26-oct-24,26-oct-24,10,2024,2180
do.-27-oct-24,27-oct-24,10,2024,2180
lu.-28-oct-24,28-oct-24,10,2024,2215
ma.-29-oct-24,29-oct-24,10,2024,2205
mi.-30-oct-24,30-oct-24,10,2024,2230
ju.-31-oct-24,31-oct-24,10,2024,2200
vi.-01-nov-24,01-nov-24,11,2024,2175
sá.-02-nov-24,02-nov-24,11,2024,2175
do.-03-nov-24,03-nov-24,11,2024,2175
lu.-04-nov-24,04-nov-24,11,2024,2200
ma.-05-nov-24,05-nov-24,11,2024,2223
mi.-06-nov-24,06-nov-24,11,2024,2214
ju.-07-nov-24,07-nov-24,11,2024,2260
vi.-08-nov-24,08-nov-24,11,2024,2225
sá.-09-nov-24,09-nov-24,11,2024,2225
do.-10-nov-24,10-nov-24,11,2024,2225
lu.-11-nov-24,11-nov-24,11,2024,2250
ma.-12-nov-24,12-nov-24,11,2024,2360
mi.-13-nov-24,13-nov-24,11,2024,2430
ju.-14-nov-24,14-nov-24,11,2024,2505
vi.-15-nov-24,15-nov-24,11,2024,2509
sá.-16-nov-24,16-nov-24,11,2024,2509
do.-17-nov-24,17-nov-24,11,2024,2509
lu.-18-nov-24,18-nov-24,11,2024,2480
ma.-19-nov-24,19-nov-24,11,2024,2465
mi.-20-nov-24,20-nov-24,11,2024,2570
ju.-21-nov-24,21-nov-24,11,2024,2595
vi.-22-nov-24,22-nov-24,11,2024,2650
sá.-23-nov-24,23-nov-24,11,2024,2650
do.-24-nov-24,24-nov-24,11,2024,2650
lu.-25-nov-24,25-nov-24,11,2024,2652
ma.-26-nov-24,26-nov-24,11,2024,2700
mi.-27-nov-24,27-nov-24,11,2024,2785
ju.-28-nov-24,28-nov-24,11,2024,2785
vi.-29-nov-24,29-nov-24,11,2024,2773
sá.-30-nov-24,30-nov-24,11,2024,2773
do.-01-dic-24,01-dic-24,12,2024,2773
lu.-02-dic-24,02-dic-24,12,2024,2585
ma.-03-dic-24,03-dic-24,12,2024,2568
mi.-04-dic-24,04-dic-24,12,2024,2626
ju.-05-dic-24,05-dic-24,12,2024,2715
vi.-06-dic-24,06-dic-24,12,2024,2860
sá.-07-dic-24,07-dic-24,12,2024,2860
do.-08-dic-24,08-dic-24,12,2024,2860
lu.-09-dic-24,09-dic-24,12,2024,2832
ma.-10-dic-24,10-dic-24,12,2024,2865
mi.-11-dic-24,11-dic-24,12,2024,2723
ju.-12-dic-24,12-dic-24,12,2024,2730
vi.-13-dic-24,13-dic-24,12,2024,2695
sá.-14-dic-24,14-dic-24,12,2024,2695
do.-15-dic-24,15-dic-24,12,2024,2695
lu.-16-dic-24,16-dic-24,12,2024,2770
ma.-17-dic-24,17-dic-24,12,2024,2762
mi.-18-dic-24,18-dic-24,12,2024,2850
ju.-19-dic-24,19-dic-24,12,2024,2775
vi.-20-dic-24,20-dic-24,12,2024,2790
sá.-21-dic-24,21-dic-24,12,2024,2790
do.-22-dic-24,22-dic-24,12,2024,2790
lu.-23-dic-24,23-dic-24,12,2024,2830
ma.-24-dic-24,24-dic-24,12,2024,2812
mi.-25-dic-24,25-dic-24,12,2024,2812
ju.-26-dic-24,26-dic-24,12,2024,2790
vi.-27-dic-24,27-dic-24,12,2024,2781
sá.-28-dic-24,28-dic-24,12,2024,2781
do.-29-dic-24,29-dic-24,12,2024,2781
lu.-30-dic-24,30-dic-24,12,2024,2763
ma.-31-dic-24,31-dic-24,12,2024,2752
mi.-01-ene-25,01-ene-25,01,2025,2752
ju.-02-ene-25,02-ene-25,01,2025,2798
vi.-03-ene-25,03-ene-25,01,2025,2704
sá.-04-ene-25,04-ene-25,01,2025,2704
do.-05-ene-25,05-ene-25,01,2025,2704
lu.-06-ene-25,06-ene-25,01,2025,2674
ma.-07-ene-25,07-ene-25,01,2025,2684
mi.-08-ene-25,08-ene-25,01,2025,2630
ju.-09-ene-25,09-ene-25,01,2025,2644
vi.-10-ene-25,10-ene-25,01,2025,2697
sá.-11-ene-25,11-ene-25,01,2025,2697
do.-12-ene-25,12-ene-25,01,2025,2697
lu.-13-ene-25,13-ene-25,01,2025,2690
ma.-14-ene-25,14-ene-25,01,2025,2646
mi.-15-ene-25,15-ene-25,01,2025,2728
ju.-16-ene-25,16-ene-25,01,2025,2725
vi.-17-ene-25,17-ene-25,01,2025,2732
sá.-18-ene-25,18-ene-25,01,2025,2732
do.-19-ene-25,19-ene-25,01,2025,2732
lu.-20-ene-25,20-ene-25,01,2025,2732
ma.-21-ene-25,21-ene-25,01,2025,2706
mi.-22-ene-25,22-ene-25,01,2025,2802
ju.-23-ene-25,23-ene-25,01,2025,2798
vi.-24-ene-25,24-ene-25,01,2025,2786
sá.-25-ene-25,25-ene-25,01,2025,2786
do.-26-ene-25,26-ene-25,01,2025,2786
lu.-27-ene-25,27-ene-25,01,2025,2805
ma.-28-ene-25,28-ene-25,01,2025,2881
mi.-29-ene-25,29-ene-25,01,2025,2905
ju.-30-ene-25,30-ene-25,01,2025,2932
vi.-31-ene-25,31-ene-25,01,2025,3000
sá.-01-feb-25,01-feb-25,02,2025,3000
do.-02-feb-25,02-feb-25,02,2025,3000
lu.-03-feb-25,03-feb-25,02,2025,2986
ma.-04-feb-25,04-feb-25,02,2025,3009
mi.-05-feb-25,05-feb-25,02,2025,3133
ju.-06-feb-25,06-feb-25,02,2025,3159
vi.-07-feb-25,07-feb-25,02,2025,3147
sá.-08-feb-25,08-feb-25,02,2025,3147
do.-09-feb-25,09-feb-25,02,2025,3147
lu.-10-feb-25,10-feb-25,02,2025,3360
ma.-11-feb-25,11-feb-25,02,2025,3218
mi.-12-feb-25,12-feb-25,02,2025,3362
ju.-13-feb-25,13-feb-25,02,2025,3380
vi.-14-feb-25,14-feb-25,02,2025,3219
sá.-15-feb-25,15-feb-25,02,2025,3219
do.-16-feb-25,16-feb-25,02,2025,3219
lu.-17-feb-25,17-feb-25,02,2025,3219
ma.-18-feb-25,18-feb-25,02,2025,3176
mi.-19-feb-25,19-feb-25,02,2025,3239
ju.-20-feb-25,20-feb-25,02,2025,3037
vi.-21-feb-25,21-feb-25,02,2025,3037
sá.-22-feb-25,22-feb-25,02,2025,3037
do.-23-feb-25,23-feb-25,02,2025,3037
lu.-24-feb-25,24-feb-25,02,2025,3030
ma.-25-feb-25,25-feb-25,02,2025,2963
mi.-26-feb-25,26-feb-25,02,2025,2939
ju.-27-feb-25,27-feb-25,02,2025,2945
vi.-28-feb-25,28-feb-25,02,2025,2956
sá.-01-mar-25,01-mar-25,03,2025,2956
do.-02-mar-25,02-mar-25,03,2025,2956
lu.-03-mar-25,03-mar-25,03,2025,3042
ma.-04-mar-25,04-mar-25,03,2025,3181
mi.-05-mar-25,05-mar-25,03,2025,3239
ju.-06-mar-25,06-mar-25,03,2025,3040
vi.-07-mar-25,07-mar-25,03,2025,3038
sá.-08-mar-25,08-mar-25,03,2025,3038
do.-09-mar-25,09-mar-25,03,2025,3038
lu.-10-mar-25,10-mar-25,03,2025,3067
ma.-11-mar-25,11-mar-25,03,2025,3116
mi.-12-mar-25,12-mar-25,03,2025,3038
ju.-13-mar-25,13-mar-25,03,2025,3044
vi.-14-mar-25,14-mar-25,03,2025,2955
sá.-15-mar-25,15-mar-25,03,2025,2955
do.-16-mar-25,16-mar-25,03,2025,2955
lu.-17-mar-25,17-mar-25,03,2025,2988
ma.-18-mar-25,18-mar-25,03,2025,3016
mi.-19-mar-25,19-mar-25,03,2025,3111
ju.-20-mar-25,20-mar-25,03,2025,3125
vi.-21-mar-25,21-mar-25,03,2025,3099
sá.-22-mar-25,22-mar-25,03,2025,3099
do.-23-mar-25,23-mar-25,03,2025,3099
lu.-24-mar-25,24-mar-25,03,2025,3118
ma.-25-mar-25,25-mar-25,03,2025,3127
mi.-26-mar-25,26-mar-25,03,2025,3091
ju.-27-mar-25,27-mar-25,03,2025,3010
vi.-28-mar-25,28-mar-25,03,2025,3040
sá.-29-mar-25,29-mar-25,03,2025,3040
do.-30-mar-25,30-mar-25,03,2025,3040
lu.-31-mar-25,31-mar-25,03,2025,3027
ma.-01-abr-25,01-abr-25,04,2025,3081
mi.-02-abr-25,02-abr-25,04,2025,3085
ju.-03-abr-25,03-abr-25,04,2025,3057
vi.-04-abr-25,04-abr-25,04,2025,2971
sá.-05-abr-25,05-abr-25,04,2025,2971
do.-06-abr-25,06-abr-25,04,2025,2971
lu.-07-abr-25,07-abr-25,04,2025,2867
ma.-08-abr-25,08-abr-25,04,2025,2877
mi.-09-abr-25,09-abr-25,04,2025,2804
ju.-10-abr-25,10-abr-25,04,2025,2824
vi.-11-abr-25,11-abr-25,04,2025,2880
sá.-12-abr-25,12-abr-25,04,2025,2880
do.-13-abr-25,13-abr-25,04,2025,2880
lu.-14-abr-25,14-abr-25,04,2025,2943
ma.-15-abr-25,15-abr-25,04,2025,3051
mi.-16-abr-25,16-abr-25,04,2025,3070
ju.-17-abr-25,17-abr-25,04,2025,3059
vi.-18-abr-25,18-abr-25,04,2025,3059
sá.-19-abr-25,19-abr-25,04,2025,3059
do.-20-abr-25,20-abr-25,04,2025,3059
lu.-21-abr-25,21-abr-25,04,2025,2971
ma.-22-abr-25,22-abr-25,04,2025,3049
mi.-23-abr-25,23-abr-25,04,2025,3172
ju.-24-abr-25,24-abr-25,04,2025,3256
vi.-25-abr-25,25-abr-25,04,2025,3230
sá.-26-abr-25,26-abr-25,04,2025,3230
do.-27-abr-25,27-abr-25,04,2025,3230
lu.-28-abr-25,28-abr-25,04,2025,3311
ma.-29-abr-25,29-abr-25,04,2025,3197
mi.-30-abr-25,30-abr-25,04,2025,3239
ju.-01-may-25,01-may-25,05,2025,3100
vi.-02-may-25,02-may-25,05,2025,3129
sá.-03-may-25,03-may-25,05,2025,3129
do.-04-may-25,04-may-25,05,2025,3129
lu.-05-may-25,05-may-25,05,2025,3207
ma.-06-may-25,06-may-25,05,2025,3233
mi.-07-may-25,07-may-25,05,2025,3175
ju.-08-may-25,08-may-25,05,2025,3185
vi.-09-may-25,09-may-25,05,2025,3180
sá.-10-may-25,10-may-25,05,2025,3180
do.-11-may-25,11-may-25,05,2025,3180
lu.-12-may-25,12-may-25,05,2025,3050
ma.-13-may-25,13-may-25,05,2025,3076
mi.-14-may-25,14-may-25,05,2025,2965
ju.-15-may-25,15-may-25,05,2025,3072
vi.-16-may-25,16-may-25,05,2025,2973
sá.-17-may-25,17-may-25,05,2025,2973
do.-18-may-25,18-may-25,05,2025,2973
lu.-19-may-25,19-may-25,05,2025,3049
ma.-20-may-25,20-may-25,05,2025,2997
mi.-21-may-25,21-may-25,05,2025,3014
ju.-22-may-25,22-may-25,05,2025,2930
vi.-23-may-25,23-may-25,05,2025,2917
sá.-24-may-25,24-may-25,05,2025,2917
do.-25-may-25,25-may-25,05,2025,2917
lu.-26-may-25,26-may-25,05,2025,2917
ma.-27-may-25,27-may-25,05,2025,2893
mi.-28-may-25,28-may-25,05,2025,2822
ju.-29-may-25,29-may-25,05,2025,2791
vi.-30-may-25,30-may-25,05,2025,2763
sá.-31-may-25,31-may-25,05,2025,2763
do.-01-jun-25,01-jun-25,06,2025,2763
lu.-02-jun-25,02-jun-25,06,2025,2783
ma.-03-jun-25,03-jun-25,06,2025,2719
mi.-04-jun-25,04-jun-25,06,2025,2775
ju.-05-jun-25,05-jun-25,06,2025,2900
vi.-06-jun-25,06-jun-25,06,2025,2895
sá.-07-jun-25,07-jun-25,06,2025,2895
do.-08-jun-25,08-jun-25,06,2025,2895
lu.-09-jun-25,09-jun-25,06,2025,2950
ma.-10-jun-25,10-jun-25,06,2025,2940
mi.-11-jun-25,11-jun-25,06,2025,2890
ju.-12-jun-25,12-jun-25,06,2025,2850
vi.-13-jun-25,13-jun-25,06,2025,2848
sá.-14-jun-25,14-jun-25,06,2025,2848
do.-15-jun-25,15-jun-25,06,2025,2848
lu.-16-jun-25,16-jun-25,06,2025,2770
ma.-17-jun-25,17-jun-25,06,2025,2700
mi.-18-jun-25,18-jun-25,06,2025,2590
ju.-19-jun-25,19-jun-25,06,2025,2590
vi.-20-jun-25,20-jun-25,06,2025,2555
sá.-21-jun-25,21-jun-25,06,2025,2555
do.-22-jun-25,22-jun-25,06,2025,2555
lu.-23-jun-25,23-jun-25,06,2025,2652
ma.-24-jun-25,24-jun-25,06,2025,2515
mi.-25-jun-25,25-jun-25,06,2025,2450
ju.-26-jun-25,26-jun-25,06,2025,2445
vi.-27-jun-25,27-jun-25,06,2025,2467
sá.-28-jun-25,28-jun-25,06,2025,2467
do.-29-jun-25,29-jun-25,06,2025,2467
lu.-30-jun-25,30-jun-25,06,2025,2440
ma.-01-jul-25,01-jul-25,07,2025,2328
mi.-02-jul-25,02-jul-25,07,2025,2300
ju.-03-jul-25,03-jul-25,07,2025,2285
vi.-04-jul-25,04-jul-25,07,2025,2285
sá.-05-jul-25,05-jul-25,07,2025,2285
do.-06-jul-25,06-jul-25,07,2025,2285
lu.-07-jul-25,07-jul-25,07,2025,2225
ma.-08-jul-25,08-jul-25,07,2025,2290
mi.-09-jul-25,09-jul-25,07,2025,2253
ju.-10-jul-25,10-jul-25,07,2025,2286
vi.-11-jul-25,11-jul-25,07,2025,2270
sá.-12-jul-25,12-jul-25,07,2025,2270
do.-13-jul-25,13-jul-25,07,2025,2270
lu.-14-jul-25,14-jul-25,07,2025,2397
ma.-15-jul-25,15-jul-25,07,2025,2377
mi.-16-jul-25,16-jul-25,07,2025,2460
ju.-17-jul-25,17-jul-25,07,2025,2451
vi.-18-jul-25,18-jul-25,07,2025,2422
sá.-19-jul-25,19-jul-25,07,2025,2422
do.-20-jul-25,20-jul-25,07,2025,2422
lu.-21-jul-25,21-jul-25,07,2025,2340
ma.-22-jul-25,22-jul-25,07,2025,2395
mi.-23-jul-25,23-jul-25,07,2025,2430
ju.-24-jul-25,24-jul-25,07,2025,2478
vi.-25-jul-25,25-jul-25,07,2025,2457
sá.-26-jul-25,26-jul-25,07,2025,2457
do.-27-jul-25,27-jul-25,07,2025,2457
lu.-28-jul-25,28-jul-25,07,2025,2507
ma.-29-jul-25,29-jul-25,07,2025,2450
mi.-30-jul-25,30-jul-25,07,2025,2447
ju.-31-jul-25,31-jul-25,07,2025,2466
vi.-01-ago-25,01-ago-25,08,2025,2336
sá.-02-ago-25,02-ago-25,08,2025,2336
do.-03-ago-25,03-ago-25,08,2025,2336
lu.-04-ago-25,04-ago-25,08,2025,2356
ma.-05-ago-25,05-ago-25,08,2025,2438
mi.-06-ago-25,06-ago-25,08,2025,2392
ju.-07-ago-25,07-ago-25,08,2025,2428
vi.-08-ago-25,08-ago-25,08,2025,2526
sá.-09-ago-25,09-ago-25,08,2025,2526
do.-10-ago-25,10-ago-25,08,2025,2526
lu.-11-ago-25,11-ago-25,08,2025,2610
ma.-12-ago-25,12-ago-25,08,2025,2553
mi.-13-ago-25,13-ago-25,08,2025,2596
ju.-14-ago-25,14-ago-25,08,2025,2670
vi.-15-ago-25,15-ago-25,08,2025,2767
sá.-16-ago-25,16-ago-25,08,2025,2767
do.-17-ago-25,17-ago-25,08,2025,2767
lu.-18-ago-25,18-ago-25,08,2025,2780
ma.-19-ago-25,19-ago-25,08,2025,2865
mi.-20-ago-25,20-ago-25,08,2025,2895
ju.-21-ago-25,21-ago-25,08,2025,3000
vi.-22-ago-25,22-ago-25,08,2025,3095
sá.-23-ago-25,23-ago-25,08,2025,3095
do.-24-ago-25,24-ago-25,08,2025,3095
lu.-25-ago-25,25-ago-25,08,2025,3096
ma.-26-ago-25,26-ago-25,08,2025,3063
mi.-27-ago-25,27-ago-25,08,2025,3140
ju.-28-ago-25,28-ago-25,08,2025,3070
vi.-29-ago-25,29-ago-25,08,2025,3125
sá.-30-ago-25,30-ago-25,08,2025,3125
do.-31-ago-25,31-ago-25,08,2025,3125
lu.-01-sep-25,01-sep-25,09,2025,3125
ma.-02-sep-25,02-sep-25,09,2025,2983
mi.-03-sep-25,03-sep-25,09,2025,3012
ju.-04-sep-25,04-sep-25,09,2025,3004
vi.-05-sep-25,05-sep-25,09,2025,2977
sá.-06-sep-25,06-sep-25,09,2025,2977
do.-07-sep-25,07-sep-25,09,2025,2977
lu.-08-sep-25,08-sep-25,09,2025,3045
ma.-09-sep-25,09-sep-25,09,2025,3005
mi.-10-sep-25,10-sep-25,09,2025,3048
ju.-11-sep-25,11-sep-25,09,2025,3013
vi.-12-sep-25,12-sep-25,09,2025,3100
sá.-13-sep-25,13-sep-25,09,2025,3100
do.-14-sep-25,14-sep-25,09,2025,3100
lu.-15-sep-25,15-sep-25,09,2025,3265
ma.-16-sep-25,16-sep-25,09,2025,3170
mi.-17-sep-25,17-sep-25,09,2025,2905
ju.-18-sep-25,18-sep-25,09,2025,2960
vi.-19-sep-25,19-sep-25,09,2025,2820
sá.-20-sep-25,20-sep-25,09,2025,2820
do.-21-sep-25,21-sep-25,09,2025,2820
lu.-22-sep-25,22-sep-25,09,2025,2820
ma.-23-sep-25,23-sep-25,09,2025,2689
mi.-24-sep-25,24-sep-25,09,2025,2841
ju.-25-sep-25,25-sep-25,09,2025,2881
vi.-26-sep-25,26-sep-25,09,2025,2920
sá.-27-sep-25,27-sep-25,09,2025,2920
do.-28-sep-25,28-sep-25,09,2025,2920
lu.-29-sep-25,29-sep-25,09,2025,2878
ma.-30-sep-25,30-sep-25,09,2025,2889
mi.-01-oct-25,01-oct-25,10,2025,2928
ju.-02-oct-25,02-oct-25,10,2025,2886
vi.-03-oct-25,03-oct-25,10,2025,2973
sá.-04-oct-25,04-oct-25,10,2025,2973
do.-05-oct-25,05-oct-25,10,2025,2973
lu.-06-oct-25,06-oct-25,10,2025,2890
ma.-07-oct-25,07-oct-25,10,2025,2856
mi.-08-oct-25,08-oct-25,10,2025,2947
ju.-09-oct-25,09-oct-25,10,2025,2878
vi.-10-oct-25,10-oct-25,10,2025,2873
sá.-11-oct-25,11-oct-25,10,2025,2873
do.-12-oct-25,12-oct-25,10,2025,2873
lu.-13-oct-25,13-oct-25,10,2025,2972
ma.-14-oct-25,14-oct-25,10,2025,3088
mi.-15-oct-25,15-oct-25,10,2025,3015
ju.-16-oct-25,16-oct-25,10,2025,2967
vi.-17-oct-25,17-oct-25,10,2025,2972
sá.-18-oct-25,18-oct-25,10,2025,2972
do.-19-oct-25,19-oct-25,10,2025,2972
lu.-20-oct-25,20-oct-25,10,2025,3079
ma.-21-oct-25,21-oct-25,10,2025,3143
mi.-22-oct-25,22-oct-25,10,2025,3176
ju.-23-oct-25,23-oct-25,10,2025,3070
vi.-24-oct-25,24-oct-25,10,2025,2974
sá.-25-oct-25,25-oct-25,10,2025,2974
do.-26-oct-25,26-oct-25,10,2025,2974
lu.-27-oct-25,27-oct-25,10,2025,2848
ma.-28-oct-25,28-oct-25,10,2025,2869
mi.-29-oct-25,29-oct-25,10,2025,2872
ju.-30-oct-25,30-oct-25,10,2025,2875
vi.-31-oct-25,31-oct-25,10,2025,2868
sá.-01-nov-25,01-nov-25,11,2025,2868
do.-02-nov-25,02-nov-25,11,2025,2868
lu.-03-nov-25,03-nov-25,11,2025,2982
ma.-04-nov-25,04-nov-25,11,2025,2976
mi.-05-nov-25,05-nov-25,11,2025,3022
ju.-06-nov-25,06-nov-25,11,2025,2854
vi.-07-nov-25,07-nov-25,11,2025,2938
sá.-08-nov-25,08-nov-25,11,2025,2938
do.-09-nov-25,09-nov-25,11,2025,2938
lu.-10-nov-25,10-nov-25,11,2025,2966
ma.-11-nov-25,11-nov-25,11,2025,3030
mi.-12-nov-25,12-nov-25,11,2025,2830
ju.-13-nov-25,13-nov-25,11,2025,2840
vi.-14-nov-25,14-nov-25,11,2025,2840
sá.-15-nov-25,15-nov-25,11,2025,2840
do.-16-nov-25,16-nov-25,11,2025,2840
lu.-17-nov-25,17-nov-25,11,2025,2860
ma.-18-nov-25,18-nov-25,11,2025,2917
mi.-19-nov-25,19-nov-25,11,2025,2812
ju.-20-nov-25,20-nov-25,11,2025,2860
vi.-21-nov-25,21-nov-25,11,2025,2830
sá.-22-nov-25,22-nov-25,11,2025,2830
do.-23-nov-25,23-nov-25,11,2025,2830
lu.-24-nov-25,24-nov-25,11,2025,2882
ma.-25-nov-25,25-nov-25,11,2025,2942
mi.-26-nov-25,26-nov-25,11,2025,2852
ju.-27-nov-25,27-nov-25,11,2025,2852
vi.-28-nov-25,28-nov-25,11,2025,2884
sá.-29-nov-25,29-nov-25,11,2025,2884
do.-30-nov-25,30-nov-25,11,2025,2884
lu.-01-dic-25,01-dic-25,12,2025,2916
ma.-02-dic-25,02-dic-25,12,2025,2863
mi.-03-dic-25,03-dic-25,12,2025,2820
ju.-04-dic-25,04-dic-25,12,2025,2910
vi.-05-dic-25,05-dic-25,12,2025,2897
sá.-06-dic-25,06-dic-25,12,2025,2897
do.-07-dic-25,07-dic-25,12,2025,2897
lu.-08-dic-25,08-dic-25,12,2025,2830
ma.-09-dic-25,09-dic-25,12,2025,2868
mi.-10-dic-25,10-dic-25,12,2025,2877
ju.-11-dic-25,11-dic-25,12,2025,2878
vi.-12-dic-25,12-dic-25,12,2025,2826
sá.-13-dic-25,13-dic-25,12,2025,2826
do.-14-dic-25,14-dic-25,12,2025,2826
lu.-15-dic-25,15-dic-25,12,2025,2777
ma.-16-dic-25,16-dic-25,12,2025,2721
mi.-17-dic-25,17-dic-25,12,2025,2700
ju.-18-dic-25,18-dic-25,12,2025,2676
vi.-19-dic-25,19-dic-25,12,2025,2617
sá.-20-dic-25,20-dic-25,12,2025,2617
do.-21-dic-25,21-dic-25,12,2025,2617
lu.-22-dic-25,22-dic-25,12,2025,2647
ma.-23-dic-25,23-dic-25,12,2025,2623
mi.-24-dic-25,24-dic-25,12,2025,2598
ju.-25-dic-25,25-dic-25,12,2025,2598
vi.-26-dic-25,26-dic-25,12,2025,2600
sá.-27-dic-25,27-dic-25,12,2025,2600
do.-28-dic-25,28-dic-25,12,2025,2600
lu.-29-dic-25,29-dic-25,12,2025,2662
ma.-30-dic-25,30-dic-25,12,2025,2665
mi.-31-dic-25,31-dic-25,12,2025,2653
ju.-01-ene-26,01-ene-26,01,2026,2653
vi.-02-ene-26,02-ene-26,01,2026,2714
sá.-03-ene-26,03-ene-26,01,2026,2714
do.-04-ene-26,04-ene-26,01,2026,2714
lu.-05-ene-26,05-ene-26,01,2026,2704
ma.-06-ene-26,06-ene-26,01,2026,2800
mi.-07-ene-26,07-ene-26,01,2026,2830
ju.-08-ene-26,08-ene-26,01,2026,2784
vi.-09-ene-26,09-ene-26,01,2026,2677
sá.-10-ene-26,10-ene-26,01,2026,2677
do.-11-ene-26,11-ene-26,01,2026,2677
lu.-12-ene-26,12-ene-26,01,2026,2665
ma.-13-ene-26,13-ene-26,01,2026,2633
mi.-14-ene-26,14-ene-26,01,2026,2638
ju.-15-ene-26,15-ene-26,01,2026,2659
vi.-16-ene-26,16-ene-26,01,2026,2636
sá.-17-ene-26,17-ene-26,01,2026,2636
do.-18-ene-26,18-ene-26,01,2026,2636
lu.-19-ene-26,19-ene-26,01,2026,2636
ma.-20-ene-26,20-ene-26,01,2026,2561
mi.-21-ene-26,21-ene-26,01,2026,2560
ju.-22-ene-26,22-ene-26,01,2026,2500
vi.-23-ene-26,23-ene-26,01,2026,2545
sá.-24-ene-26,24-ene-26,01,2026,2545
do.-25-ene-26,25-ene-26,01,2026,2545
lu.-26-ene-26,26-ene-26,01,2026,2600
ma.-27-ene-26,27-ene-26,01,2026,2630
mi.-28-ene-26,28-ene-26,01,2026,2536
ju.-29-ene-26,29-ene-26,01,2026,2500
vi.-30-ene-26,30-ene-26,01,2026,2430
sá.-31-ene-26,31-ene-26,01,2026,2430
do.-01-feb-26,01-feb-26,02,2026,2430
lu.-02-feb-26,02-feb-26,02,2026,2390
ma.-03-feb-26,03-feb-26,02,2026,2293
mi.-04-feb-26,04-feb-26,02,2026,2232
ju.-05-feb-26,05-feb-26,02,2026,2267
vi.-06-feb-26,06-feb-26,02,2026,2146
sá.-07-feb-26,07-feb-26,02,2026,2146
do.-08-feb-26,08-feb-26,02,2026,2146
lu.-09-feb-26,09-feb-26,02,2026,2175
ma.-10-feb-26,10-feb-26,02,2026,2140
mi.-11-feb-26,11-feb-26,02,2026,2140
ju.-12-feb-26,12-feb-26,02,2026,2190
vi.-13-feb-26,13-feb-26,02,2026,2190
sá.-14-feb-26,14-feb-26,02,2026,2190
do.-15-feb-26,15-feb-26,02,2026,2190
lu.-16-feb-26,16-feb-26,02,2026,2190
ma.-17-feb-26,17-feb-26,02,2026,2080
mi.-18-feb-26,18-feb-26,02,2026,2110
ju.-19-feb-26,19-feb-26,02,2026,2120
vi.-20-feb-26,20-feb-26,02,2026,2135
sá.-21-feb-26,21-feb-26,02,2026,2135
do.-22-feb-26,22-feb-26,02,2026,2135
lu.-23-feb-26,23-feb-26,02,2026,2058
ma.-24-feb-26,24-feb-26,02,2026,2126
mi.-25-feb-26,25-feb-26,02,2026,2112
ju.-26-feb-26,26-feb-26,02,2026,2174
vi.-27-feb-26,27-feb-26,02,2026,2118
sá.-28-feb-26,28-feb-26,02,2026,2118
do.-01-mar-26,01-mar-26,03,2026,2118
lu.-02-mar-26,02-mar-26,03,2026,2146
ma.-03-mar-26,03-mar-26,03,2026,2164
mi.-04-mar-26,04-mar-26,03,2026,2156
ju.-05-mar-26,05-mar-26,03,2026,2192
vi.-06-mar-26,06-mar-26,03,2026,2223
sá.-07-mar-26,07-mar-26,03,2026,2223
do.-08-mar-26,08-mar-26,03,2026,2223
lu.-09-mar-26,09-mar-26,03,2026,2248
ma.-10-mar-26,10-mar-26,03,2026,2198
mi.-11-mar-26,11-mar-26,03,2026,2140
ju.-12-mar-26,12-mar-26,03,2026,2161
vi.-13-mar-26,13-mar-26,03,2026,2119
sá.-14-mar-26,14-mar-26,03,2026,2119
do.-15-mar-26,15-mar-26,03,2026,2119
lu.-16-mar-26,16-mar-26,03,2026,2180
ma.-17-mar-26,17-mar-26,03,2026,2200
mi.-18-mar-26,18-mar-26,03,2026,2187
ju.-19-mar-26,19-mar-26,03,2026,2242
vi.-20-mar-26,20-mar-26,03,2026,2345
sá.-21-mar-26,21-mar-26,03,2026,2345
do.-22-mar-26,22-mar-26,03,2026,2345
lu.-23-mar-26,23-mar-26,03,2026,2325
ma.-24-mar-26,24-mar-26,03,2026,2382
mi.-25-mar-26,25-mar-26,03,2026,2375
ju.-26-mar-26,26-mar-26,03,2026,2311
vi.-27-mar-26,27-mar-26,03,2026,2265
sá.-28-mar-26,28-mar-26,03,2026,2265
do.-29-mar-26,29-mar-26,03,2026,2265
lu.-30-mar-26,30-mar-26,03,2026,2205
ma.-31-mar-26,31-mar-26,03,2026,2255
mi.-01-abr-26,01-abr-26,04,2026,2240
ju.-02-abr-26,02-abr-26,04,2026,2225
vi.-03-abr-26,03-abr-26,04,2026,2225
sá.-04-abr-26,04-abr-26,04,2026,2225
do.-05-abr-26,05-abr-26,04,2026,2225
lu.-06-abr-26,06-abr-26,04,2026,2270
ma.-07-abr-26,07-abr-26,04,2026,2180
mi.-08-abr-26,08-abr-26,04,2026,2220
ju.-09-abr-26,09-abr-26,04,2026,2220
vi.-10-abr-26,10-abr-26,04,2026,2265
sá.-11-abr-26,11-abr-26,04,2026,2265
do.-12-abr-26,12-abr-26,04,2026,2265
lu.-13-abr-26,13-abr-26,04,2026,2245
ma.-14-abr-26,14-abr-26,04,2026,2255
mi.-15-abr-26,15-abr-26,04,2026,2295
ju.-16-abr-26,16-abr-26,04,2026,2235
vi.-17-abr-26,17-abr-26,04,2026,2160
sá.-18-abr-26,18-abr-26,04,2026,2160
do.-19-abr-26,19-abr-26,04,2026,2160