municipio;departamento;valid_time;latitude;longitude;t2m;d2m;tp;ssrd;e;stl1
Aguada;Santander;2007-01-01;6.25;-73.5;19.88;17.33;0.003035;19695616.0;-0.003521;19.87
Aguada;Santander;2007-02-01;6.25;-73.5;20.12;15.81;0.001815;21928960.0;-0.003488;19.91
Aguada;Santander;2007-03-01;6.25;-73.5;19.73;16.95;0.006403;18465420.0;-0.003071;20.23
Aguada;Santander;2007-04-01;6.25;-73.5;19.9;17.93;0.009323;17741312.0;-0.003397;19.96
Aguada;Santander;2007-05-01;6.25;-73.5;19.52;17.89;0.012302;16617984.0;-0.00325;19.76
Aguada;Santander;2007-06-01;6.25;-73.5;19.34;17.38;0.005037;18264064.0;-0.003412;19.42
Aguada;Santander;2007-07-01;6.25;-73.5;19.21;16.96;0.004225;19318272.0;-0.003593;19.37
Aguada;Santander;2007-08-01;6.25;-73.5;19.05;17.01;0.006344;18137088.0;-0.003426;19.19
Aguada;Santander;2007-09-01;6.25;-73.5;19.21;17.12;0.006081;19510394.0;-0.003637;19.45
Aguada;Santander;2007-10-01;6.25;-73.5;18.8;17.07;0.008461;17109504.0;-0.003299;19.17
Aguada;Santander;2007-11-01;6.25;-73.5;19.16;17.22;0.008144;17307648.0;-0.003232;19.16
Aguada;Santander;2007-12-01;6.25;-73.5;18.55;16.48;0.004064;16700416.0;-0.003005;18.44
Aguada;Santander;2008-01-01;6.25;-73.5;19.03;16.57;0.002474;18495488.0;-0.003169;18.88
Aguada;Santander;2008-02-01;6.25;-73.5;19.15;16.4;0.003201;19500032.0;-0.003174;19.13
Aguada;Santander;2008-03-01;6.25;-73.5;19.23;16.53;0.003477;19867036.0;-0.003178;19.36
Aguada;Santander;2008-04-01;6.25;-73.5;19.28;16.92;0.006443;18302464.0;-0.003275;19.41
Aguada;Santander;2008-05-01;6.25;-73.5;19.33;17.32;0.007874;16815104.0;-0.003205;19.31
Aguada;Santander;2008-06-01;6.25;-73.5;19.29;17.43;0.008627;17587200.0;-0.003308;19.31
Aguada;Santander;2008-07-01;6.25;-73.5;19.25;17.05;0.006174;18056192.0;-0.003386;19.24
Aguada;Santander;2008-08-01;6.25;-73.5;18.99;16.97;0.006428;18213888.0;-0.003404;19.14
Aguada;Santander;2008-09-01;6.25;-73.5;19.3;17.02;0.005951;19016648.0;-0.00353;19.41
Aguada;Santander;2008-10-01;6.25;-73.5;19.22;17.01;0.006138;17972736.0;-0.003351;19.21
Aguada;Santander;2008-11-01;6.25;-73.5;19.08;17.25;0.010017;14499840.0;-0.002762;18.93
Aguada;Santander;2008-12-01;6.25;-73.5;19.07;16.36;0.00248;17043456.0;-0.003011;18.67
Aguada;Santander;2009-01-01;6.25;-73.5;19.11;16.76;0.003879;17347584.0;-0.002993;18.98
Aguada;Santander;2009-02-01;6.25;-73.5;19.07;16.63;0.004276;19025920.0;-0.00321;19.24
Aguada;Santander;2009-03-01;6.25;-73.5;19.12;16.89;0.006516;18652464.0;-0.003364;19.41
Aguada;Santander;2009-04-01;6.25;-73.5;19.77;17.63;0.008047;19242496.0;-0.003552;19.84
Aguada;Santander;2009-05-01;6.25;-73.5;19.84;17.65;0.007639;18455552.0;-0.00351;19.82
Aguada;Santander;2009-06-01;6.25;-73.5;19.6;17.55;0.009089;17779712.0;-0.003371;19.63
Aguada;Santander;2009-07-01;6.25;-73.5;19.54;17.18;0.004015;19849728.0;-0.003692;19.63
Aguada;Santander;2009-08-01;6.25;-73.5;19.73;17.45;0.005558;18851840.0;-0.003531;19.77
Aguada;Santander;2009-09-01;6.25;-73.5;20.06;17.31;0.003838;21141196.0;-0.00383;20.03
Aguada;Santander;2009-10-01;6.25;-73.5;19.74;17.28;0.005445;18073600.0;-0.003288;19.69
Aguada;Santander;2009-11-01;6.25;-73.5;19.91;17.68;0.00532;17355776.0;-0.003216;19.69
Aguada;Santander;2009-12-01;6.25;-73.5;19.62;17.37;0.002804;17904640.0;-0.003113;19.46
Aguada;Santander;2010-01-01;6.25;-73.5;20.85;16.65;0.000904;20760576.0;-0.002738;20.8
Aguada;Santander;2010-02-01;6.25;-73.5;21.61;17.57;0.002596;19737600.0;-0.002531;21.85
Aguada;Santander;2010-03-01;6.25;-73.5;21.09;18.38;0.005007;19686130.0;-0.003374;21.18
Aguada;Santander;2010-04-01;6.25;-73.5;20.98;18.45;0.007963;17476608.0;-0.00335;20.8
Aguada;Santander;2010-05-01;6.25;-73.5;20.62;18.48;0.013262;16466944.0;-0.003256;20.48
Aguada;Santander;2010-06-01;6.25;-73.5;20.15;17.98;0.011187;17469440.0;-0.00339;20.06
Aguada;Santander;2010-07-01;6.25;-73.5;19.43;17.59;0.010807;16390144.0;-0.003187;19.53
Aguada;Santander;2010-08-01;6.25;-73.5;19.44;17.31;0.008656;18257408.0;-0.003517;19.67
Aguada;Santander;2010-09-01;6.25;-73.5;19.37;17.28;0.009342;17307770.0;-0.003373;19.44
Aguada;Santander;2010-10-01;6.25;-73.5;19.66;17.27;0.012022;17031680.0;-0.003282;19.45
Aguada;Santander;2010-11-01;6.25;-73.5;19.29;17.25;0.012901;13552640.0;-0.002672;18.86
Aguada;Santander;2010-12-01;6.25;-73.5;19.31;17.08;0.007753;14608384.0;-0.002771;18.81
Aguada;Santander;2011-01-01;6.25;-73.5;19.64;16.76;0.002327;18433024.0;-0.003218;19.05
Aguada;Santander;2011-02-01;6.25;-73.5;19.86;16.42;0.00336;19028480.0;-0.002846;19.59
Aguada;Santander;2011-03-01;6.25;-73.5;19.47;16.42;0.005775;18058592.0;-0.002992;19.41
Aguada;Santander;2011-04-01;6.25;-73.5;19.7;17.3;0.010845;15956992.0;-0.003052;19.43
Aguada;Santander;2011-05-01;6.25;-73.5;20.13;17.73;0.009834;16478208.0;-0.003251;19.78
Aguada;Santander;2011-06-01;6.25;-73.5;20.16;17.51;0.008011;18065408.0;-0.003462;19.92
Aguada;Santander;2011-07-01;6.25;-73.5;19.49;16.95;0.007355;18398720.0;-0.003488;19.46
Aguada;Santander;2011-08-01;6.25;-73.5;19.72;17.04;0.005842;19652608.0;-0.003698;19.56
Aguada;Santander;2011-09-01;6.25;-73.5;19.7;17.06;0.004934;19361766.0;-0.003609;19.59
Aguada;Santander;2011-10-01;6.25;-73.5;19.22;17.09;0.009773;14969856.0;-0.002894;18.96
Aguada;Santander;2011-11-01;6.25;-73.5;19.28;17.22;0.011173;14347264.0;-0.002816;18.91
Aguada;Santander;2011-12-01;6.25;-73.5;19.72;17.46;0.006701;15806464.0;-0.002951;19.15
Aguada;Santander;2012-01-01;6.25;-73.5;19.43;16.93;0.002987;18035712.0;-0.003252;19.03
Aguada;Santander;2012-02-01;6.25;-73.5;19.93;16.15;0.002161;19855360.0;-0.003066;19.58
Aguada;Santander;2012-03-01;6.25;-73.5;20.11;16.68;0.006094;19312622.0;-0.003082;20.35
Aguada;Santander;2012-04-01;6.25;-73.5;19.65;17.25;0.007684;16217088.0;-0.003082;19.46
Aguada;Santander;2012-05-01;6.25;-73.5;19.92;17.48;0.008789;17682432.0;-0.003386;19.74
Aguada;Santander;2012-06-01;6.25;-73.5;19.68;16.96;0.003618;19747840.0;-0.003604;19.56
Aguada;Santander;2012-07-01;6.25;-73.5;19.49;16.93;0.004505;19059712.0;-0.003577;19.57
Aguada;Santander;2012-08-01;6.25;-73.5;19.52;17.0;0.007664;19401216.0;-0.003727;19.68
Aguada;Santander;2012-09-01;6.25;-73.5;19.43;16.78;0.004799;20236336.0;-0.003759;19.62
Aguada;Santander;2012-10-01;6.25;-73.5;19.84;17.32;0.00766;17112064.0;-0.003266;19.61
Aguada;Santander;2012-11-01;6.25;-73.5;19.99;17.6;0.004604;17242112.0;-0.003185;19.65
Aguada;Santander;2012-12-01;6.25;-73.5;19.75;17.19;0.002971;18104320.0;-0.003168;19.24
Aguada;Santander;2013-01-01;6.25;-73.5;20.47;16.61;0.000921;20251648.0;-0.003026;20.09
Aguada;Santander;2013-02-01;6.25;-73.5;20.22;17.16;0.004684;18776576.0;-0.002981;20.28
Aguada;Santander;2013-03-01;6.25;-73.5;20.65;17.96;0.005089;19273336.0;-0.003181;20.79
Aguada;Santander;2013-04-01;6.25;-73.5;20.72;17.87;0.005518;19369984.0;-0.003261;20.9
Aguada;Santander;2013-05-01;6.25;-73.5;20.2;17.94;0.009977;16228352.0;-0.003099;20.04
Aguada;Santander;2013-06-01;6.25;-73.5;20.0;17.42;0.004757;18326528.0;-0.003393;19.79
Aguada;Santander;2013-07-01;6.25;-73.5;19.8;16.9;0.003075;19750912.0;-0.00351;19.59
Aguada;Santander;2013-08-01;6.25;-73.5;19.7;17.28;0.006809;18509312.0;-0.003425;19.62
Aguada;Santander;2013-09-01;6.25;-73.5;19.78;17.26;0.005289;18999412.0;-0.003525;19.7
Aguada;Santander;2013-10-01;6.25;-73.5;19.62;17.06;0.004494;17901568.0;-0.00325;19.45
Aguada;Santander;2013-11-01;6.25;-73.5;19.59;17.05;0.004715;17043456.0;-0.003084;19.21
Aguada;Santander;2013-12-01;6.25;-73.5;19.72;16.97;0.003588;18310144.0;-0.003029;19.56
Aguada;Santander;2014-01-01;6.25;-73.5;20.37;16.53;0.002014;18731008.0;-0.002519;20.35
Aguada;Santander;2014-02-01;6.25;-73.5;20.54;16.63;0.003822;19261952.0;-0.002559;20.79
Aguada;Santander;2014-03-01;6.25;-73.5;20.64;17.15;0.003204;19458800.0;-0.002842;20.62
Aguada;Santander;2014-04-01;6.25;-73.5;21.06;17.68;0.00771;19627008.0;-0.003075;21.31
Aguada;Santander;2014-05-01;6.25;-73.5;20.42;17.92;0.00728;17628160.0;-0.003241;20.22
Aguada;Santander;2014-06-01;6.25;-73.5;20.51;17.79;0.005114;18916352.0;-0.003335;20.58
Aguada;Santander;2014-07-01;6.25;-73.5;20.56;17.08;0.002991;20593152.0;-0.00349;20.61
Aguada;Santander;2014-08-01;6.25;-73.5;19.91;16.8;0.005596;19865600.0;-0.003369;20.26
Aguada;Santander;2014-09-01;6.25;-73.5;19.78;16.95;0.005278;19703668.0;-0.003399;20.01
Aguada;Santander;2014-10-01;6.25;-73.5;19.68;17.21;0.0077;18026496.0;-0.003329;19.71
Aguada;Santander;2014-11-01;6.25;-73.5;19.75;17.42;0.005569;16507904.0;-0.003033;19.39
Aguada;Santander;2014-12-01;6.25;-73.5;20.12;17.06;0.002041;18993152.0;-0.003063;19.68
Aguada;Santander;2015-01-01;6.25;-73.5;19.73;16.32;0.001822;19801088.0;-0.003123;19.6
Aguada;Santander;2015-02-01;6.25;-73.5;20.45;16.99;0.002633;19239424.0;-0.002991;20.34
Aguada;Santander;2015-03-01;6.25;-73.5;20.78;17.05;0.005461;19641900.0;-0.00293;20.97
Aguada;Santander;2015-04-01;6.25;-73.5;20.45;17.86;0.006815;19018752.0;-0.00356;20.41
Aguada;Santander;2015-05-01;6.25;-73.5;20.61;17.81;0.005302;19236352.0;-0.00348;20.64
Aguada;Santander;2015-06-01;6.25;-73.5;20.7;17.46;0.004398;19311616.0;-0.00339;20.74
Aguada;Santander;2015-07-01;6.25;-73.5;20.5;17.21;0.005007;18679296.0;-0.003166;20.6
Aguada;Santander;2015-08-01;6.25;-73.5;20.49;17.2;0.004408;19789312.0;-0.003386;20.63
Aguada;Santander;2015-09-01;6.25;-73.5;20.72;17.08;0.003633;20279918.0;-0.003204;20.92
Aguada;Santander;2015-10-01;6.25;-73.5;20.58;17.57;0.005892;17661440.0;-0.002826;20.71
Aguada;Santander;2015-11-01;6.25;-73.5;20.25;17.95;0.006582;16893952.0;-0.003116;20.0
Aguada;Santander;2015-12-01;6.25;-73.5;20.91;17.24;0.002846;19606528.0;-0.003071;20.76
Aguada;Santander;2016-01-01;6.25;-73.5;21.48;16.8;0.002499;19398656.0;-0.002311;21.53
Aguada;Santander;2016-02-01;6.25;-73.5;21.87;17.89;0.005644;19723776.0;-0.002893;22.12
Aguada;Santander;2016-03-01;6.25;-73.5;21.99;18.17;0.005758;20450374.0;-0.003183;22.17
Aguada;Santander;2016-04-01;6.25;-73.5;21.15;18.44;0.007774;17856000.0;-0.003143;21.5
Aguada;Santander;2016-05-01;6.25;-73.5;20.76;18.43;0.009073;17522176.0;-0.003406;20.71
Aguada;Santander;2016-06-01;6.25;-73.5;20.21;17.61;0.004442;19227136.0;-0.0036;20.19
Aguada;Santander;2016-07-01;6.25;-73.5;19.86;17.41;0.005518;18605056.0;-0.00341;19.94
Aguada;Santander;2016-08-01;6.25;-73.5;20.05;17.39;0.003839;20247040.0;-0.003637;20.29
Aguada;Santander;2016-09-01;6.25;-73.5;20.01;17.28;0.004349;19342188.0;-0.00336;20.1
Aguada;Santander;2016-10-01;6.25;-73.5;20.01;17.64;0.00906;16932352.0;-0.003236;20.04
Aguada;Santander;2016-11-01;6.25;-73.5;19.93;17.62;0.005749;16764928.0;-0.003162;19.68
Aguada;Santander;2016-12-01;6.25;-73.5;20.03;17.45;0.004892;16856064.0;-0.00308;19.5
Aguada;Santander;2017-01-01;6.25;-73.5;20.21;16.04;0.002031;19709952.0;-0.002809;19.83
Aguada;Santander;2017-02-01;6.25;-73.5;21.08;15.08;0.001439;21983744.0;-0.002397;21.04
Aguada;Santander;2017-03-01;6.25;-73.5;20.16;17.0;0.007155;18296992.0;-0.00293;20.52
Aguada;Santander;2017-04-01;6.25;-73.5;20.96;17.42;0.004086;19941888.0;-0.003258;20.95
Aguada;Santander;2017-05-01;6.25;-73.5;20.63;18.0;0.006298;18061824.0;-0.003245;20.71
Aguada;Santander;2017-06-01;6.25;-73.5;20.43;17.74;0.006084;17868288.0;-0.003203;20.53
Aguada;Santander;2017-07-01;6.25;-73.5;20.41;17.44;0.004761;19395584.0;-0.003579;20.4
Aguada;Santander;2017-08-01;6.25;-73.5;20.25;17.31;0.003786;20161536.0;-0.003575;20.36
Aguada;Santander;2017-09-01;6.25;-73.5;20.01;17.4;0.006939;19561294.0;-0.003515;20.47
Aguada;Santander;2017-10-01;6.25;-73.5;19.97;17.51;0.005947;18267136.0;-0.003383;19.97
Aguada;Santander;2017-11-01;6.25;-73.5;20.0;17.65;0.004105;17440768.0;-0.003114;19.8
Aguada;Santander;2017-12-01;6.25;-73.5;20.49;16.26;0.001568;19282944.0;-0.002645;20.13
Aguada;Santander;2018-01-01;6.25;-73.5;20.06;16.37;0.002782;18719744.0;-0.002702;19.97
Aguada;Santander;2018-02-01;6.25;-73.5;21.43;14.33;0.001199;21136384.0;-0.001976;21.29
Aguada;Santander;2018-03-01;6.25;-73.5;21.05;16.35;0.003462;20804140.0;-0.002477;21.68
Aguada;Santander;2018-04-01;6.25;-73.5;20.19;17.02;0.00565;18439680.0;-0.002899;20.6
Aguada;Santander;2018-05-01;6.25;-73.5;19.87;17.87;0.009113;16695296.0;-0.003202;19.97
Aguada;Santander;2018-06-01;6.25;-73.5;19.97;17.51;0.005112;19173376.0;-0.003551;20.12
Aguada;Santander;2018-07-01;6.25;-73.5;20.06;17.04;0.003925;20012032.0;-0.003587;20.08
Aguada;Santander;2018-08-01;6.25;-73.5;19.98;16.29;0.00227;21301760.0;-0.003588;20.18
Aguada;Santander;2018-09-01;6.25;-73.5;19.82;17.28;0.006001;19208664.0;-0.003505;20.12
Aguada;Santander;2018-10-01;6.25;-73.5;20.17;17.65;0.005791;17028608.0;-0.003156;19.91
Aguada;Santander;2018-11-01;6.25;-73.5;20.29;17.88;0.004652;17440768.0;-0.003036;20.11
Aguada;Santander;2018-12-01;6.25;-73.5;20.66;15.31;0.00049;20655104.0;-0.002333;20.39
Aguada;Santander;2019-01-01;6.25;-73.5;20.92;15.39;0.00136;19943424.0;-0.002178;21.04
Aguada;Santander;2019-02-01;6.25;-73.5;21.56;16.43;0.002834;20147200.0;-0.002389;22.0
Aguada;Santander;2019-03-01;6.25;-73.5;21.1;17.41;0.004839;19218760.0;-0.00262;21.7
Aguada;Santander;2019-04-01;6.25;-73.5;21.0;17.75;0.005686;18786304.0;-0.003063;21.29
Aguada;Santander;2019-05-01;6.25;-73.5;20.82;17.87;0.007793;17067008.0;-0.002981;20.96
Aguada;Santander;2019-06-01;6.25;-73.5;20.74;18.08;0.006723;19326464.0;-0.003742;20.58
Aguada;Santander;2019-07-01;6.25;-73.5;20.51;17.36;0.003696;20241920.0;-0.003693;20.5
Aguada;Santander;2019-08-01;6.25;-73.5;20.43;16.55;0.002686;21352448.0;-0.003719;20.61
Aguada;Santander;2019-09-01;6.25;-73.5;20.7;17.01;0.005247;19968276.0;-0.003251;20.86
Aguada;Santander;2019-10-01;6.25;-73.5;19.57;17.39;0.006332;18001920.0;-0.003342;19.65
Aguada;Santander;2019-11-01;6.25;-73.5;20.09;17.6;0.002686;17915904.0;-0.003176;19.86
Aguada;Santander;2019-12-01;6.25;-73.5;20.65;17.39;0.001635;18583552.0;-0.002638;20.46
Aguada;Santander;2020-01-01;6.25;-73.5;21.03;15.18;0.000711;20245504.0;-0.00213;20.88
Aguada;Santander;2020-02-01;6.25;-73.5;21.89;15.81;0.002224;20912128.0;-0.002274;21.98
Aguada;Santander;2020-03-01;6.25;-73.5;21.29;16.55;0.004137;21882836.0;-0.003156;21.62
Aguada;Santander;2020-04-01;6.25;-73.5;21.36;17.52;0.005129;19679744.0;-0.00283;21.77
Aguada;Santander;2020-05-01;6.25;-73.5;21.64;18.16;0.00643;18429440.0;-0.00284;21.91
Aguada;Santander;2020-06-01;6.25;-73.5;20.29;17.65;0.005283;18168320.0;-0.003301;20.29
Aguada;Santander;2020-07-01;6.25;-73.5;20.28;17.25;0.005806;18036224.0;-0.002942;20.37
Aguada;Santander;2020-08-01;6.25;-73.5;20.56;17.33;0.004887;18656256.0;-0.00294;20.81
Aguada;Santander;2020-09-01;6.25;-73.5;19.94;17.18;0.005024;19086692.0;-0.003351;20.12
Aguada;Santander;2020-10-01;6.25;-73.5;19.68;17.47;0.008816;18006016.0;-0.003347;19.83
Aguada;Santander;2020-11-01;6.25;-73.5;19.69;17.58;0.00592;16506880.0;-0.003092;19.43
Aguada;Santander;2020-12-01;6.25;-73.5;19.79;16.88;0.00193;18452480.0;-0.002967;19.41
Aguada;Santander;2021-01-01;6.25;-73.5;20.96;14.2;0.000723;21011456.0;-0.002107;20.38
Aguada;Santander;2021-02-01;6.25;-73.5;21.03;15.0;0.002348;20961792.0;-0.002127;21.52
Aguada;Santander;2021-03-01;6.25;-73.5;20.2;15.73;0.003861;19435816.0;-0.00258;20.72
Aguada;Santander;2021-04-01;6.25;-73.5;20.09;17.72;0.008526;17847296.0;-0.003212;20.32
Aguada;Santander;2021-05-01;6.25;-73.5;20.39;18.04;0.006926;17669632.0;-0.003332;20.14
Aguada;Santander;2021-06-01;6.25;-73.5;19.76;17.57;0.007458;17892864.0;-0.003382;19.76
Aguada;Santander;2021-07-01;6.25;-73.5;20.04;17.17;0.006317;19231232.0;-0.003438;20.03
Aguada;Santander;2021-08-01;6.25;-73.5;19.64;17.35;0.007431;18620928.0;-0.003455;19.83
Aguada;Santander;2021-09-01;6.25;-73.5;19.84;17.11;0.004696;19322486.0;-0.003376;19.84
Aguada;Santander;2021-10-01;6.25;-73.5;19.83;17.59;0.007658;17781248.0;-0.003162;20.03
Aguada;Santander;2021-11-01;6.25;-73.5;19.86;17.26;0.0033;17779712.0;-0.003005;19.61
Aguada;Santander;2021-12-01;6.25;-73.5;20.38;17.48;0.00284;17568768.0;-0.002621;20.38
Aguada;Santander;2022-01-01;6.25;-73.5;20.34;15.82;0.001237;19079168.0;-0.002244;20.33
Aguada;Santander;2022-02-01;6.25;-73.5;20.44;15.77;0.002119;18752000.0;-0.002122;20.61
Aguada;Santander;2022-03-01;6.25;-73.5;20.45;16.9;0.004812;19124036.0;-0.002643;20.78
Aguada;Santander;2022-04-01;6.25;-73.5;19.99;17.53;0.007055;17307648.0;-0.003079;20.26
Aguada;Santander;2022-05-01;6.25;-73.5;20.41;18.1;0.008757;17078784.0;-0.003235;20.21
Aguada;Santander;2022-06-01;6.25;-73.5;19.22;17.46;0.009893;16552960.0;-0.003152;19.31
Aguada;Santander;2022-07-01;6.25;-73.5;19.61;17.34;0.00535;18255360.0;-0.003394;19.57
Aguada;Santander;2022-08-01;6.25;-73.5;19.44;17.03;0.005487;18768384.0;-0.003476;19.5
Aguada;Santander;2022-09-01;6.25;-73.5;19.22;16.97;0.006809;19173898.0;-0.003584;19.63
Aguada;Santander;2022-10-01;6.25;-73.5;19.41;17.3;0.006859;17424896.0;-0.003233;19.49
Aguada;Santander;2022-11-01;6.25;-73.5;19.63;17.33;0.006296;16364544.0;-0.003059;19.44
Aguada;Santander;2022-12-01;6.25;-73.5;19.82;16.14;0.001461;18831360.0;-0.002801;19.48
Aguada;Santander;2023-01-01;6.25;-73.5;20.05;15.7;0.002241;19038208.0;-0.002429;19.79
Aguada;Santander;2023-02-01;6.25;-73.5;20.86;15.24;0.002182;20603392.0;-0.002289;20.97
Aguada;Santander;2023-03-01;6.25;-73.5;20.29;16.95;0.005424;17762276.0;-0.002596;20.67
Aguada;Santander;2023-04-01;6.25;-73.5;20.54;17.41;0.006587;17963008.0;-0.002808;20.75
Aguada;Santander;2023-05-01;6.25;-73.5;21.38;18.1;0.006683;17948160.0;-0.002987;21.22
Aguada;Santander;2023-06-01;6.25;-73.5;20.93;17.9;0.004883;18650624.0;-0.003337;20.74
Aguada;Santander;2023-07-01;6.25;-73.5;21.0;17.83;0.00486;19448320.0;-0.003307;21.1
Aguada;Santander;2023-08-01;6.25;-73.5;20.96;17.71;0.00382;20147200.0;-0.003384;21.01
Aguada;Santander;2023-09-01;6.25;-73.5;21.11;17.38;0.003767;21055052.0;-0.003109;21.4
Aguada;Santander;2023-10-01;6.25;-73.5;20.2;18.08;0.008041;17317376.0;-0.003193;20.5
Aguada;Santander;2023-11-01;6.25;-73.5;20.66;18.42;0.006355;17270784.0;-0.003197;20.38
Aguada;Santander;2023-12-01;6.25;-73.5;21.04;18.28;0.002567;18659328.0;-0.003089;20.71
Aguada;Santander;2024-01-01;6.25;-73.5;21.66;16.79;0.000332;22376448.0;-0.003113;20.98
Aguada;Santander;2024-02-01;6.25;-73.5;21.13;18.28;0.004833;19697664.0;-0.003518;20.98
Aguada;Santander;2024-03-01;6.25;-73.5;21.79;18.21;0.005192;21538706.0;-0.003431;21.87
Aguada;Santander;2024-04-01;6.25;-73.5;21.49;18.31;0.005945;18289664.0;-0.003147;21.58
Aguada;Santander;2024-05-01;6.25;-73.5;21.44;19.14;0.009178;16634368.0;-0.003305;21.11
Aguada;Santander;2024-06-01;6.25;-73.5;20.66;18.56;0.00699;16780288.0;-0.003279;20.43
Aguada;Santander;2024-07-01;6.25;-73.5;20.98;18.0;0.004478;19261440.0;-0.003577;20.62
Aguada;Santander;2024-08-01;6.25;-73.5;20.63;17.64;0.004044;20418560.0;-0.003698;20.48
Aguada;Santander;2024-09-01;6.25;-73.5;20.69;17.72;0.006975;19589090.0;-0.0034;20.73
Aguada;Santander;2024-10-01;6.25;-73.5;20.46;18.0;0.006336;18107392.0;-0.003378;20.29
Aguada;Santander;2024-11-01;6.25;-73.5;19.83;17.66;0.009849;15260672.0;-0.002982;19.64
Aguada;Santander;2024-12-01;6.25;-73.5;20.4;17.65;0.003756;17671168.0;-0.003071;19.84
Barbosa;Santander;2007-01-01;6.0;-73.625;17.3;14.94;0.006423;18963456.0;-0.003546;17.66
Barbosa;Santander;2007-02-01;6.0;-73.625;17.41;13.54;0.001888;21649152.0;-0.003672;17.26
Barbosa;Santander;2007-03-01;6.0;-73.625;17.11;14.72;0.011376;17782928.0;-0.003268;17.7
Barbosa;Santander;2007-04-01;6.0;-73.625;17.41;15.6;0.01288;17094912.0;-0.00324;17.81
Barbosa;Santander;2007-05-01;6.0;-73.625;17.19;15.52;0.016633;16310016.0;-0.003182;17.77
Barbosa;Santander;2007-06-01;6.0;-73.625;17.02;14.56;0.012939;17697792.0;-0.003406;17.35
Barbosa;Santander;2007-07-01;6.0;-73.625;16.91;14.1;0.010384;18945536.0;-0.003562;17.26
Barbosa;Santander;2007-08-01;6.0;-73.625;16.71;14.29;0.015776;18001408.0;-0.003454;17.23
Barbosa;Santander;2007-09-01;6.0;-73.625;16.9;14.45;0.015324;19363964.0;-0.003692;17.5
Barbosa;Santander;2007-10-01;6.0;-73.625;16.37;14.78;0.011996;16598528.0;-0.003145;17.09
Barbosa;Santander;2007-11-01;6.0;-73.625;16.69;14.84;0.008973;16973312.0;-0.003116;17.04
Barbosa;Santander;2007-12-01;6.0;-73.625;16.06;14.22;0.005454;16761344.0;-0.002931;16.32
Barbosa;Santander;2008-01-01;6.0;-73.625;16.35;14.32;0.004382;17876992.0;-0.003098;16.52
Barbosa;Santander;2008-02-01;6.0;-73.625;16.27;14.19;0.005318;19039744.0;-0.003294;16.42
Barbosa;Santander;2008-03-01;6.0;-73.625;16.42;14.28;0.006804;19191192.0;-0.003294;16.74
Barbosa;Santander;2008-04-01;6.0;-73.625;16.68;14.68;0.010598;17545472.0;-0.003239;17.05
Barbosa;Santander;2008-05-01;6.0;-73.625;16.87;14.89;0.0124;16261632.0;-0.003081;17.07
Barbosa;Santander;2008-06-01;6.0;-73.625;16.95;14.82;0.015309;17121280.0;-0.003274;17.22
Barbosa;Santander;2008-07-01;6.0;-73.625;16.9;14.32;0.016007;17626368.0;-0.003402;17.13
Barbosa;Santander;2008-08-01;6.0;-73.625;16.62;14.48;0.012714;17802496.0;-0.003356;17.08
Barbosa;Santander;2008-09-01;6.0;-73.625;16.91;14.46;0.012959;18673352.0;-0.003534;17.38
Barbosa;Santander;2008-10-01;6.0;-73.625;16.74;14.66;0.009396;17502976.0;-0.003221;17.12
Barbosa;Santander;2008-11-01;6.0;-73.625;16.61;15.0;0.008866;14736896.0;-0.002682;16.84
Barbosa;Santander;2008-12-01;6.0;-73.625;16.34;14.04;0.003489;17108992.0;-0.002953;16.36
Barbosa;Santander;2009-01-01;6.0;-73.625;16.48;14.53;0.006356;16608768.0;-0.002924;16.65
Barbosa;Santander;2009-02-01;6.0;-73.625;16.46;14.38;0.006876;18501120.0;-0.003294;16.86
Barbosa;Santander;2009-03-01;6.0;-73.625;16.54;14.7;0.010694;17712432.0;-0.003272;17.15
Barbosa;Santander;2009-04-01;6.0;-73.625;17.37;15.39;0.013922;18516224.0;-0.003442;17.74
Barbosa;Santander;2009-05-01;6.0;-73.625;17.42;15.02;0.014168;17967360.0;-0.003462;17.69
Barbosa;Santander;2009-06-01;6.0;-73.625;17.34;14.88;0.015191;17216000.0;-0.003319;17.55
Barbosa;Santander;2009-07-01;6.0;-73.625;17.24;14.22;0.012931;19352832.0;-0.003696;17.57
Barbosa;Santander;2009-08-01;6.0;-73.625;17.47;14.67;0.014544;18231808.0;-0.003451;17.74
Barbosa;Santander;2009-09-01;6.0;-73.625;17.74;14.38;0.011286;20836304.0;-0.00391;18.02
Barbosa;Santander;2009-10-01;6.0;-73.625;17.26;14.76;0.010922;17616128.0;-0.003268;17.52
Barbosa;Santander;2009-11-01;6.0;-73.625;17.52;15.38;0.006856;16833024.0;-0.003068;17.51
Barbosa;Santander;2009-12-01;6.0;-73.625;17.19;15.04;0.00523;17364480.0;-0.003058;17.27
Barbosa;Santander;2010-01-01;6.0;-73.625;17.7;14.45;0.00312;20217344.0;-0.003588;17.57
Barbosa;Santander;2010-02-01;6.0;-73.625;18.48;15.56;0.004735;19299584.0;-0.00348;18.48
Barbosa;Santander;2010-03-01;6.0;-73.625;18.48;16.05;0.009004;18966256.0;-0.003558;18.69
Barbosa;Santander;2010-04-01;6.0;-73.625;18.48;16.22;0.01265;16689920.0;-0.003244;18.47
Barbosa;Santander;2010-05-01;6.0;-73.625;18.26;16.1;0.013698;15851008.0;-0.003102;18.3
Barbosa;Santander;2010-06-01;6.0;-73.625;17.75;15.38;0.016664;17027584.0;-0.003334;17.9
Barbosa;Santander;2010-07-01;6.0;-73.625;17.06;15.12;0.02146;16085760.0;-0.003138;17.45
Barbosa;Santander;2010-08-01;6.0;-73.625;17.19;14.74;0.0176;17920256.0;-0.00348;17.65
Barbosa;Santander;2010-09-01;6.0;-73.625;16.86;15.0;0.014152;16773497.0;-0.003246;17.33
Barbosa;Santander;2010-10-01;6.0;-73.625;17.11;14.78;0.011254;16898048.0;-0.003166;17.25
Barbosa;Santander;2010-11-01;6.0;-73.625;16.84;15.09;0.010927;13730304.0;-0.002549;16.69
Barbosa;Santander;2010-12-01;6.0;-73.625;16.74;14.77;0.00729;14433280.0;-0.002648;16.5
Barbosa;Santander;2011-01-01;6.0;-73.625;16.93;14.41;0.004531;18078720.0;-0.003183;16.66
Barbosa;Santander;2011-02-01;6.0;-73.625;16.8;14.48;0.006034;18332160.0;-0.003248;16.71
Barbosa;Santander;2011-03-01;6.0;-73.625;16.66;14.24;0.009366;17558112.0;-0.003222;16.61
Barbosa;Santander;2011-04-01;6.0;-73.625;17.2;15.14;0.016928;15158016.0;-0.002908;17.11
Barbosa;Santander;2011-05-01;6.0;-73.625;17.78;15.44;0.017406;16187648.0;-0.003179;17.59
Barbosa;Santander;2011-06-01;6.0;-73.625;17.83;14.89;0.013472;17640960.0;-0.003412;17.76
Barbosa;Santander;2011-07-01;6.0;-73.625;17.2;14.13;0.01268;17785344.0;-0.00342;17.33
Barbosa;Santander;2011-08-01;6.0;-73.625;17.41;14.16;0.014098;19280896.0;-0.003696;17.52
Barbosa;Santander;2011-09-01;6.0;-73.625;17.32;14.32;0.012388;19001832.0;-0.003624;17.53
Barbosa;Santander;2011-10-01;6.0;-73.625;16.77;14.82;0.009926;15014912.0;-0.002832;16.75
Barbosa;Santander;2011-11-01;6.0;-73.625;16.78;15.0;0.010278;14093824.0;-0.002639;16.65
Barbosa;Santander;2011-12-01;6.0;-73.625;17.24;15.08;0.006898;15622655.0;-0.00287;16.91
Barbosa;Santander;2012-01-01;6.0;-73.625;16.74;14.56;0.004877;17459200.0;-0.003134;16.68
Barbosa;Santander;2012-02-01;6.0;-73.625;16.86;14.1;0.004924;19155712.0;-0.003294;16.72
Barbosa;Santander;2012-03-01;6.0;-73.625;17.14;14.63;0.012134;18457838.0;-0.00347;17.34
Barbosa;Santander;2012-04-01;6.0;-73.625;17.08;15.0;0.012858;15652608.0;-0.002988;17.12
Barbosa;Santander;2012-05-01;6.0;-73.625;17.6;14.96;0.017792;16955904.0;-0.003293;17.6
Barbosa;Santander;2012-06-01;6.0;-73.625;17.41;14.06;0.01227;19098880.0;-0.003603;17.42
Barbosa;Santander;2012-07-01;6.0;-73.625;17.19;13.92;0.012074;18579712.0;-0.003552;17.4
Barbosa;Santander;2012-08-01;6.0;-73.625;17.23;14.08;0.015061;18884608.0;-0.003625;17.62
Barbosa;Santander;2012-09-01;6.0;-73.625;17.14;13.73;0.014281;19865392.0;-0.003704;17.64
Barbosa;Santander;2012-10-01;6.0;-73.625;17.39;14.88;0.013502;16951552.0;-0.003194;17.44
Barbosa;Santander;2012-11-01;6.0;-73.625;17.43;15.24;0.007744;17019904.0;-0.003082;17.42
Barbosa;Santander;2012-12-01;6.0;-73.625;17.14;14.67;0.004308;17834496.0;-0.003096;16.94
Barbosa;Santander;2013-01-01;6.0;-73.625;17.69;14.44;0.002354;19433472.0;-0.003318;17.5
Barbosa;Santander;2013-02-01;6.0;-73.625;17.26;15.14;0.008048;18030080.0;-0.003313;17.44
Barbosa;Santander;2013-03-01;6.0;-73.625;17.98;15.64;0.0101;18496632.0;-0.003469;18.23
Barbosa;Santander;2013-04-01;6.0;-73.625;18.07;15.67;0.011356;18454784.0;-0.00348;18.27
Barbosa;Santander;2013-05-01;6.0;-73.625;17.74;15.56;0.016873;15830784.0;-0.00308;17.72
Barbosa;Santander;2013-06-01;6.0;-73.625;17.73;14.57;0.011142;17957888.0;-0.003442;17.62
Barbosa;Santander;2013-07-01;6.0;-73.625;17.34;13.9;0.011294;19229184.0;-0.003628;17.38
Barbosa;Santander;2013-08-01;6.0;-73.625;17.37;14.52;0.014839;18067968.0;-0.003452;17.49
Barbosa;Santander;2013-09-01;6.0;-73.625;17.38;14.52;0.014101;18680176.0;-0.003569;17.62
Barbosa;Santander;2013-10-01;6.0;-73.625;17.18;14.58;0.010112;17762816.0;-0.003314;17.34
Barbosa;Santander;2013-11-01;6.0;-73.625;16.98;14.75;0.006354;16884736.0;-0.00302;16.92
Barbosa;Santander;2013-12-01;6.0;-73.625;17.03;14.78;0.006908;17699840.0;-0.003229;17.04
Barbosa;Santander;2014-01-01;6.0;-73.625;17.17;14.77;0.004974;17948160.0;-0.003254;17.08
Barbosa;Santander;2014-02-01;6.0;-73.625;17.22;14.97;0.007707;18376448.0;-0.003344;17.28
Barbosa;Santander;2014-03-01;6.0;-73.625;17.56;15.16;0.004976;18855408.0;-0.003345;17.52
Barbosa;Santander;2014-04-01;6.0;-73.625;18.22;15.42;0.015986;18782464.0;-0.003612;18.26
Barbosa;Santander;2014-05-01;6.0;-73.625;17.86;15.5;0.012208;17102080.0;-0.003262;17.84
Barbosa;Santander;2014-06-01;6.0;-73.625;17.99;15.02;0.014036;18249728.0;-0.003578;17.96
Barbosa;Santander;2014-07-01;6.0;-73.625;17.98;13.98;0.008387;19839232.0;-0.003754;17.86
Barbosa;Santander;2014-08-01;6.0;-73.625;17.33;13.85;0.011892;19421440.0;-0.003672;17.69
Barbosa;Santander;2014-09-01;6.0;-73.625;17.3;14.22;0.013168;19406448.0;-0.003674;17.66
Barbosa;Santander;2014-10-01;6.0;-73.625;17.18;14.69;0.014289;17507840.0;-0.003321;17.42
Barbosa;Santander;2014-11-01;6.0;-73.625;17.18;15.0;0.007534;16276992.0;-0.002982;17.07
Barbosa;Santander;2014-12-01;6.0;-73.625;17.3;14.56;0.004737;18456576.0;-0.00326;17.08
Barbosa;Santander;2015-01-01;6.0;-73.625;17.1;13.93;0.00484;19137024.0;-0.00326;17.11
Barbosa;Santander;2015-02-01;6.0;-73.625;17.48;15.0;0.006813;18549248.0;-0.003439;17.45
Barbosa;Santander;2015-03-01;6.0;-73.625;17.62;15.26;0.008069;18645040.0;-0.003439;17.66
Barbosa;Santander;2015-04-01;6.0;-73.625;18.01;15.36;0.013988;18167040.0;-0.003546;18.1
Barbosa;Santander;2015-05-01;6.0;-73.625;18.13;15.21;0.014067;18451968.0;-0.00359;18.17
Barbosa;Santander;2015-06-01;6.0;-73.625;18.25;14.52;0.012087;18546176.0;-0.003644;18.1
Barbosa;Santander;2015-07-01;6.0;-73.625;17.88;14.43;0.013082;18062592.0;-0.003476;17.88
Barbosa;Santander;2015-08-01;6.0;-73.625;17.93;14.26;0.01154;19387136.0;-0.003659;18.04
Barbosa;Santander;2015-09-01;6.0;-73.625;18.05;14.14;0.012112;20066928.0;-0.003727;18.26
Barbosa;Santander;2015-10-01;6.0;-73.625;17.84;15.09;0.01193;17256192.0;-0.003256;17.98
Barbosa;Santander;2015-11-01;6.0;-73.625;17.7;15.48;0.011998;16681984.0;-0.003158;17.64
Barbosa;Santander;2015-12-01;6.0;-73.625;18.22;14.64;0.009996;19346432.0;-0.00367;18.09
Barbosa;Santander;2016-01-01;6.0;-73.625;18.14;15.2;0.00424;19001344.0;-0.003324;17.94
Barbosa;Santander;2016-02-01;6.0;-73.625;18.74;16.04;0.00724;18743296.0;-0.003508;18.73
Barbosa;Santander;2016-03-01;6.0;-73.625;18.98;16.4;0.006733;19268168.0;-0.003566;19.06
Barbosa;Santander;2016-04-01;6.0;-73.625;18.43;16.34;0.014289;16980736.0;-0.003344;18.76
Barbosa;Santander;2016-05-01;6.0;-73.625;18.39;15.89;0.017288;16826368.0;-0.003353;18.4
Barbosa;Santander;2016-06-01;6.0;-73.625;17.91;14.67;0.013044;18608128.0;-0.003642;17.94
Barbosa;Santander;2016-07-01;6.0;-73.625;17.42;14.64;0.014031;18233856.0;-0.00356;17.69
Barbosa;Santander;2016-08-01;6.0;-73.625;17.64;14.43;0.011328;19898624.0;-0.003779;18.04
Barbosa;Santander;2016-09-01;6.0;-73.625;17.44;14.77;0.013028;18989936.0;-0.003647;17.78
Barbosa;Santander;2016-10-01;6.0;-73.625;17.51;15.38;0.012532;16425215.0;-0.003142;17.72
Barbosa;Santander;2016-11-01;6.0;-73.625;17.38;15.36;0.007817;16475136.0;-0.003042;17.38
Barbosa;Santander;2016-12-01;6.0;-73.625;17.31;15.18;0.007728;16288768.0;-0.002977;17.1
Barbosa;Santander;2017-01-01;6.0;-73.625;17.12;14.13;0.005253;19113984.0;-0.003388;16.66
Barbosa;Santander;2017-02-01;6.0;-73.625;17.64;13.64;0.002591;21108736.0;-0.003484;17.08
Barbosa;Santander;2017-03-01;6.0;-73.625;17.12;15.08;0.009853;17147806.0;-0.00317;17.37
Barbosa;Santander;2017-04-01;6.0;-73.625;17.99;15.39;0.01055;18927872.0;-0.003595;18.02
Barbosa;Santander;2017-05-01;6.0;-73.625;17.95;15.71;0.013889;17164032.0;-0.003358;18.04
Barbosa;Santander;2017-06-01;6.0;-73.625;17.79;15.38;0.014572;17342720.0;-0.003376;17.89
Barbosa;Santander;2017-07-01;6.0;-73.625;18.01;14.5;0.013376;18812416.0;-0.003692;17.86
Barbosa;Santander;2017-08-01;6.0;-73.625;17.68;14.73;0.0104;19831296.0;-0.00376;17.9
Barbosa;Santander;2017-09-01;6.0;-73.625;17.48;14.93;0.015459;19063374.0;-0.003686;17.96
Barbosa;Santander;2017-10-01;6.0;-73.625;17.42;15.03;0.009928;17932288.0;-0.00338;17.68
Barbosa;Santander;2017-11-01;6.0;-73.625;17.37;15.46;0.005635;16729088.0;-0.003016;17.31
Barbosa;Santander;2017-12-01;6.0;-73.625;17.37;14.43;0.002448;18811904.0;-0.003175;17.02
Barbosa;Santander;2018-01-01;6.0;-73.625;17.04;14.51;0.005397;18112000.0;-0.003243;16.92
Barbosa;Santander;2018-02-01;6.0;-73.625;17.61;13.61;0.003294;20488960.0;-0.003485;17.02
Barbosa;Santander;2018-03-01;6.0;-73.625;17.53;14.85;0.007701;19706664.0;-0.003578;17.75
Barbosa;Santander;2018-04-01;6.0;-73.625;17.16;14.93;0.011123;17346048.0;-0.003272;17.34
Barbosa;Santander;2018-05-01;6.0;-73.625;17.38;15.58;0.019118;16038144.0;-0.003151;17.62
Barbosa;Santander;2018-06-01;6.0;-73.625;17.62;14.75;0.014459;18627072.0;-0.0036;17.79
Barbosa;Santander;2018-07-01;6.0;-73.625;17.51;14.36;0.009819;19362816.0;-0.003694;17.55
Barbosa;Santander;2018-08-01;6.0;-73.625;17.34;13.38;0.007462;20786688.0;-0.003878;17.5
Barbosa;Santander;2018-09-01;6.0;-73.625;17.29;14.6;0.012123;18807256.0;-0.003584;17.67
Barbosa;Santander;2018-10-01;6.0;-73.625;17.48;15.44;0.011973;16614912.0;-0.003147;17.52
Barbosa;Santander;2018-11-01;6.0;-73.625;17.59;15.7;0.007145;16920576.0;-0.0031;17.54
Barbosa;Santander;2018-12-01;6.0;-73.625;17.32;13.72;0.002053;20210176.0;-0.003358;16.87
Barbosa;Santander;2019-01-01;6.0;-73.625;17.5;14.08;0.002985;19297792.0;-0.003322;17.24
Barbosa;Santander;2019-02-01;6.0;-73.625;17.99;15.38;0.006556;19133696.0;-0.003498;18.1
Barbosa;Santander;2019-03-01;6.0;-73.625;17.85;15.8;0.009712;17986120.0;-0.003382;18.1
Barbosa;Santander;2019-04-01;6.0;-73.625;18.1;15.8;0.011648;17761536.0;-0.003428;18.22
Barbosa;Santander;2019-05-01;6.0;-73.625;18.08;15.87;0.016891;16166144.0;-0.003186;18.12
Barbosa;Santander;2019-06-01;6.0;-73.625;18.34;15.24;0.012444;18575104.0;-0.003676;18.14
Barbosa;Santander;2019-07-01;6.0;-73.625;17.88;14.6;0.009134;19706624.0;-0.0038;17.92
Barbosa;Santander;2019-08-01;6.0;-73.625;17.84;13.48;0.005156;20894976.0;-0.003828;17.88
Barbosa;Santander;2019-09-01;6.0;-73.625;17.88;14.55;0.009972;19471892.0;-0.003425;18.12
Barbosa;Santander;2019-10-01;6.0;-73.625;17.05;15.06;0.012472;17343488.0;-0.003273;17.38
Barbosa;Santander;2019-11-01;6.0;-73.625;17.4;15.31;0.005466;17622528.0;-0.003199;17.48
Barbosa;Santander;2019-12-01;6.0;-73.625;17.73;15.18;0.00487;18244608.0;-0.003119;17.5
Barbosa;Santander;2020-01-01;6.0;-73.625;17.64;13.8;0.001004;20064256.0;-0.003203;17.16
Barbosa;Santander;2020-02-01;6.0;-73.625;18.53;14.3;0.002644;20610560.0;-0.003364;18.2
Barbosa;Santander;2020-03-01;6.0;-73.625;18.12;14.99;0.00537;20990680.0;-0.003656;18.17
Barbosa;Santander;2020-04-01;6.0;-73.625;18.2;15.78;0.010634;18893056.0;-0.003574;18.42
Barbosa;Santander;2020-05-01;6.0;-73.625;18.79;16.05;0.013072;17777152.0;-0.003514;18.75
Barbosa;Santander;2020-06-01;6.0;-73.625;17.76;15.15;0.011696;17675264.0;-0.003445;17.86
Barbosa;Santander;2020-07-01;6.0;-73.625;17.6;14.98;0.01375;17623552.0;-0.003436;17.62
Barbosa;Santander;2020-08-01;6.0;-73.625;17.84;14.92;0.010924;18361856.0;-0.003534;17.92
Barbosa;Santander;2020-09-01;6.0;-73.625;17.3;14.62;0.012662;18755940.0;-0.003578;17.69
Barbosa;Santander;2020-10-01;6.0;-73.625;17.34;15.0;0.016963;17774336.0;-0.003442;17.63
Barbosa;Santander;2020-11-01;6.0;-73.625;17.13;15.47;0.009868;15911424.0;-0.002962;17.24
Barbosa;Santander;2020-12-01;6.0;-73.625;17.02;14.79;0.004179;17766912.0;-0.00307;16.82
Barbosa;Santander;2021-01-01;6.0;-73.625;17.4;13.28;0.002657;20413952.0;-0.003442;16.62
Barbosa;Santander;2021-02-01;6.0;-73.625;17.4;13.9;0.003904;20125184.0;-0.003404;17.46
Barbosa;Santander;2021-03-01;6.0;-73.625;16.78;14.28;0.009338;18393896.0;-0.00336;17.09
Barbosa;Santander;2021-04-01;6.0;-73.625;17.51;15.43;0.015552;17009152.0;-0.00329;17.69
Barbosa;Santander;2021-05-01;6.0;-73.625;17.91;15.67;0.013694;16905472.0;-0.00325;17.76
Barbosa;Santander;2021-06-01;6.0;-73.625;17.33;15.08;0.014121;17105920.0;-0.003318;17.46
Barbosa;Santander;2021-07-01;6.0;-73.625;17.62;14.38;0.01365;18656000.0;-0.00364;17.55
Barbosa;Santander;2021-08-01;6.0;-73.625;17.27;14.71;0.014189;18116352.0;-0.003495;17.55
Barbosa;Santander;2021-09-01;6.0;-73.625;17.2;14.66;0.012792;18518136.0;-0.003559;17.41
Barbosa;Santander;2021-10-01;6.0;-73.625;17.28;15.4;0.011967;17150464.0;-0.003244;17.6
Barbosa;Santander;2021-11-01;6.0;-73.625;17.07;15.1;0.005998;17330688.0;-0.003072;16.99
Barbosa;Santander;2021-12-01;6.0;-73.625;17.41;15.46;0.005256;17092608.0;-0.003051;17.38
Barbosa;Santander;2022-01-01;6.0;-73.625;16.95;14.24;0.002972;18915840.0;-0.003225;16.74
Barbosa;Santander;2022-02-01;6.0;-73.625;16.85;14.48;0.005606;17821696.0;-0.003108;16.83
Barbosa;Santander;2022-03-01;6.0;-73.625;17.23;15.17;0.009398;18144068.0;-0.003306;17.36
Barbosa;Santander;2022-04-01;6.0;-73.625;17.33;15.34;0.014495;16631295.0;-0.003203;17.64
Barbosa;Santander;2022-05-01;6.0;-73.625;17.95;15.54;0.014834;16470272.0;-0.003223;17.8
Barbosa;Santander;2022-06-01;6.0;-73.625;16.76;15.08;0.014962;16145664.0;-0.003106;17.08
Barbosa;Santander;2022-07-01;6.0;-73.625;17.23;14.68;0.012904;17952000.0;-0.003448;17.46
Barbosa;Santander;2022-08-01;6.0;-73.625;16.98;14.33;0.012914;18346240.0;-0.00352;17.37
Barbosa;Santander;2022-09-01;6.0;-73.625;16.76;14.64;0.013093;18489866.0;-0.003562;17.48
Barbosa;Santander;2022-10-01;6.0;-73.625;16.91;15.0;0.010371;16785664.0;-0.003133;17.24
Barbosa;Santander;2022-11-01;6.0;-73.625;17.04;15.07;0.009667;15861760.0;-0.00294;17.12
Barbosa;Santander;2022-12-01;6.0;-73.625;16.83;14.32;0.003186;18145280.0;-0.003128;16.64
Barbosa;Santander;2023-01-01;6.0;-73.625;16.73;14.18;0.005415;18405888.0;-0.003254;16.4
Barbosa;Santander;2023-02-01;6.0;-73.625;17.21;14.29;0.005591;20082688.0;-0.0036;17.13
Barbosa;Santander;2023-03-01;6.0;-73.625;17.15;15.23;0.010616;17164004.0;-0.00324;17.37
Barbosa;Santander;2023-04-01;6.0;-73.625;17.52;15.55;0.012146;16953856.0;-0.003222;17.59
Barbosa;Santander;2023-05-01;6.0;-73.625;18.6;15.96;0.013492;17319936.0;-0.003368;18.38
Barbosa;Santander;2023-06-01;6.0;-73.625;18.48;15.16;0.012424;18167808.0;-0.003556;18.24
Barbosa;Santander;2023-07-01;6.0;-73.625;18.4;15.1;0.011651;18724608.0;-0.003656;18.28
Barbosa;Santander;2023-08-01;6.0;-73.625;18.41;15.06;0.010166;19782144.0;-0.003714;18.39
Barbosa;Santander;2023-09-01;6.0;-73.625;18.24;14.86;0.010371;20569928.0;-0.003879;18.41
Barbosa;Santander;2023-10-01;6.0;-73.625;17.68;15.86;0.013613;16826880.0;-0.003303;18.16
Barbosa;Santander;2023-11-01;6.0;-73.625;18.08;15.99;0.010798;16908800.0;-0.003198;18.03
Barbosa;Santander;2023-12-01;6.0;-73.625;18.24;16.14;0.004762;18018304.0;-0.003282;18.12
Barbosa;Santander;2024-01-01;6.0;-73.625;18.87;14.88;0.000986;21819392.0;-0.003545;18.03
Barbosa;Santander;2024-02-01;6.0;-73.625;18.48;16.11;0.00769;18926592.0;-0.003492;18.43
Barbosa;Santander;2024-03-01;6.0;-73.625;18.86;16.15;0.005802;20703888.0;-0.003721;18.95
Barbosa;Santander;2024-04-01;6.0;-73.625;18.56;16.34;0.012119;17303296.0;-0.003344;18.75
Barbosa;Santander;2024-05-01;6.0;-73.625;19.02;16.72;0.01647;16099840.0;-0.003223;18.84
Barbosa;Santander;2024-06-01;6.0;-73.625;18.3;16.06;0.01387;16478976.0;-0.003262;18.3
Barbosa;Santander;2024-07-01;6.0;-73.625;18.57;15.0;0.011057;18907136.0;-0.003618;18.36
Barbosa;Santander;2024-08-01;6.0;-73.625;18.13;14.64;0.009446;20031744.0;-0.003789;18.22
Barbosa;Santander;2024-09-01;6.0;-73.625;18.22;14.84;0.01213;19225312.0;-0.003618;18.52
Barbosa;Santander;2024-10-01;6.0;-73.625;18.02;15.52;0.011566;17485056.0;-0.003334;18.1
Barbosa;Santander;2024-11-01;6.0;-73.625;17.4;15.54;0.009316;14849024.0;-0.002829;17.54
Barbosa;Santander;2024-12-01;6.0;-73.625;17.74;15.32;0.005478;17201152.0;-0.003056;17.45
Charala;Santander;2007-01-01;6.125;-73.125;15.3;11.91;0.004359;19627264.0;-0.003232;15.56
Charala;Santander;2007-02-01;6.125;-73.125;15.29;10.27;0.002091;22419456.0;-0.003194;15.35
Charala;Santander;2007-03-01;6.125;-73.125;14.98;11.82;0.008682;18753936.0;-0.003088;15.56
Charala;Santander;2007-04-01;6.125;-73.125;15.34;12.99;0.010924;18205440.0;-0.003376;15.47
Charala;Santander;2007-05-01;6.125;-73.125;14.92;12.93;0.014831;16925568.0;-0.003224;15.28
Charala;Santander;2007-06-01;6.125;-73.125;14.61;12.01;0.010333;18334592.0;-0.003412;14.84
Charala;Santander;2007-07-01;6.125;-73.125;14.5;11.42;0.008708;19645824.0;-0.003426;14.83
Charala;Santander;2007-08-01;6.125;-73.125;14.36;11.62;0.012527;18666112.0;-0.003336;14.73
Charala;Santander;2007-09-01;6.125;-73.125;14.49;11.52;0.010455;20006008.0;-0.003498;14.98
Charala;Santander;2007-10-01;6.125;-73.125;14.27;12.18;0.011139;17689344.0;-0.003171;14.81
Charala;Santander;2007-11-01;6.125;-73.125;14.71;12.27;0.007244;18028544.0;-0.003228;14.8
Charala;Santander;2007-12-01;6.125;-73.125;14.03;11.64;0.004666;17681664.0;-0.00302;14.09
Charala;Santander;2008-01-01;6.125;-73.125;14.42;11.53;0.00389;18788096.0;-0.003079;14.51
Charala;Santander;2008-02-01;6.125;-73.125;14.37;11.59;0.00465;19596032.0;-0.003276;14.46
Charala;Santander;2008-03-01;6.125;-73.125;14.55;11.6;0.005479;20213776.0;-0.003342;14.82
Charala;Santander;2008-04-01;6.125;-73.125;14.57;11.96;0.00953;18538624.0;-0.003292;14.79
Charala;Santander;2008-05-01;6.125;-73.125;14.73;12.33;0.009974;16827136.0;-0.003164;14.69
Charala;Santander;2008-06-01;6.125;-73.125;14.58;12.2;0.012448;17746816.0;-0.00334;14.61
Charala;Santander;2008-07-01;6.125;-73.125;14.4;11.57;0.012208;18118912.0;-0.003348;14.46
Charala;Santander;2008-08-01;6.125;-73.125;14.36;11.54;0.010294;18734464.0;-0.00331;14.68
Charala;Santander;2008-09-01;6.125;-73.125;14.69;11.61;0.009608;19834304.0;-0.003474;15.0
Charala;Santander;2008-10-01;6.125;-73.125;14.69;11.82;0.008102;18820096.0;-0.00327;14.84
Charala;Santander;2008-11-01;6.125;-73.125;14.7;12.6;0.011005;15554304.0;-0.002807;14.76
Charala;Santander;2008-12-01;6.125;-73.125;14.48;11.75;0.003832;17376256.0;-0.002939;14.38
Charala;Santander;2009-01-01;6.125;-73.125;14.51;11.82;0.005141;18164992.0;-0.003108;14.6
Charala;Santander;2009-02-01;6.125;-73.125;14.48;11.61;0.006685;19333632.0;-0.003273;14.86
Charala;Santander;2009-03-01;6.125;-73.125;14.48;12.08;0.008445;18798768.0;-0.003324;15.0
Charala;Santander;2009-04-01;6.125;-73.125;15.18;12.54;0.010626;19357184.0;-0.003483;15.46
Charala;Santander;2009-05-01;6.125;-73.125;15.06;12.17;0.008926;18509440.0;-0.003448;15.12
Charala;Santander;2009-06-01;6.125;-73.125;14.89;12.1;0.012422;17880192.0;-0.003265;15.08
Charala;Santander;2009-07-01;6.125;-73.125;14.76;11.49;0.008914;19367936.0;-0.003354;15.06
Charala;Santander;2009-08-01;6.125;-73.125;15.05;11.72;0.010687;19364480.0;-0.00333;15.29
Charala;Santander;2009-09-01;6.125;-73.125;15.45;11.25;0.006578;21854672.0;-0.003514;15.73
Charala;Santander;2009-10-01;6.125;-73.125;15.14;11.82;0.007226;18748288.0;-0.003092;15.36
Charala;Santander;2009-11-01;6.125;-73.125;15.51;12.44;0.005657;18465792.0;-0.003138;15.43
Charala;Santander;2009-12-01;6.125;-73.125;15.23;11.71;0.003912;18816768.0;-0.002934;15.38
Charala;Santander;2010-01-01;6.125;-73.125;15.78;10.9;0.002014;21558272.0;-0.003097;15.88
Charala;Santander;2010-02-01;6.125;-73.125;16.72;12.3;0.004339;20711040.0;-0.00296;16.89
Charala;Santander;2010-03-01;6.125;-73.125;16.71;12.64;0.007635;20647920.0;-0.003237;16.97
Charala;Santander;2010-04-01;6.125;-73.125;16.27;13.57;0.010945;17267840.0;-0.00324;16.08
Charala;Santander;2010-05-01;6.125;-73.125;15.99;13.7;0.013639;16639232.0;-0.003229;15.9
Charala;Santander;2010-06-01;6.125;-73.125;15.29;12.67;0.013598;17878528.0;-0.00344;15.27
Charala;Santander;2010-07-01;6.125;-73.125;14.63;12.57;0.014152;16443776.0;-0.003175;14.78
Charala;Santander;2010-08-01;6.125;-73.125;14.57;12.14;0.013609;18308992.0;-0.003479;14.91
Charala;Santander;2010-09-01;6.125;-73.125;14.65;12.22;0.011118;18054016.0;-0.003362;14.86
Charala;Santander;2010-10-01;6.125;-73.125;14.97;12.3;0.009841;17962368.0;-0.00328;14.87
Charala;Santander;2010-11-01;6.125;-73.125;14.8;12.86;0.01059;14763776.0;-0.00281;14.45
Charala;Santander;2010-12-01;6.125;-73.125;14.76;12.31;0.007732;16240896.0;-0.003025;14.31
Charala;Santander;2011-01-01;6.125;-73.125;14.92;11.58;0.003906;19113216.0;-0.003273;14.55
Charala;Santander;2011-02-01;6.125;-73.125;14.75;11.85;0.005961;19075200.0;-0.003214;14.62
Charala;Santander;2011-03-01;6.125;-73.125;14.4;11.85;0.008161;17933792.0;-0.003274;14.26
Charala;Santander;2011-04-01;6.125;-73.125;15.09;12.58;0.013046;16696832.0;-0.003183;14.86
Charala;Santander;2011-05-01;6.125;-73.125;15.38;13.02;0.014082;16163840.0;-0.003189;14.96
Charala;Santander;2011-06-01;6.125;-73.125;15.34;12.16;0.010432;18034176.0;-0.003383;15.04
Charala;Santander;2011-07-01;6.125;-73.125;14.63;11.62;0.010346;18295936.0;-0.003403;14.69
Charala;Santander;2011-08-01;6.125;-73.125;14.91;11.64;0.010567;20228352.0;-0.003679;14.94
Charala;Santander;2011-09-01;6.125;-73.125;14.9;11.5;0.008521;19880160.0;-0.003548;14.91
Charala;Santander;2011-10-01;6.125;-73.125;14.59;12.4;0.01075;15803392.0;-0.002958;14.44
Charala;Santander;2011-11-01;6.125;-73.125;14.7;12.78;0.01073;15043072.0;-0.002844;14.39
Charala;Santander;2011-12-01;6.125;-73.125;15.16;12.57;0.006349;16661247.25;-0.00305;14.6
Charala;Santander;2012-01-01;6.125;-73.125;14.76;11.97;0.004486;18536960.0;-0.003258;14.6
Charala;Santander;2012-02-01;6.125;-73.125;14.81;11.28;0.004379;20395392.0;-0.003299;14.73
Charala;Santander;2012-03-01;6.125;-73.125;14.8;12.11;0.008298;18357344.0;-0.003275;14.88
Charala;Santander;2012-04-01;6.125;-73.125;14.84;12.55;0.011557;16382592.0;-0.003145;14.69
Charala;Santander;2012-05-01;6.125;-73.125;15.05;12.29;0.012106;17756672.0;-0.003373;14.88
Charala;Santander;2012-06-01;6.125;-73.125;14.7;11.38;0.007843;19634688.0;-0.00354;14.64
Charala;Santander;2012-07-01;6.125;-73.125;14.55;11.49;0.009613;18409728.0;-0.003365;14.72
Charala;Santander;2012-08-01;6.125;-73.125;14.6;11.62;0.012138;19107712.0;-0.003491;14.88
Charala;Santander;2012-09-01;6.125;-73.125;14.52;11.08;0.009545;20569776.0;-0.003585;15.01
Charala;Santander;2012-10-01;6.125;-73.125;15.15;12.27;0.01057;17506944.0;-0.003216;14.97
Charala;Santander;2012-11-01;6.125;-73.125;15.43;12.4;0.005692;18393856.0;-0.00321;15.2
Charala;Santander;2012-12-01;6.125;-73.125;15.08;11.96;0.004306;18519552.0;-0.003132;14.88
Charala;Santander;2013-01-01;6.125;-73.125;15.68;11.28;0.001475;20625408.0;-0.003068;15.52
Charala;Santander;2013-02-01;6.125;-73.125;15.28;12.56;0.007302;18947712.0;-0.003341;15.44
Charala;Santander;2013-03-01;6.125;-73.125;15.98;12.75;0.007948;19633392.0;-0.00339;16.1
Charala;Santander;2013-04-01;6.125;-73.125;15.97;12.85;0.008402;19193216.0;-0.00337;16.04
Charala;Santander;2013-05-01;6.125;-73.125;15.52;13.02;0.012666;16100736.0;-0.003146;15.17
Charala;Santander;2013-06-01;6.125;-73.125;15.2;11.92;0.009512;18468096.0;-0.003408;15.04
Charala;Santander;2013-07-01;6.125;-73.125;14.93;11.14;0.00874;19507456.0;-0.003353;14.94
Charala;Santander;2013-08-01;6.125;-73.125;14.99;11.83;0.012649;18794240.0;-0.003343;15.0
Charala;Santander;2013-09-01;6.125;-73.125;15.02;11.68;0.009645;19518448.0;-0.003377;15.16
Charala;Santander;2013-10-01;6.125;-73.125;14.94;11.7;0.007466;18748544.0;-0.003242;15.0
Charala;Santander;2013-11-01;6.125;-73.125;14.92;12.36;0.006358;17466112.0;-0.003084;14.68
Charala;Santander;2013-12-01;6.125;-73.125;14.92;12.04;0.005354;18652160.0;-0.003209;14.78
Charala;Santander;2014-01-01;6.125;-73.125;15.12;11.88;0.00305;18948864.0;-0.003128;15.06
Charala;Santander;2014-02-01;6.125;-73.125;15.18;12.07;0.005617;19036416.0;-0.003076;15.32
Charala;Santander;2014-03-01;6.125;-73.125;15.6;12.52;0.006008;19906032.0;-0.003308;15.54
Charala;Santander;2014-04-01;6.125;-73.125;15.88;12.73;0.011653;19212288.0;-0.00345;15.82
Charala;Santander;2014-05-01;6.125;-73.125;15.64;12.86;0.01001;18014336.0;-0.003338;15.39
Charala;Santander;2014-06-01;6.125;-73.125;15.51;12.38;0.010893;18222336.0;-0.003358;15.47
Charala;Santander;2014-07-01;6.125;-73.125;15.39;11.52;0.007038;20125056.0;-0.003431;15.33
Charala;Santander;2014-08-01;6.125;-73.125;14.82;11.29;0.010976;19965056.0;-0.003425;15.16
Charala;Santander;2014-09-01;6.125;-73.125;14.99;11.31;0.008564;20507376.0;-0.003391;15.33
Charala;Santander;2014-10-01;6.125;-73.125;14.76;12.16;0.011566;17980288.0;-0.003174;14.92
Charala;Santander;2014-11-01;6.125;-73.125;15.05;12.51;0.006534;17314560.0;-0.003091;14.78
Charala;Santander;2014-12-01;6.125;-73.125;15.2;11.77;0.004002;19547136.0;-0.003214;14.97
Charala;Santander;2015-01-01;6.125;-73.125;14.84;11.06;0.003222;19904256.0;-0.003071;14.84
Charala;Santander;2015-02-01;6.125;-73.125;15.42;12.17;0.004438;19135616.0;-0.003227;15.32
Charala;Santander;2015-03-01;6.125;-73.125;15.47;12.59;0.006358;19587504.0;-0.003358;15.47
Charala;Santander;2015-04-01;6.125;-73.125;15.5;12.79;0.010806;18563072.0;-0.003531;15.48
Charala;Santander;2015-05-01;6.125;-73.125;15.72;12.47;0.009759;18940032.0;-0.003446;15.71
Charala;Santander;2015-06-01;6.125;-73.125;15.6;12.03;0.009428;18520064.0;-0.003339;15.57
Charala;Santander;2015-07-01;6.125;-73.125;15.29;11.9;0.008886;18032512.0;-0.003237;15.18
Charala;Santander;2015-08-01;6.125;-73.125;15.3;11.84;0.009513;19469568.0;-0.003424;15.36
Charala;Santander;2015-09-01;6.125;-73.125;15.58;11.5;0.006371;20561392.0;-0.003402;15.7
Charala;Santander;2015-10-01;6.125;-73.125;15.53;12.34;0.009016;18088320.0;-0.003124;15.64
Charala;Santander;2015-11-01;6.125;-73.125;15.4;12.98;0.008781;16846848.0;-0.003091;15.18
Charala;Santander;2015-12-01;6.125;-73.125;15.76;11.95;0.004438;19233536.0;-0.00324;15.54
Charala;Santander;2016-01-01;6.125;-73.125;16.1;12.22;0.002887;19826432.0;-0.003032;16.09
Charala;Santander;2016-02-01;6.125;-73.125;16.61;13.42;0.00626;19350528.0;-0.003286;16.64
Charala;Santander;2016-03-01;6.125;-73.125;16.88;13.38;0.005222;20769600.0;-0.003457;16.9
Charala;Santander;2016-04-01;6.125;-73.125;16.18;13.93;0.011746;17607296.0;-0.003384;16.34
Charala;Santander;2016-05-01;6.125;-73.125;15.88;13.41;0.012575;16562944.0;-0.00325;15.71
Charala;Santander;2016-06-01;6.125;-73.125;15.23;12.12;0.010142;18736256.0;-0.003525;15.2
Charala;Santander;2016-07-01;6.125;-73.125;14.94;11.92;0.010689;18562432.0;-0.003366;15.06
Charala;Santander;2016-08-01;6.125;-73.125;15.18;11.72;0.007961;20461312.0;-0.003478;15.54
Charala;Santander;2016-09-01;6.125;-73.125;15.14;11.83;0.008417;20026736.0;-0.003398;15.38
Charala;Santander;2016-10-01;6.125;-73.125;15.42;12.62;0.012042;17896688.0;-0.003211;15.54
Charala;Santander;2016-11-01;6.125;-73.125;15.31;12.98;0.007973;17166080.0;-0.003104;15.15
Charala;Santander;2016-12-01;6.125;-73.125;15.3;12.66;0.006678;17329664.0;-0.003173;14.88
Charala;Santander;2017-01-01;6.125;-73.125;15.05;11.85;0.00467;19426304.0;-0.00333;14.58
Charala;Santander;2017-02-01;6.125;-73.125;15.23;11.04;0.00233;21747968.0;-0.003182;14.87
Charala;Santander;2017-03-01;6.125;-73.125;14.84;12.67;0.009564;17578640.0;-0.003181;15.0
Charala;Santander;2017-04-01;6.125;-73.125;15.64;12.64;0.007701;19651456.0;-0.003591;15.52
Charala;Santander;2017-05-01;6.125;-73.125;15.64;13.16;0.010454;17701120.0;-0.003417;15.58
Charala;Santander;2017-06-01;6.125;-73.125;15.28;12.82;0.011003;17461632.0;-0.003357;15.29
Charala;Santander;2017-07-01;6.125;-73.125;15.19;12.18;0.010929;18355072.0;-0.003476;15.13
Charala;Santander;2017-08-01;6.125;-73.125;15.14;11.92;0.008248;20360704.0;-0.003622;15.34
Charala;Santander;2017-09-01;6.125;-73.125;15.02;12.12;0.009681;19656400.0;-0.00353;15.49
Charala;Santander;2017-10-01;6.125;-73.125;15.08;12.26;0.007552;18218752.0;-0.003217;15.26
Charala;Santander;2017-11-01;6.125;-73.125;15.3;12.7;0.005056;18086912.0;-0.003179;15.2
Charala;Santander;2017-12-01;6.125;-73.125;15.21;11.7;0.002721;19495936.0;-0.003108;14.95
Charala;Santander;2018-01-01;6.125;-73.125;14.79;11.7;0.004171;18735104.0;-0.003216;14.68
Charala;Santander;2018-02-01;6.125;-73.125;15.3;11.19;0.003396;20510720.0;-0.00294;15.08
Charala;Santander;2018-03-01;6.125;-73.125;15.24;11.96;0.005267;20530736.0;-0.003255;15.52
Charala;Santander;2018-04-01;6.125;-73.125;14.77;12.54;0.010512;17636992.0;-0.003287;14.89
Charala;Santander;2018-05-01;6.125;-73.125;14.92;12.91;0.01259;16363520.0;-0.003206;15.0
Charala;Santander;2018-06-01;6.125;-73.125;14.91;12.08;0.010218;18296192.0;-0.003441;15.04
Charala;Santander;2018-07-01;6.125;-73.125;15.1;11.79;0.008581;19456000.0;-0.003419;15.13
Charala;Santander;2018-08-01;6.125;-73.125;14.69;11.06;0.006412;20700800.0;-0.003519;14.92
Charala;Santander;2018-09-01;6.125;-73.125;14.78;12.02;0.010554;19111776.0;-0.003483;15.11
Charala;Santander;2018-10-01;6.125;-73.125;15.26;12.78;0.009764;17262592.0;-0.003236;15.06
Charala;Santander;2018-11-01;6.125;-73.125;15.4;13.12;0.006259;17751808.0;-0.003212;15.18
Charala;Santander;2018-12-01;6.125;-73.125;15.02;10.97;0.001313;20381952.0;-0.003089;14.77
Charala;Santander;2019-01-01;6.125;-73.125;15.15;11.4;0.00212;19628032.0;-0.002943;15.06
Charala;Santander;2019-02-01;6.125;-73.125;15.9;12.47;0.004595;19743104.0;-0.003073;16.08
Charala;Santander;2019-03-01;6.125;-73.125;15.64;13.14;0.007289;18465088.0;-0.0032;15.84
Charala;Santander;2019-04-01;6.125;-73.125;15.82;13.3;0.008656;18004992.0;-0.003423;15.77
Charala;Santander;2019-05-01;6.125;-73.125;15.64;13.25;0.011622;17097472.0;-0.003346;15.59
Charala;Santander;2019-06-01;6.125;-73.125;15.87;12.8;0.009656;18428416.0;-0.003548;15.52
Charala;Santander;2019-07-01;6.125;-73.125;15.28;12.02;0.008295;19582336.0;-0.003536;15.29
Charala;Santander;2019-08-01;6.125;-73.125;14.83;11.56;0.007794;20261120.0;-0.003613;15.04
Charala;Santander;2019-09-01;6.125;-73.125;15.27;12.14;0.008485;20042512.0;-0.003442;15.51
Charala;Santander;2019-10-01;6.125;-73.125;14.7;12.25;0.009584;18410752.0;-0.003389;14.94
Charala;Santander;2019-11-01;6.125;-73.125;15.14;12.69;0.004612;18024192.0;-0.003236;15.06
Charala;Santander;2019-12-01;6.125;-73.125;15.39;12.43;0.003792;18754304.0;-0.003141;15.21
Charala;Santander;2020-01-01;6.125;-73.125;15.39;11.32;0.001254;20030720.0;-0.002935;15.07
Charala;Santander;2020-02-01;6.125;-73.125;15.89;11.82;0.003078;20466176.0;-0.003086;15.78
Charala;Santander;2020-03-01;6.125;-73.125;15.55;12.56;0.00465;20850256.0;-0.003484;15.62
Charala;Santander;2020-04-01;6.125;-73.125;15.84;12.98;0.008367;19543168.0;-0.00348;15.99
Charala;Santander;2020-05-01;6.125;-73.125;16.39;13.2;0.010219;18104576.0;-0.003288;16.37
Charala;Santander;2020-06-01;6.125;-73.125;15.32;12.37;0.009966;17799936.0;-0.003269;15.36
Charala;Santander;2020-07-01;6.125;-73.125;15.08;12.14;0.011959;17973760.0;-0.003248;15.1
Charala;Santander;2020-08-01;6.125;-73.125;15.34;12.19;0.010118;18867328.0;-0.003327;15.46
Charala;Santander;2020-09-01;6.125;-73.125;14.86;11.91;0.009636;19497568.0;-0.003463;15.23
Charala;Santander;2020-10-01;6.125;-73.125;14.86;12.22;0.01111;18268800.0;-0.003254;15.12
Charala;Santander;2020-11-01;6.125;-73.125;15.03;13.02;0.008082;16557312.0;-0.003034;14.9
Charala;Santander;2020-12-01;6.125;-73.125;14.97;11.96;0.003499;18800128.0;-0.003145;14.76
Charala;Santander;2021-01-01;6.125;-73.125;15.19;10.42;0.00303;21017856.0;-0.003189;14.74
Charala;Santander;2021-02-01;6.125;-73.125;15.01;11.36;0.004414;20200192.0;-0.002992;15.33
Charala;Santander;2021-03-01;6.125;-73.125;14.4;11.88;0.007786;18279200.0;-0.003244;14.66
Charala;Santander;2021-04-01;6.125;-73.125;15.14;12.8;0.011606;17654016.0;-0.003318;15.21
Charala;Santander;2021-05-01;6.125;-73.125;15.52;13.1;0.011167;17234816.0;-0.003297;15.24
Charala;Santander;2021-06-01;6.125;-73.125;14.9;12.47;0.011239;17897728.0;-0.003375;14.93
Charala;Santander;2021-07-01;6.125;-73.125;15.08;11.87;0.011488;18824832.0;-0.003456;15.01
Charala;Santander;2021-08-01;6.125;-73.125;14.88;12.14;0.011897;18775168.0;-0.003429;15.06
Charala;Santander;2021-09-01;6.125;-73.125;14.88;11.94;0.01118;19531504.0;-0.003487;15.04
Charala;Santander;2021-10-01;6.125;-73.125;15.08;12.59;0.010357;18361344.0;-0.003251;15.28
Charala;Santander;2021-11-01;6.125;-73.125;15.09;12.49;0.005282;18332928.0;-0.003177;14.92
Charala;Santander;2021-12-01;6.125;-73.125;15.25;12.75;0.004679;18232832.0;-0.003101;15.22
Charala;Santander;2022-01-01;6.125;-73.125;14.9;11.54;0.002024;19354624.0;-0.002909;14.82
Charala;Santander;2022-02-01;6.125;-73.125;14.66;11.88;0.005411;18016896.0;-0.002863;14.73
Charala;Santander;2022-03-01;6.125;-73.125;14.92;12.58;0.008569;18947136.0;-0.003398;15.04
Charala;Santander;2022-04-01;6.125;-73.125;15.04;12.75;0.010836;17238528.0;-0.003233;15.27
Charala;Santander;2022-05-01;6.125;-73.125;15.6;12.96;0.012642;17257216.0;-0.00333;15.34
Charala;Santander;2022-06-01;6.125;-73.125;14.38;12.51;0.013423;16151680.0;-0.003121;14.47
Charala;Santander;2022-07-01;6.125;-73.125;14.88;12.18;0.011293;18445696.0;-0.003418;14.86
Charala;Santander;2022-08-01;6.125;-73.125;14.5;11.66;0.010685;18662912.0;-0.003385;14.77
Charala;Santander;2022-09-01;6.125;-73.125;14.33;11.83;0.010058;19191696.0;-0.003454;14.98
Charala;Santander;2022-10-01;6.125;-73.125;14.66;12.39;0.008494;17747712.0;-0.003205;14.84
Charala;Santander;2022-11-01;6.125;-73.125;14.92;12.85;0.009228;16252672.0;-0.00304;14.83
Charala;Santander;2022-12-01;6.125;-73.125;14.7;11.64;0.002513;18846976.0;-0.003109;14.4
Charala;Santander;2023-01-01;6.125;-73.125;14.47;11.43;0.003873;19121920.0;-0.00319;14.14
Charala;Santander;2023-02-01;6.125;-73.125;14.76;11.6;0.005363;20179968.0;-0.003226;14.78
Charala;Santander;2023-03-01;6.125;-73.125;14.85;12.81;0.008607;17259235.75;-0.003197;15.0
Charala;Santander;2023-04-01;6.125;-73.125;15.16;13.04;0.009679;17759104.0;-0.0033;15.16
Charala;Santander;2023-05-01;6.125;-73.125;16.14;13.46;0.010522;17694848.0;-0.003356;15.8
Charala;Santander;2023-06-01;6.125;-73.125;15.76;12.7;0.010934;18313856.0;-0.003478;15.54
Charala;Santander;2023-07-01;6.125;-73.125;15.76;12.7;0.010042;18824960.0;-0.003482;15.7
Charala;Santander;2023-08-01;6.125;-73.125;15.77;12.43;0.008325;20414208.0;-0.003604;15.74
Charala;Santander;2023-09-01;6.125;-73.125;15.71;12.18;0.007122;21229384.0;-0.00357;15.96
Charala;Santander;2023-10-01;6.125;-73.125;15.28;13.06;0.010355;17634816.0;-0.003199;15.75
Charala;Santander;2023-11-01;6.125;-73.125;15.83;13.34;0.007793;17741056.0;-0.003234;15.64
Charala;Santander;2023-12-01;6.125;-73.125;16.16;13.36;0.003676;18999296.0;-0.003205;15.98
Charala;Santander;2024-01-01;6.125;-73.125;16.7;11.92;0.000945;22659328.0;-0.003224;16.08
Charala;Santander;2024-02-01;6.125;-73.125;16.46;13.57;0.00603;19868288.0;-0.003405;16.34
Charala;Santander;2024-03-01;6.125;-73.125;16.64;13.53;0.004902;21307408.0;-0.003463;16.77
Charala;Santander;2024-04-01;6.125;-73.125;16.35;13.8;0.010273;18539008.0;-0.003437;16.4
Charala;Santander;2024-05-01;6.125;-73.125;16.78;14.32;0.014139;16667136.0;-0.003322;16.36
Charala;Santander;2024-06-01;6.125;-73.125;15.82;13.67;0.013625;16682240.0;-0.003279;15.61
Charala;Santander;2024-07-01;6.125;-73.125;15.94;12.85;0.01124;18441472.0;-0.00345;15.58
Charala;Santander;2024-08-01;6.125;-73.125;15.7;12.29;0.008702;20369024.0;-0.003656;15.52
Charala;Santander;2024-09-01;6.125;-73.125;15.83;12.48;0.009021;19943392.0;-0.003544;15.92
Charala;Santander;2024-10-01;6.125;-73.125;15.84;12.94;0.008663;18582912.0;-0.003418;15.64
Charala;Santander;2024-11-01;6.125;-73.125;15.36;13.21;0.010788;15833088.0;-0.003023;15.2
Charala;Santander;2024-12-01;6.125;-73.125;15.8;12.82;0.00395;18241536.0;-0.003066;15.31
Chipata;Santander;2007-01-01;6.0;-73.625;17.3;14.94;0.006423;18963456.0;-0.003546;17.66
Chipata;Santander;2007-02-01;6.0;-73.625;17.41;13.54;0.001888;21649152.0;-0.003672;17.26
Chipata;Santander;2007-03-01;6.0;-73.625;17.11;14.72;0.011376;17782928.0;-0.003268;17.7
Chipata;Santander;2007-04-01;6.0;-73.625;17.41;15.6;0.01288;17094912.0;-0.00324;17.81
Chipata;Santander;2007-05-01;6.0;-73.625;17.19;15.52;0.016633;16310016.0;-0.003182;17.77
Chipata;Santander;2007-06-01;6.0;-73.625;17.02;14.56;0.012939;17697792.0;-0.003406;17.35
Chipata;Santander;2007-07-01;6.0;-73.625;16.91;14.1;0.010384;18945536.0;-0.003562;17.26
Chipata;Santander;2007-08-01;6.0;-73.625;16.71;14.29;0.015776;18001408.0;-0.003454;17.23
Chipata;Santander;2007-09-01;6.0;-73.625;16.9;14.45;0.015324;19363964.0;-0.003692;17.5
Chipata;Santander;2007-10-01;6.0;-73.625;16.37;14.78;0.011996;16598528.0;-0.003145;17.09
Chipata;Santander;2007-11-01;6.0;-73.625;16.69;14.84;0.008973;16973312.0;-0.003116;17.04
Chipata;Santander;2007-12-01;6.0;-73.625;16.06;14.22;0.005454;16761344.0;-0.002931;16.32
Chipata;Santander;2008-01-01;6.0;-73.625;16.35;14.32;0.004382;17876992.0;-0.003098;16.52
Chipata;Santander;2008-02-01;6.0;-73.625;16.27;14.19;0.005318;19039744.0;-0.003294;16.42
Chipata;Santander;2008-03-01;6.0;-73.625;16.42;14.28;0.006804;19191192.0;-0.003294;16.74
Chipata;Santander;2008-04-01;6.0;-73.625;16.68;14.68;0.010598;17545472.0;-0.003239;17.05
Chipata;Santander;2008-05-01;6.0;-73.625;16.87;14.89;0.0124;16261632.0;-0.003081;17.07
Chipata;Santander;2008-06-01;6.0;-73.625;16.95;14.82;0.015309;17121280.0;-0.003274;17.22
Chipata;Santander;2008-07-01;6.0;-73.625;16.9;14.32;0.016007;17626368.0;-0.003402;17.13
Chipata;Santander;2008-08-01;6.0;-73.625;16.62;14.48;0.012714;17802496.0;-0.003356;17.08
Chipata;Santander;2008-09-01;6.0;-73.625;16.91;14.46;0.012959;18673352.0;-0.003534;17.38
Chipata;Santander;2008-10-01;6.0;-73.625;16.74;14.66;0.009396;17502976.0;-0.003221;17.12
Chipata;Santander;2008-11-01;6.0;-73.625;16.61;15.0;0.008866;14736896.0;-0.002682;16.84
Chipata;Santander;2008-12-01;6.0;-73.625;16.34;14.04;0.003489;17108992.0;-0.002953;16.36
Chipata;Santander;2009-01-01;6.0;-73.625;16.48;14.53;0.006356;16608768.0;-0.002924;16.65
Chipata;Santander;2009-02-01;6.0;-73.625;16.46;14.38;0.006876;18501120.0;-0.003294;16.86
Chipata;Santander;2009-03-01;6.0;-73.625;16.54;14.7;0.010694;17712432.0;-0.003272;17.15
Chipata;Santander;2009-04-01;6.0;-73.625;17.37;15.39;0.013922;18516224.0;-0.003442;17.74
Chipata;Santander;2009-05-01;6.0;-73.625;17.42;15.02;0.014168;17967360.0;-0.003462;17.69
Chipata;Santander;2009-06-01;6.0;-73.625;17.34;14.88;0.015191;17216000.0;-0.003319;17.55
Chipata;Santander;2009-07-01;6.0;-73.625;17.24;14.22;0.012931;19352832.0;-0.003696;17.57
Chipata;Santander;2009-08-01;6.0;-73.625;17.47;14.67;0.014544;18231808.0;-0.003451;17.74
Chipata;Santander;2009-09-01;6.0;-73.625;17.74;14.38;0.011286;20836304.0;-0.00391;18.02
Chipata;Santander;2009-10-01;6.0;-73.625;17.26;14.76;0.010922;17616128.0;-0.003268;17.52
Chipata;Santander;2009-11-01;6.0;-73.625;17.52;15.38;0.006856;16833024.0;-0.003068;17.51
Chipata;Santander;2009-12-01;6.0;-73.625;17.19;15.04;0.00523;17364480.0;-0.003058;17.27
Chipata;Santander;2010-01-01;6.0;-73.625;17.7;14.45;0.00312;20217344.0;-0.003588;17.57
Chipata;Santander;2010-02-01;6.0;-73.625;18.48;15.56;0.004735;19299584.0;-0.00348;18.48
Chipata;Santander;2010-03-01;6.0;-73.625;18.48;16.05;0.009004;18966256.0;-0.003558;18.69
Chipata;Santander;2010-04-01;6.0;-73.625;18.48;16.22;0.01265;16689920.0;-0.003244;18.47
Chipata;Santander;2010-05-01;6.0;-73.625;18.26;16.1;0.013698;15851008.0;-0.003102;18.3
Chipata;Santander;2010-06-01;6.0;-73.625;17.75;15.38;0.016664;17027584.0;-0.003334;17.9
Chipata;Santander;2010-07-01;6.0;-73.625;17.06;15.12;0.02146;16085760.0;-0.003138;17.45
Chipata;Santander;2010-08-01;6.0;-73.625;17.19;14.74;0.0176;17920256.0;-0.00348;17.65
Chipata;Santander;2010-09-01;6.0;-73.625;16.86;15.0;0.014152;16773497.0;-0.003246;17.33
Chipata;Santander;2010-10-01;6.0;-73.625;17.11;14.78;0.011254;16898048.0;-0.003166;17.25
Chipata;Santander;2010-11-01;6.0;-73.625;16.84;15.09;0.010927;13730304.0;-0.002549;16.69
Chipata;Santander;2010-12-01;6.0;-73.625;16.74;14.77;0.00729;14433280.0;-0.002648;16.5
Chipata;Santander;2011-01-01;6.0;-73.625;16.93;14.41;0.004531;18078720.0;-0.003183;16.66
Chipata;Santander;2011-02-01;6.0;-73.625;16.8;14.48;0.006034;18332160.0;-0.003248;16.71
Chipata;Santander;2011-03-01;6.0;-73.625;16.66;14.24;0.009366;17558112.0;-0.003222;16.61
Chipata;Santander;2011-04-01;6.0;-73.625;17.2;15.14;0.016928;15158016.0;-0.002908;17.11
Chipata;Santander;2011-05-01;6.0;-73.625;17.78;15.44;0.017406;16187648.0;-0.003179;17.59
Chipata;Santander;2011-06-01;6.0;-73.625;17.83;14.89;0.013472;17640960.0;-0.003412;17.76
Chipata;Santander;2011-07-01;6.0;-73.625;17.2;14.13;0.01268;17785344.0;-0.00342;17.33
Chipata;Santander;2011-08-01;6.0;-73.625;17.41;14.16;0.014098;19280896.0;-0.003696;17.52
Chipata;Santander;2011-09-01;6.0;-73.625;17.32;14.32;0.012388;19001832.0;-0.003624;17.53
Chipata;Santander;2011-10-01;6.0;-73.625;16.77;14.82;0.009926;15014912.0;-0.002832;16.75
Chipata;Santander;2011-11-01;6.0;-73.625;16.78;15.0;0.010278;14093824.0;-0.002639;16.65
Chipata;Santander;2011-12-01;6.0;-73.625;17.24;15.08;0.006898;15622655.0;-0.00287;16.91
Chipata;Santander;2012-01-01;6.0;-73.625;16.74;14.56;0.004877;17459200.0;-0.003134;16.68
Chipata;Santander;2012-02-01;6.0;-73.625;16.86;14.1;0.004924;19155712.0;-0.003294;16.72
Chipata;Santander;2012-03-01;6.0;-73.625;17.14;14.63;0.012134;18457838.0;-0.00347;17.34
Chipata;Santander;2012-04-01;6.0;-73.625;17.08;15.0;0.012858;15652608.0;-0.002988;17.12
Chipata;Santander;2012-05-01;6.0;-73.625;17.6;14.96;0.017792;16955904.0;-0.003293;17.6
Chipata;Santander;2012-06-01;6.0;-73.625;17.41;14.06;0.01227;19098880.0;-0.003603;17.42
Chipata;Santander;2012-07-01;6.0;-73.625;17.19;13.92;0.012074;18579712.0;-0.003552;17.4
Chipata;Santander;2012-08-01;6.0;-73.625;17.23;14.08;0.015061;18884608.0;-0.003625;17.62
Chipata;Santander;2012-09-01;6.0;-73.625;17.14;13.73;0.014281;19865392.0;-0.003704;17.64
Chipata;Santander;2012-10-01;6.0;-73.625;17.39;14.88;0.013502;16951552.0;-0.003194;17.44
Chipata;Santander;2012-11-01;6.0;-73.625;17.43;15.24;0.007744;17019904.0;-0.003082;17.42
Chipata;Santander;2012-12-01;6.0;-73.625;17.14;14.67;0.004308;17834496.0;-0.003096;16.94
Chipata;Santander;2013-01-01;6.0;-73.625;17.69;14.44;0.002354;19433472.0;-0.003318;17.5
Chipata;Santander;2013-02-01;6.0;-73.625;17.26;15.14;0.008048;18030080.0;-0.003313;17.44
Chipata;Santander;2013-03-01;6.0;-73.625;17.98;15.64;0.0101;18496632.0;-0.003469;18.23
Chipata;Santander;2013-04-01;6.0;-73.625;18.07;15.67;0.011356;18454784.0;-0.00348;18.27
Chipata;Santander;2013-05-01;6.0;-73.625;17.74;15.56;0.016873;15830784.0;-0.00308;17.72
Chipata;Santander;2013-06-01;6.0;-73.625;17.73;14.57;0.011142;17957888.0;-0.003442;17.62
Chipata;Santander;2013-07-01;6.0;-73.625;17.34;13.9;0.011294;19229184.0;-0.003628;17.38
Chipata;Santander;2013-08-01;6.0;-73.625;17.37;14.52;0.014839;18067968.0;-0.003452;17.49
Chipata;Santander;2013-09-01;6.0;-73.625;17.38;14.52;0.014101;18680176.0;-0.003569;17.62
Chipata;Santander;2013-10-01;6.0;-73.625;17.18;14.58;0.010112;17762816.0;-0.003314;17.34
Chipata;Santander;2013-11-01;6.0;-73.625;16.98;14.75;0.006354;16884736.0;-0.00302;16.92
Chipata;Santander;2013-12-01;6.0;-73.625;17.03;14.78;0.006908;17699840.0;-0.003229;17.04
Chipata;Santander;2014-01-01;6.0;-73.625;17.17;14.77;0.004974;17948160.0;-0.003254;17.08
Chipata;Santander;2014-02-01;6.0;-73.625;17.22;14.97;0.007707;18376448.0;-0.003344;17.28
Chipata;Santander;2014-03-01;6.0;-73.625;17.56;15.16;0.004976;18855408.0;-0.003345;17.52
Chipata;Santander;2014-04-01;6.0;-73.625;18.22;15.42;0.015986;18782464.0;-0.003612;18.26
Chipata;Santander;2014-05-01;6.0;-73.625;17.86;15.5;0.012208;17102080.0;-0.003262;17.84
Chipata;Santander;2014-06-01;6.0;-73.625;17.99;15.02;0.014036;18249728.0;-0.003578;17.96
Chipata;Santander;2014-07-01;6.0;-73.625;17.98;13.98;0.008387;19839232.0;-0.003754;17.86
Chipata;Santander;2014-08-01;6.0;-73.625;17.33;13.85;0.011892;19421440.0;-0.003672;17.69
Chipata;Santander;2014-09-01;6.0;-73.625;17.3;14.22;0.013168;19406448.0;-0.003674;17.66
Chipata;Santander;2014-10-01;6.0;-73.625;17.18;14.69;0.014289;17507840.0;-0.003321;17.42
Chipata;Santander;2014-11-01;6.0;-73.625;17.18;15.0;0.007534;16276992.0;-0.002982;17.07
Chipata;Santander;2014-12-01;6.0;-73.625;17.3;14.56;0.004737;18456576.0;-0.00326;17.08
Chipata;Santander;2015-01-01;6.0;-73.625;17.1;13.93;0.00484;19137024.0;-0.00326;17.11
Chipata;Santander;2015-02-01;6.0;-73.625;17.48;15.0;0.006813;18549248.0;-0.003439;17.45
Chipata;Santander;2015-03-01;6.0;-73.625;17.62;15.26;0.008069;18645040.0;-0.003439;17.66
Chipata;Santander;2015-04-01;6.0;-73.625;18.01;15.36;0.013988;18167040.0;-0.003546;18.1
Chipata;Santander;2015-05-01;6.0;-73.625;18.13;15.21;0.014067;18451968.0;-0.00359;18.17
Chipata;Santander;2015-06-01;6.0;-73.625;18.25;14.52;0.012087;18546176.0;-0.003644;18.1
Chipata;Santander;2015-07-01;6.0;-73.625;17.88;14.43;0.013082;18062592.0;-0.003476;17.88
Chipata;Santander;2015-08-01;6.0;-73.625;17.93;14.26;0.01154;19387136.0;-0.003659;18.04
Chipata;Santander;2015-09-01;6.0;-73.625;18.05;14.14;0.012112;20066928.0;-0.003727;18.26
Chipata;Santander;2015-10-01;6.0;-73.625;17.84;15.09;0.01193;17256192.0;-0.003256;17.98
Chipata;Santander;2015-11-01;6.0;-73.625;17.7;15.48;0.011998;16681984.0;-0.003158;17.64
Chipata;Santander;2015-12-01;6.0;-73.625;18.22;14.64;0.009996;19346432.0;-0.00367;18.09
Chipata;Santander;2016-01-01;6.0;-73.625;18.14;15.2;0.00424;19001344.0;-0.003324;17.94
Chipata;Santander;2016-02-01;6.0;-73.625;18.74;16.04;0.00724;18743296.0;-0.003508;18.73
Chipata;Santander;2016-03-01;6.0;-73.625;18.98;16.4;0.006733;19268168.0;-0.003566;19.06
Chipata;Santander;2016-04-01;6.0;-73.625;18.43;16.34;0.014289;16980736.0;-0.003344;18.76
Chipata;Santander;2016-05-01;6.0;-73.625;18.39;15.89;0.017288;16826368.0;-0.003353;18.4
Chipata;Santander;2016-06-01;6.0;-73.625;17.91;14.67;0.013044;18608128.0;-0.003642;17.94
Chipata;Santander;2016-07-01;6.0;-73.625;17.42;14.64;0.014031;18233856.0;-0.00356;17.69
Chipata;Santander;2016-08-01;6.0;-73.625;17.64;14.43;0.011328;19898624.0;-0.003779;18.04
Chipata;Santander;2016-09-01;6.0;-73.625;17.44;14.77;0.013028;18989936.0;-0.003647;17.78
Chipata;Santander;2016-10-01;6.0;-73.625;17.51;15.38;0.012532;16425215.0;-0.003142;17.72
Chipata;Santander;2016-11-01;6.0;-73.625;17.38;15.36;0.007817;16475136.0;-0.003042;17.38
Chipata;Santander;2016-12-01;6.0;-73.625;17.31;15.18;0.007728;16288768.0;-0.002977;17.1
Chipata;Santander;2017-01-01;6.0;-73.625;17.12;14.13;0.005253;19113984.0;-0.003388;16.66
Chipata;Santander;2017-02-01;6.0;-73.625;17.64;13.64;0.002591;21108736.0;-0.003484;17.08
Chipata;Santander;2017-03-01;6.0;-73.625;17.12;15.08;0.009853;17147806.0;-0.00317;17.37
Chipata;Santander;2017-04-01;6.0;-73.625;17.99;15.39;0.01055;18927872.0;-0.003595;18.02
Chipata;Santander;2017-05-01;6.0;-73.625;17.95;15.71;0.013889;17164032.0;-0.003358;18.04
Chipata;Santander;2017-06-01;6.0;-73.625;17.79;15.38;0.014572;17342720.0;-0.003376;17.89
Chipata;Santander;2017-07-01;6.0;-73.625;18.01;14.5;0.013376;18812416.0;-0.003692;17.86
Chipata;Santander;2017-08-01;6.0;-73.625;17.68;14.73;0.0104;19831296.0;-0.00376;17.9
Chipata;Santander;2017-09-01;6.0;-73.625;17.48;14.93;0.015459;19063374.0;-0.003686;17.96
Chipata;Santander;2017-10-01;6.0;-73.625;17.42;15.03;0.009928;17932288.0;-0.00338;17.68
Chipata;Santander;2017-11-01;6.0;-73.625;17.37;15.46;0.005635;16729088.0;-0.003016;17.31
Chipata;Santander;2017-12-01;6.0;-73.625;17.37;14.43;0.002448;18811904.0;-0.003175;17.02
Chipata;Santander;2018-01-01;6.0;-73.625;17.04;14.51;0.005397;18112000.0;-0.003243;16.92
Chipata;Santander;2018-02-01;6.0;-73.625;17.61;13.61;0.003294;20488960.0;-0.003485;17.02
Chipata;Santander;2018-03-01;6.0;-73.625;17.53;14.85;0.007701;19706664.0;-0.003578;17.75
Chipata;Santander;2018-04-01;6.0;-73.625;17.16;14.93;0.011123;17346048.0;-0.003272;17.34
Chipata;Santander;2018-05-01;6.0;-73.625;17.38;15.58;0.019118;16038144.0;-0.003151;17.62
Chipata;Santander;2018-06-01;6.0;-73.625;17.62;14.75;0.014459;18627072.0;-0.0036;17.79
Chipata;Santander;2018-07-01;6.0;-73.625;17.51;14.36;0.009819;19362816.0;-0.003694;17.55
Chipata;Santander;2018-08-01;6.0;-73.625;17.34;13.38;0.007462;20786688.0;-0.003878;17.5
Chipata;Santander;2018-09-01;6.0;-73.625;17.29;14.6;0.012123;18807256.0;-0.003584;17.67
Chipata;Santander;2018-10-01;6.0;-73.625;17.48;15.44;0.011973;16614912.0;-0.003147;17.52
Chipata;Santander;2018-11-01;6.0;-73.625;17.59;15.7;0.007145;16920576.0;-0.0031;17.54
Chipata;Santander;2018-12-01;6.0;-73.625;17.32;13.72;0.002053;20210176.0;-0.003358;16.87
Chipata;Santander;2019-01-01;6.0;-73.625;17.5;14.08;0.002985;19297792.0;-0.003322;17.24
Chipata;Santander;2019-02-01;6.0;-73.625;17.99;15.38;0.006556;19133696.0;-0.003498;18.1
Chipata;Santander;2019-03-01;6.0;-73.625;17.85;15.8;0.009712;17986120.0;-0.003382;18.1
Chipata;Santander;2019-04-01;6.0;-73.625;18.1;15.8;0.011648;17761536.0;-0.003428;18.22
Chipata;Santander;2019-05-01;6.0;-73.625;18.08;15.87;0.016891;16166144.0;-0.003186;18.12
Chipata;Santander;2019-06-01;6.0;-73.625;18.34;15.24;0.012444;18575104.0;-0.003676;18.14
Chipata;Santander;2019-07-01;6.0;-73.625;17.88;14.6;0.009134;19706624.0;-0.0038;17.92
Chipata;Santander;2019-08-01;6.0;-73.625;17.84;13.48;0.005156;20894976.0;-0.003828;17.88
Chipata;Santander;2019-09-01;6.0;-73.625;17.88;14.55;0.009972;19471892.0;-0.003425;18.12
Chipata;Santander;2019-10-01;6.0;-73.625;17.05;15.06;0.012472;17343488.0;-0.003273;17.38
Chipata;Santander;2019-11-01;6.0;-73.625;17.4;15.31;0.005466;17622528.0;-0.003199;17.48
Chipata;Santander;2019-12-01;6.0;-73.625;17.73;15.18;0.00487;18244608.0;-0.003119;17.5
Chipata;Santander;2020-01-01;6.0;-73.625;17.64;13.8;0.001004;20064256.0;-0.003203;17.16
Chipata;Santander;2020-02-01;6.0;-73.625;18.53;14.3;0.002644;20610560.0;-0.003364;18.2
Chipata;Santander;2020-03-01;6.0;-73.625;18.12;14.99;0.00537;20990680.0;-0.003656;18.17
Chipata;Santander;2020-04-01;6.0;-73.625;18.2;15.78;0.010634;18893056.0;-0.003574;18.42
Chipata;Santander;2020-05-01;6.0;-73.625;18.79;16.05;0.013072;17777152.0;-0.003514;18.75
Chipata;Santander;2020-06-01;6.0;-73.625;17.76;15.15;0.011696;17675264.0;-0.003445;17.86
Chipata;Santander;2020-07-01;6.0;-73.625;17.6;14.98;0.01375;17623552.0;-0.003436;17.62
Chipata;Santander;2020-08-01;6.0;-73.625;17.84;14.92;0.010924;18361856.0;-0.003534;17.92
Chipata;Santander;2020-09-01;6.0;-73.625;17.3;14.62;0.012662;18755940.0;-0.003578;17.69
Chipata;Santander;2020-10-01;6.0;-73.625;17.34;15.0;0.016963;17774336.0;-0.003442;17.63
Chipata;Santander;2020-11-01;6.0;-73.625;17.13;15.47;0.009868;15911424.0;-0.002962;17.24
Chipata;Santander;2020-12-01;6.0;-73.625;17.02;14.79;0.004179;17766912.0;-0.00307;16.82
Chipata;Santander;2021-01-01;6.0;-73.625;17.4;13.28;0.002657;20413952.0;-0.003442;16.62
Chipata;Santander;2021-02-01;6.0;-73.625;17.4;13.9;0.003904;20125184.0;-0.003404;17.46
Chipata;Santander;2021-03-01;6.0;-73.625;16.78;14.28;0.009338;18393896.0;-0.00336;17.09
Chipata;Santander;2021-04-01;6.0;-73.625;17.51;15.43;0.015552;17009152.0;-0.00329;17.69
Chipata;Santander;2021-05-01;6.0;-73.625;17.91;15.67;0.013694;16905472.0;-0.00325;17.76
Chipata;Santander;2021-06-01;6.0;-73.625;17.33;15.08;0.014121;17105920.0;-0.003318;17.46
Chipata;Santander;2021-07-01;6.0;-73.625;17.62;14.38;0.01365;18656000.0;-0.00364;17.55
Chipata;Santander;2021-08-01;6.0;-73.625;17.27;14.71;0.014189;18116352.0;-0.003495;17.55
Chipata;Santander;2021-09-01;6.0;-73.625;17.2;14.66;0.012792;18518136.0;-0.003559;17.41
Chipata;Santander;2021-10-01;6.0;-73.625;17.28;15.4;0.011967;17150464.0;-0.003244;17.6
Chipata;Santander;2021-11-01;6.0;-73.625;17.07;15.1;0.005998;17330688.0;-0.003072;16.99
Chipata;Santander;2021-12-01;6.0;-73.625;17.41;15.46;0.005256;17092608.0;-0.003051;17.38
Chipata;Santander;2022-01-01;6.0;-73.625;16.95;14.24;0.002972;18915840.0;-0.003225;16.74
Chipata;Santander;2022-02-01;6.0;-73.625;16.85;14.48;0.005606;17821696.0;-0.003108;16.83
Chipata;Santander;2022-03-01;6.0;-73.625;17.23;15.17;0.009398;18144068.0;-0.003306;17.36
Chipata;Santander;2022-04-01;6.0;-73.625;17.33;15.34;0.014495;16631295.0;-0.003203;17.64
Chipata;Santander;2022-05-01;6.0;-73.625;17.95;15.54;0.014834;16470272.0;-0.003223;17.8
Chipata;Santander;2022-06-01;6.0;-73.625;16.76;15.08;0.014962;16145664.0;-0.003106;17.08
Chipata;Santander;2022-07-01;6.0;-73.625;17.23;14.68;0.012904;17952000.0;-0.003448;17.46
Chipata;Santander;2022-08-01;6.0;-73.625;16.98;14.33;0.012914;18346240.0;-0.00352;17.37
Chipata;Santander;2022-09-01;6.0;-73.625;16.76;14.64;0.013093;18489866.0;-0.003562;17.48
Chipata;Santander;2022-10-01;6.0;-73.625;16.91;15.0;0.010371;16785664.0;-0.003133;17.24
Chipata;Santander;2022-11-01;6.0;-73.625;17.04;15.07;0.009667;15861760.0;-0.00294;17.12
Chipata;Santander;2022-12-01;6.0;-73.625;16.83;14.32;0.003186;18145280.0;-0.003128;16.64
Chipata;Santander;2023-01-01;6.0;-73.625;16.73;14.18;0.005415;18405888.0;-0.003254;16.4
Chipata;Santander;2023-02-01;6.0;-73.625;17.21;14.29;0.005591;20082688.0;-0.0036;17.13
Chipata;Santander;2023-03-01;6.0;-73.625;17.15;15.23;0.010616;17164004.0;-0.00324;17.37
Chipata;Santander;2023-04-01;6.0;-73.625;17.52;15.55;0.012146;16953856.0;-0.003222;17.59
Chipata;Santander;2023-05-01;6.0;-73.625;18.6;15.96;0.013492;17319936.0;-0.003368;18.38
Chipata;Santander;2023-06-01;6.0;-73.625;18.48;15.16;0.012424;18167808.0;-0.003556;18.24
Chipata;Santander;2023-07-01;6.0;-73.625;18.4;15.1;0.011651;18724608.0;-0.003656;18.28
Chipata;Santander;2023-08-01;6.0;-73.625;18.41;15.06;0.010166;19782144.0;-0.003714;18.39
Chipata;Santander;2023-09-01;6.0;-73.625;18.24;14.86;0.010371;20569928.0;-0.003879;18.41
Chipata;Santander;2023-10-01;6.0;-73.625;17.68;15.86;0.013613;16826880.0;-0.003303;18.16
Chipata;Santander;2023-11-01;6.0;-73.625;18.08;15.99;0.010798;16908800.0;-0.003198;18.03
Chipata;Santander;2023-12-01;6.0;-73.625;18.24;16.14;0.004762;18018304.0;-0.003282;18.12
Chipata;Santander;2024-01-01;6.0;-73.625;18.87;14.88;0.000986;21819392.0;-0.003545;18.03
Chipata;Santander;2024-02-01;6.0;-73.625;18.48;16.11;0.00769;18926592.0;-0.003492;18.43
Chipata;Santander;2024-03-01;6.0;-73.625;18.86;16.15;0.005802;20703888.0;-0.003721;18.95
Chipata;Santander;2024-04-01;6.0;-73.625;18.56;16.34;0.012119;17303296.0;-0.003344;18.75
Chipata;Santander;2024-05-01;6.0;-73.625;19.02;16.72;0.01647;16099840.0;-0.003223;18.84
Chipata;Santander;2024-06-01;6.0;-73.625;18.3;16.06;0.01387;16478976.0;-0.003262;18.3
Chipata;Santander;2024-07-01;6.0;-73.625;18.57;15.0;0.011057;18907136.0;-0.003618;18.36
Chipata;Santander;2024-08-01;6.0;-73.625;18.13;14.64;0.009446;20031744.0;-0.003789;18.22
Chipata;Santander;2024-09-01;6.0;-73.625;18.22;14.84;0.01213;19225312.0;-0.003618;18.52
Chipata;Santander;2024-10-01;6.0;-73.625;18.02;15.52;0.011566;17485056.0;-0.003334;18.1
Chipata;Santander;2024-11-01;6.0;-73.625;17.4;15.54;0.009316;14849024.0;-0.002829;17.54
Chipata;Santander;2024-12-01;6.0;-73.625;17.74;15.32;0.005478;17201152.0;-0.003056;17.45
Confines;Santander;2007-01-01;6.375;-73.25;17.99;15.52;0.004553;20307968.0;-0.003628;18.41
Confines;Santander;2007-02-01;6.375;-73.25;18.1;14.04;0.003139;22460672.0;-0.003393;18.29
Confines;Santander;2007-03-01;6.375;-73.25;17.76;15.3;0.009144;19255952.0;-0.003326;18.52
Confines;Santander;2007-04-01;6.375;-73.25;18.06;16.36;0.012778;18754816.0;-0.003598;18.48
Confines;Santander;2007-05-01;6.375;-73.25;17.62;16.14;0.016164;17267968.0;-0.003454;18.19
Confines;Santander;2007-06-01;6.375;-73.25;17.45;15.39;0.015196;18676480.0;-0.003611;18.0
Confines;Santander;2007-07-01;6.375;-73.25;17.34;14.89;0.013715;19892480.0;-0.003701;18.01
Confines;Santander;2007-08-01;6.375;-73.25;17.1;15.01;0.017036;18787584.0;-0.003598;17.74
Confines;Santander;2007-09-01;6.375;-73.25;17.3;15.02;0.014634;20035450.0;-0.003732;18.04
Confines;Santander;2007-10-01;6.375;-73.25;17.02;15.28;0.011578;18087168.0;-0.003366;17.81
Confines;Santander;2007-11-01;6.375;-73.25;17.49;15.45;0.008444;18165760.0;-0.003296;17.86
Confines;Santander;2007-12-01;6.375;-73.25;16.77;14.69;0.005196;17411072.0;-0.00303;17.1
Confines;Santander;2008-01-01;6.375;-73.25;17.2;14.72;0.003968;19005952.0;-0.003255;17.52
Confines;Santander;2008-02-01;6.375;-73.25;17.23;14.8;0.006322;19983360.0;-0.003382;17.6
Confines;Santander;2008-03-01;6.375;-73.25;17.35;14.71;0.006474;20736152.0;-0.00336;17.98
Confines;Santander;2008-04-01;6.375;-73.25;17.34;15.32;0.011596;18960896.0;-0.003542;17.9
Confines;Santander;2008-05-01;6.375;-73.25;17.54;15.49;0.012969;17288192.0;-0.003338;17.82
Confines;Santander;2008-06-01;6.375;-73.25;17.31;15.4;0.01513;18298112.0;-0.003588;17.66
Confines;Santander;2008-07-01;6.375;-73.25;17.2;14.9;0.017397;18448384.0;-0.003583;17.62
Confines;Santander;2008-08-01;6.375;-73.25;17.17;14.85;0.012298;18983424.0;-0.003497;17.79
Confines;Santander;2008-09-01;6.375;-73.25;17.47;14.97;0.011682;19892680.0;-0.003626;18.08
Confines;Santander;2008-10-01;6.375;-73.25;17.49;15.08;0.010182;19028992.0;-0.003382;17.95
Confines;Santander;2008-11-01;6.375;-73.25;17.27;15.58;0.0143;15100928.0;-0.002881;17.56
Confines;Santander;2008-12-01;6.375;-73.25;17.23;14.77;0.003402;17178624.0;-0.003016;17.33
Confines;Santander;2009-01-01;6.375;-73.25;17.24;14.98;0.005782;18446336.0;-0.003164;17.57
Confines;Santander;2009-02-01;6.375;-73.25;17.27;14.96;0.007433;19770368.0;-0.003414;17.92
Confines;Santander;2009-03-01;6.375;-73.25;17.31;15.26;0.00888;19397680.0;-0.003534;18.02
Confines;Santander;2009-04-01;6.375;-73.25;18.01;15.9;0.013609;19793664.0;-0.003585;18.58
Confines;Santander;2009-05-01;6.375;-73.25;17.94;15.66;0.011722;18769408.0;-0.003626;18.29
Confines;Santander;2009-06-01;6.375;-73.25;17.69;15.52;0.01845;18333440.0;-0.003561;18.18
Confines;Santander;2009-07-01;6.375;-73.25;17.68;15.02;0.013808;19799808.0;-0.003704;18.3
Confines;Santander;2009-08-01;6.375;-73.25;17.83;15.33;0.016506;19574784.0;-0.003698;18.4
Confines;Santander;2009-09-01;6.375;-73.25;18.25;15.12;0.008872;21647308.0;-0.003903;18.76
Confines;Santander;2009-10-01;6.375;-73.25;17.87;15.38;0.00987;18763520.0;-0.003392;18.3
Confines;Santander;2009-11-01;6.375;-73.25;18.3;15.84;0.006735;18569728.0;-0.003274;18.45
Confines;Santander;2009-12-01;6.375;-73.25;17.98;15.3;0.0042;19056128.0;-0.003137;18.26
Confines;Santander;2010-01-01;6.375;-73.25;18.52;14.79;0.001882;21743104.0;-0.003202;18.75
Confines;Santander;2010-02-01;6.375;-73.25;19.46;15.94;0.004063;20911616.0;-0.003025;19.81
Confines;Santander;2010-03-01;6.375;-73.25;19.23;16.39;0.008167;21038576.0;-0.003593;19.66
Confines;Santander;2010-04-01;6.375;-73.25;19.08;16.76;0.01212;18161408.0;-0.003492;19.23
Confines;Santander;2010-05-01;6.375;-73.25;18.7;16.71;0.016634;17291520.0;-0.003446;18.93
Confines;Santander;2010-06-01;6.375;-73.25;18.02;16.1;0.017401;18266624.0;-0.00369;18.32
Confines;Santander;2010-07-01;6.375;-73.25;17.37;15.74;0.014988;16697600.0;-0.003353;17.79
Confines;Santander;2010-08-01;6.375;-73.25;17.5;15.41;0.017773;18680832.0;-0.003639;18.1
Confines;Santander;2010-09-01;6.375;-73.25;17.48;15.34;0.011463;18207352.0;-0.003497;17.92
Confines;Santander;2010-10-01;6.375;-73.25;17.74;15.5;0.014083;17828864.0;-0.003418;17.98
Confines;Santander;2010-11-01;6.375;-73.25;17.46;15.68;0.01146;14612992.0;-0.002874;17.36
Confines;Santander;2010-12-01;6.375;-73.25;17.42;15.42;0.009236;15860224.0;-0.003038;17.24
Confines;Santander;2011-01-01;6.375;-73.25;17.76;14.76;0.003865;19398144.0;-0.003215;17.72
Confines;Santander;2011-02-01;6.375;-73.25;17.65;14.94;0.0059;19460096.0;-0.003229;17.8
Confines;Santander;2011-03-01;6.375;-73.25;17.26;14.99;0.009799;18336608.0;-0.003435;17.46
Confines;Santander;2011-04-01;6.375;-73.25;17.86;15.61;0.012792;16933888.0;-0.003268;17.92
Confines;Santander;2011-05-01;6.375;-73.25;18.14;16.06;0.016274;16841216.0;-0.003464;18.06
Confines;Santander;2011-06-01;6.375;-73.25;18.06;15.57;0.014076;18363904.0;-0.003622;18.17
Confines;Santander;2011-07-01;6.375;-73.25;17.48;14.98;0.01601;18751744.0;-0.00364;17.95
Confines;Santander;2011-08-01;6.375;-73.25;17.8;15.0;0.013354;20430592.0;-0.003835;18.2
Confines;Santander;2011-09-01;6.375;-73.25;17.85;14.99;0.01219;20114664.0;-0.003686;18.25
Confines;Santander;2011-10-01;6.375;-73.25;17.35;15.36;0.012245;15630080.0;-0.003062;17.46
Confines;Santander;2011-11-01;6.375;-73.25;17.46;15.7;0.011588;15114752.0;-0.002938;17.44
Confines;Santander;2011-12-01;6.375;-73.25;17.79;15.79;0.008555;16448511.0;-0.003134;17.56
Confines;Santander;2012-01-01;6.375;-73.25;17.43;15.24;0.004692;18770944.0;-0.003401;17.58
Confines;Santander;2012-02-01;6.375;-73.25;17.6;14.63;0.00491;20622592.0;-0.003393;17.74
Confines;Santander;2012-03-01;6.375;-73.25;17.71;15.27;0.010812;19223280.0;-0.003549;18.11
Confines;Santander;2012-04-01;6.375;-73.25;17.67;15.65;0.013108;17025024.0;-0.003357;17.81
Confines;Santander;2012-05-01;6.375;-73.25;17.92;15.63;0.015467;18353152.0;-0.003622;18.11
Confines;Santander;2012-06-01;6.375;-73.25;17.77;14.89;0.01221;20014592.0;-0.003721;18.11
Confines;Santander;2012-07-01;6.375;-73.25;17.55;14.92;0.015651;18919680.0;-0.003645;18.13
Confines;Santander;2012-08-01;6.375;-73.25;17.57;15.08;0.017712;19531264.0;-0.003749;18.2
Confines;Santander;2012-09-01;6.375;-73.25;17.45;14.74;0.014631;20568882.0;-0.003862;18.26
Confines;Santander;2012-10-01;6.375;-73.25;17.95;15.42;0.011864;17709056.0;-0.00338;18.08
Confines;Santander;2012-11-01;6.375;-73.25;18.14;15.74;0.006826;18112512.0;-0.003265;18.18
Confines;Santander;2012-12-01;6.375;-73.25;17.98;15.26;0.005151;18605056.0;-0.003194;18.02
Confines;Santander;2013-01-01;6.375;-73.25;18.62;14.81;0.001658;20821504.0;-0.003097;18.63
Confines;Santander;2013-02-01;6.375;-73.25;18.04;15.84;0.008518;19323136.0;-0.003451;18.44
Confines;Santander;2013-03-01;6.375;-73.25;18.72;16.16;0.00923;20176760.0;-0.00356;19.1
Confines;Santander;2013-04-01;6.375;-73.25;18.86;16.2;0.009197;19991552.0;-0.003588;19.2
Confines;Santander;2013-05-01;6.375;-73.25;18.32;16.1;0.01492;16564224.0;-0.003276;18.34
Confines;Santander;2013-06-01;6.375;-73.25;18.1;15.37;0.014606;18587136.0;-0.003528;18.31
Confines;Santander;2013-07-01;6.375;-73.25;17.87;14.88;0.01384;19956736.0;-0.00369;18.2
Confines;Santander;2013-08-01;6.375;-73.25;17.81;15.26;0.017301;19235584.0;-0.003664;18.16
Confines;Santander;2013-09-01;6.375;-73.25;17.94;15.26;0.012712;19536244.0;-0.003577;18.34
Confines;Santander;2013-10-01;6.375;-73.25;17.76;15.15;0.009429;18610176.0;-0.003361;18.04
Confines;Santander;2013-11-01;6.375;-73.25;17.66;15.42;0.006848;17419776.0;-0.003178;17.7
Confines;Santander;2013-12-01;6.375;-73.25;17.72;15.28;0.005574;18803712.0;-0.003367;17.81
Confines;Santander;2014-01-01;6.375;-73.25;18.01;15.14;0.003492;19530240.0;-0.003179;18.18
Confines;Santander;2014-02-01;6.375;-73.25;18.13;15.38;0.006436;19715840.0;-0.003159;18.52
Confines;Santander;2014-03-01;6.375;-73.25;18.26;15.82;0.007114;20232176.0;-0.003492;18.46
Confines;Santander;2014-04-01;6.375;-73.25;18.83;16.1;0.013224;20131840.0;-0.00369;19.08
Confines;Santander;2014-05-01;6.375;-73.25;18.46;16.21;0.011837;18175744.0;-0.003456;18.52
Confines;Santander;2014-06-01;6.375;-73.25;18.46;15.88;0.015909;18871296.0;-0.003655;18.8
Confines;Santander;2014-07-01;6.375;-73.25;18.36;15.27;0.014077;20518400.0;-0.003853;18.76
Confines;Santander;2014-08-01;6.375;-73.25;17.69;14.96;0.015892;20243200.0;-0.003828;18.31
Confines;Santander;2014-09-01;6.375;-73.25;17.8;14.98;0.011305;20305780.0;-0.00369;18.32
Confines;Santander;2014-10-01;6.375;-73.25;17.64;15.6;0.014444;18392832.0;-0.003502;18.06
Confines;Santander;2014-11-01;6.375;-73.25;17.81;15.7;0.007642;17297408.0;-0.003238;17.83
Confines;Santander;2014-12-01;6.375;-73.25;18.08;15.18;0.004288;19670016.0;-0.00331;18.06
Confines;Santander;2015-01-01;6.375;-73.25;17.88;14.56;0.00366;20550656.0;-0.003229;18.16
Confines;Santander;2015-02-01;6.375;-73.25;18.28;15.36;0.005632;19792384.0;-0.00339;18.44
Confines;Santander;2015-03-01;6.375;-73.25;18.38;15.78;0.008946;20200752.0;-0.003472;18.73
Confines;Santander;2015-04-01;6.375;-73.25;18.38;16.06;0.012558;19476224.0;-0.00381;18.7
Confines;Santander;2015-05-01;6.375;-73.25;18.6;16.0;0.012844;19512320.0;-0.00377;18.92
Confines;Santander;2015-06-01;6.375;-73.25;18.56;15.61;0.014992;19216384.0;-0.003738;18.94
Confines;Santander;2015-07-01;6.375;-73.25;18.23;15.47;0.01457;18593024.0;-0.003646;18.51
Confines;Santander;2015-08-01;6.375;-73.25;18.24;15.48;0.0155;19700992.0;-0.003817;18.66
Confines;Santander;2015-09-01;6.375;-73.25;18.52;15.42;0.010234;20485998.0;-0.003827;18.9
Confines;Santander;2015-10-01;6.375;-73.25;18.3;15.91;0.0113;18128128.0;-0.003392;18.62
Confines;Santander;2015-11-01;6.375;-73.25;18.13;16.18;0.010874;16896512.0;-0.003282;18.16
Confines;Santander;2015-12-01;6.375;-73.25;18.77;15.61;0.006826;19672576.0;-0.003561;18.79
Confines;Santander;2016-01-01;6.375;-73.25;18.82;15.6;0.004782;19889664.0;-0.003232;18.98
Confines;Santander;2016-02-01;6.375;-73.25;19.3;16.81;0.009004;20456448.0;-0.003638;19.59
Confines;Santander;2016-03-01;6.375;-73.25;19.58;16.84;0.010098;21641280.0;-0.003758;19.9
Confines;Santander;2016-04-01;6.375;-73.25;19.05;16.98;0.01193;18540288.0;-0.003528;19.56
Confines;Santander;2016-05-01;6.375;-73.25;18.78;16.6;0.015882;17315072.0;-0.003494;18.99
Confines;Santander;2016-06-01;6.375;-73.25;18.19;15.54;0.01634;19218688.0;-0.003724;18.57
Confines;Santander;2016-07-01;6.375;-73.25;17.88;15.42;0.015438;18800384.0;-0.003575;18.35
Confines;Santander;2016-08-01;6.375;-73.25;18.06;15.34;0.01291;20554752.0;-0.003828;18.76
Confines;Santander;2016-09-01;6.375;-73.25;17.92;15.32;0.012002;19995500.0;-0.003672;18.37
Confines;Santander;2016-10-01;6.375;-73.25;18.1;15.84;0.011646;18057216.0;-0.003407;18.46
Confines;Santander;2016-11-01;6.375;-73.25;18.06;15.92;0.009181;17381376.0;-0.003268;18.22
Confines;Santander;2016-12-01;6.375;-73.25;18.08;15.65;0.006452;17623040.0;-0.00327;17.94
Confines;Santander;2017-01-01;6.375;-73.25;17.9;14.85;0.00496;19729920.0;-0.003458;17.71
Confines;Santander;2017-02-01;6.375;-73.25;18.31;14.16;0.003942;22302208.0;-0.003276;18.32
Confines;Santander;2017-03-01;6.375;-73.25;17.74;15.75;0.012596;18593440.0;-0.003436;18.26
Confines;Santander;2017-04-01;6.375;-73.25;18.47;15.91;0.008667;20553472.0;-0.003886;18.69
Confines;Santander;2017-05-01;6.375;-73.25;18.45;16.22;0.012124;18366720.0;-0.003578;18.77
Confines;Santander;2017-06-01;6.375;-73.25;18.12;15.91;0.013222;18031616.0;-0.003531;18.48
Confines;Santander;2017-07-01;6.375;-73.25;18.2;15.43;0.017944;19081216.0;-0.003686;18.65
Confines;Santander;2017-08-01;6.375;-73.25;18.05;15.34;0.011098;20499456.0;-0.0038;18.63
Confines;Santander;2017-09-01;6.375;-73.25;17.9;15.52;0.012033;19947344.0;-0.003724;18.7
Confines;Santander;2017-10-01;6.375;-73.25;17.9;15.58;0.009096;18488064.0;-0.003435;18.34
Confines;Santander;2017-11-01;6.375;-73.25;18.14;15.78;0.005931;18445824.0;-0.003232;18.38
Confines;Santander;2017-12-01;6.375;-73.25;18.05;14.88;0.004496;19809280.0;-0.00326;18.06
Confines;Santander;2018-01-01;6.375;-73.25;17.7;14.9;0.005422;19292160.0;-0.0033;17.9
Confines;Santander;2018-02-01;6.375;-73.25;18.35;13.93;0.002746;20753152.0;-0.002961;18.38
Confines;Santander;2018-03-01;6.375;-73.25;18.29;15.24;0.007492;21323312.0;-0.00336;18.9
Confines;Santander;2018-04-01;6.375;-73.25;17.64;15.68;0.012698;18620928.0;-0.003568;18.18
Confines;Santander;2018-05-01;6.375;-73.25;17.74;16.0;0.013445;17056256.0;-0.003399;18.12
Confines;Santander;2018-06-01;6.375;-73.25;17.77;15.46;0.01657;18950400.0;-0.003703;18.37
Confines;Santander;2018-07-01;6.375;-73.25;18.02;15.26;0.012737;19930880.0;-0.003723;18.48
Confines;Santander;2018-08-01;6.375;-73.25;17.74;14.65;0.010892;21215232.0;-0.003927;18.38
Confines;Santander;2018-09-01;6.375;-73.25;17.76;15.32;0.012734;19632856.0;-0.003669;18.46
Confines;Santander;2018-10-01;6.375;-73.25;18.04;15.9;0.010084;17654784.0;-0.003436;18.2
Confines;Santander;2018-11-01;6.375;-73.25;18.2;16.2;0.006813;17923584.0;-0.003278;18.34
Confines;Santander;2018-12-01;6.375;-73.25;17.99;14.32;0.002098;21010432.0;-0.003165;17.99
Confines;Santander;2019-01-01;6.375;-73.25;18.16;14.57;0.003134;20300288.0;-0.003064;18.34
Confines;Santander;2019-02-01;6.375;-73.25;18.87;15.36;0.004726;20729088.0;-0.003052;19.36
Confines;Santander;2019-03-01;6.375;-73.25;18.58;16.26;0.010129;19639888.0;-0.003338;19.14
Confines;Santander;2019-04-01;6.375;-73.25;18.7;16.32;0.009489;19025152.0;-0.003617;19.04
Confines;Santander;2019-05-01;6.375;-73.25;18.54;16.31;0.012855;17788928.0;-0.003508;18.83
Confines;Santander;2019-06-01;6.375;-73.25;18.89;16.07;0.015091;19205376.0;-0.00376;19.03
Confines;Santander;2019-07-01;6.375;-73.25;18.28;15.48;0.01275;20139008.0;-0.003808;18.76
Confines;Santander;2019-08-01;6.375;-73.25;17.97;14.98;0.013188;21098496.0;-0.003976;18.73
Confines;Santander;2019-09-01;6.375;-73.25;18.2;15.46;0.011307;20488984.0;-0.003745;18.84
Confines;Santander;2019-10-01;6.375;-73.25;17.56;15.52;0.010646;18781696.0;-0.003535;18.13
Confines;Santander;2019-11-01;6.375;-73.25;18.04;15.74;0.00539;18217472.0;-0.003312;18.3
Confines;Santander;2019-12-01;6.375;-73.25;18.3;15.68;0.004956;18944512.0;-0.003186;18.48
Confines;Santander;2020-01-01;6.375;-73.25;18.38;14.46;0.002061;20332032.0;-0.003108;18.36
Confines;Santander;2020-02-01;6.375;-73.25;18.93;15.08;0.005092;20934656.0;-0.003158;19.14
Confines;Santander;2020-03-01;6.375;-73.25;18.4;15.68;0.00696;21934544.0;-0.003874;18.84
Confines;Santander;2020-04-01;6.375;-73.25;18.56;16.39;0.010036;20159488.0;-0.003792;19.04
Confines;Santander;2020-05-01;6.375;-73.25;19.14;16.68;0.013874;18788352.0;-0.003604;19.44
Confines;Santander;2020-06-01;6.375;-73.25;18.12;15.73;0.013546;18355456.0;-0.003516;18.45
Confines;Santander;2020-07-01;6.375;-73.25;17.87;15.44;0.014732;18468352.0;-0.003506;18.18
Confines;Santander;2020-08-01;6.375;-73.25;18.1;15.56;0.013864;19211520.0;-0.003586;18.54
Confines;Santander;2020-09-01;6.375;-73.25;17.63;15.36;0.014152;19608418.0;-0.003708;18.26
Confines;Santander;2020-10-01;6.375;-73.25;17.55;15.58;0.015865;18400768.0;-0.003548;18.08
Confines;Santander;2020-11-01;6.375;-73.25;17.72;15.86;0.008106;17103360.0;-0.003172;17.88
Confines;Santander;2020-12-01;6.375;-73.25;17.7;15.12;0.003738;19220992.0;-0.003218;17.8
Confines;Santander;2021-01-01;6.375;-73.25;18.02;13.54;0.0028;21488128.0;-0.003264;17.78
Confines;Santander;2021-02-01;6.375;-73.25;18.02;14.37;0.006127;20961280.0;-0.003113;18.66
Confines;Santander;2021-03-01;6.375;-73.25;17.37;14.8;0.009692;19490608.0;-0.003483;18.02
Confines;Santander;2021-04-01;6.375;-73.25;18.0;16.04;0.014542;18366720.0;-0.0035;18.44
Confines;Santander;2021-05-01;6.375;-73.25;18.27;16.24;0.013485;17924352.0;-0.00353;18.37
Confines;Santander;2021-06-01;6.375;-73.25;17.7;15.74;0.013527;18468864.0;-0.003568;18.07
Confines;Santander;2021-07-01;6.375;-73.25;17.94;15.24;0.017274;19340032.0;-0.003705;18.29
Confines;Santander;2021-08-01;6.375;-73.25;17.66;15.38;0.015446;19241472.0;-0.003664;18.24
Confines;Santander;2021-09-01;6.375;-73.25;17.78;15.23;0.012662;20055416.0;-0.003681;18.26
Confines;Santander;2021-10-01;6.375;-73.25;17.81;15.76;0.011212;18765568.0;-0.003431;18.34
Confines;Santander;2021-11-01;6.375;-73.25;17.84;15.5;0.00538;18568192.0;-0.003266;17.99
Confines;Santander;2021-12-01;6.375;-73.25;18.03;15.84;0.004545;18260480.0;-0.00315;18.28
Confines;Santander;2022-01-01;6.375;-73.25;17.76;14.64;0.002508;19081728.0;-0.002906;17.92
Confines;Santander;2022-02-01;6.375;-73.25;17.6;14.77;0.005484;18855424.0;-0.002967;17.95
Confines;Santander;2022-03-01;6.375;-73.25;17.78;15.85;0.010166;19889728.0;-0.003643;18.25
Confines;Santander;2022-04-01;6.375;-73.25;17.85;15.9;0.012311;18002432.0;-0.003455;18.39
Confines;Santander;2022-05-01;6.375;-73.25;18.34;16.31;0.015322;17726464.0;-0.003552;18.4
Confines;Santander;2022-06-01;6.375;-73.25;17.12;15.5;0.014468;16797184.0;-0.003322;17.51
Confines;Santander;2022-07-01;6.375;-73.25;17.58;15.33;0.014479;18670336.0;-0.00357;17.96
Confines;Santander;2022-08-01;6.375;-73.25;17.36;14.99;0.01362;18954496.0;-0.003604;17.9
Confines;Santander;2022-09-01;6.375;-73.25;17.23;15.07;0.012128;19766800.0;-0.003689;18.13
Confines;Santander;2022-10-01;6.375;-73.25;17.51;15.4;0.00981;18053120.0;-0.00334;17.95
Confines;Santander;2022-11-01;6.375;-73.25;17.76;15.66;0.008512;16703488.0;-0.003134;18.0
Confines;Santander;2022-12-01;6.375;-73.25;17.62;14.55;0.002714;19231232.0;-0.003065;17.64
Confines;Santander;2023-01-01;6.375;-73.25;17.42;14.45;0.003779;19522560.0;-0.003203;17.39
Confines;Santander;2023-02-01;6.375;-73.25;17.8;14.51;0.004987;20774656.0;-0.003285;18.02
Confines;Santander;2023-03-01;6.375;-73.25;17.69;15.82;0.009796;18001632.0;-0.003368;18.16
Confines;Santander;2023-04-01;6.375;-73.25;18.03;16.19;0.01141;18615808.0;-0.003547;18.37
Confines;Santander;2023-05-01;6.375;-73.25;18.94;16.62;0.012259;18220288.0;-0.003554;18.91
Confines;Santander;2023-06-01;6.375;-73.25;18.55;16.04;0.01636;18674688.0;-0.003706;18.68
Confines;Santander;2023-07-01;6.375;-73.25;18.72;16.07;0.015717;19562240.0;-0.003765;19.1
Confines;Santander;2023-08-01;6.375;-73.25;18.66;15.92;0.014381;20556032.0;-0.00387;19.06
Confines;Santander;2023-09-01;6.375;-73.25;18.64;15.82;0.012058;21453644.0;-0.003935;19.18
Confines;Santander;2023-10-01;6.375;-73.25;18.19;16.24;0.011734;18186752.0;-0.003425;18.88
Confines;Santander;2023-11-01;6.375;-73.25;18.6;16.56;0.009066;17958912.0;-0.003406;18.7
Confines;Santander;2023-12-01;6.375;-73.25;18.94;16.56;0.003981;19369984.0;-0.003328;19.0
Confines;Santander;2024-01-01;6.375;-73.25;19.45;15.2;0.000856;23088640.0;-0.003324;19.11
Confines;Santander;2024-02-01;6.375;-73.25;19.23;16.56;0.00591;20264192.0;-0.003497;19.44
Confines;Santander;2024-03-01;6.375;-73.25;19.43;16.84;0.011775;22018448.0;-0.003744;19.86
Confines;Santander;2024-04-01;6.375;-73.25;19.05;16.92;0.010751;19265280.0;-0.003719;19.42
Confines;Santander;2024-05-01;6.375;-73.25;19.42;17.55;0.018294;17065984.0;-0.003569;19.36
Confines;Santander;2024-06-01;6.375;-73.25;18.48;16.8;0.01673;16979200.0;-0.003511;18.61
Confines;Santander;2024-07-01;6.375;-73.25;18.63;16.23;0.018488;19083008.0;-0.003829;18.77
Confines;Santander;2024-08-01;6.375;-73.25;18.56;15.71;0.013588;20701696.0;-0.003869;18.93
Confines;Santander;2024-09-01;6.375;-73.25;18.65;15.76;0.013126;19930082.0;-0.003717;19.21
Confines;Santander;2024-10-01;6.375;-73.25;18.56;16.18;0.012077;18691072.0;-0.003496;18.78
Confines;Santander;2024-11-01;6.375;-73.25;17.95;16.12;0.011683;15952384.0;-0.003177;18.16
Confines;Santander;2024-12-01;6.375;-73.25;18.43;16.02;0.004724;18334720.0;-0.003209;18.26
Curiti;Santander;2007-01-01;6.625;-73.0;19.57;15.58;0.005598;19703808.0;-0.003629;18.76
Curiti;Santander;2007-02-01;6.625;-73.0;19.1;13.69;0.004357;22589184.0;-0.003571;18.13
Curiti;Santander;2007-03-01;6.625;-73.0;19.27;15.34;0.011958;18881936.0;-0.003343;18.87
Curiti;Santander;2007-04-01;6.625;-73.0;19.24;16.58;0.025318;18490112.0;-0.003582;18.7
Curiti;Santander;2007-05-01;6.625;-73.0;18.74;16.44;0.026123;16375808.0;-0.003265;18.36
Curiti;Santander;2007-06-01;6.625;-73.0;18.9;16.0;0.021826;16992768.0;-0.003286;18.37
Curiti;Santander;2007-07-01;6.625;-73.0;18.9;15.4;0.017696;18602496.0;-0.003424;18.52
Curiti;Santander;2007-08-01;6.625;-73.0;18.36;15.48;0.02239;17899008.0;-0.003324;18.13
Curiti;Santander;2007-09-01;6.625;-73.0;18.53;15.18;0.01447;19162992.0;-0.003463;18.42
Curiti;Santander;2007-10-01;6.625;-73.0;18.21;15.58;0.017601;18163456.0;-0.003319;18.14
Curiti;Santander;2007-11-01;6.625;-73.0;18.81;15.61;0.015478;17794048.0;-0.003324;18.19
Curiti;Santander;2007-12-01;6.625;-73.0;18.05;14.92;0.011339;17249280.0;-0.003104;17.38
Curiti;Santander;2008-01-01;6.625;-73.0;18.56;14.64;0.006584;18760192.0;-0.003315;17.8
Curiti;Santander;2008-02-01;6.625;-73.0;18.63;15.08;0.010036;19452672.0;-0.003438;17.99
Curiti;Santander;2008-03-01;6.625;-73.0;18.77;14.7;0.00973;20754848.0;-0.003506;18.45
Curiti;Santander;2008-04-01;6.625;-73.0;18.58;15.6;0.015952;18387712.0;-0.0035;18.26
Curiti;Santander;2008-05-01;6.625;-73.0;18.77;15.89;0.020999;16606720.0;-0.003238;18.13
Curiti;Santander;2008-06-01;6.625;-73.0;18.7;15.89;0.02393;17329920.0;-0.003416;18.04
Curiti;Santander;2008-07-01;6.625;-73.0;18.58;15.41;0.025002;17164800.0;-0.003317;17.99
Curiti;Santander;2008-08-01;6.625;-73.0;18.49;15.16;0.017282;18288128.0;-0.003306;18.22
Curiti;Santander;2008-09-01;6.625;-73.0;18.67;15.2;0.014404;19553472.0;-0.003508;18.46
Curiti;Santander;2008-10-01;6.625;-73.0;18.8;15.17;0.015048;18752000.0;-0.003365;18.36
Curiti;Santander;2008-11-01;6.625;-73.0;18.37;15.86;0.02567;14998016.0;-0.002876;17.84
Curiti;Santander;2008-12-01;6.625;-73.0;18.26;15.24;0.013525;17209856.0;-0.003169;17.52
Curiti;Santander;2009-01-01;6.625;-73.0;18.73;15.18;0.009934;18095616.0;-0.00328;17.92
Curiti;Santander;2009-02-01;6.625;-73.0;18.96;15.14;0.010356;19218688.0;-0.003482;18.41
Curiti;Santander;2009-03-01;6.625;-73.0;18.63;15.6;0.014101;19019056.0;-0.003598;18.4
Curiti;Santander;2009-04-01;6.625;-73.0;19.37;16.04;0.016282;18942976.0;-0.003474;18.89
Curiti;Santander;2009-05-01;6.625;-73.0;19.09;15.76;0.013006;17856256.0;-0.003409;18.58
Curiti;Santander;2009-06-01;6.625;-73.0;18.9;15.82;0.018845;17139968.0;-0.003296;18.54
Curiti;Santander;2009-07-01;6.625;-73.0;19.22;15.5;0.018742;18028800.0;-0.003361;18.74
Curiti;Santander;2009-08-01;6.625;-73.0;19.24;15.68;0.020802;18576128.0;-0.00347;18.84
Curiti;Santander;2009-09-01;6.625;-73.0;19.7;15.23;0.008132;20646848.0;-0.00367;19.16
Curiti;Santander;2009-10-01;6.625;-73.0;19.21;15.61;0.012603;18226432.0;-0.003346;18.63
Curiti;Santander;2009-11-01;6.625;-73.0;19.66;15.78;0.00914;18510848.0;-0.00333;18.89
Curiti;Santander;2009-12-01;6.625;-73.0;19.61;14.86;0.005911;19118080.0;-0.003256;18.66
Curiti;Santander;2010-01-01;6.625;-73.0;19.9;14.12;0.001386;21607424.0;-0.003293;18.91
Curiti;Santander;2010-02-01;6.625;-73.0;20.94;16.0;0.005097;20800512.0;-0.003215;20.26
Curiti;Santander;2010-03-01;6.625;-73.0;20.66;16.34;0.009692;20844528.0;-0.00364;19.99
Curiti;Santander;2010-04-01;6.625;-73.0;20.19;16.92;0.017325;17687040.0;-0.003382;19.45
Curiti;Santander;2010-05-01;6.625;-73.0;19.74;16.89;0.024777;16733952.0;-0.003344;19.1
Curiti;Santander;2010-06-01;6.625;-73.0;19.06;16.4;0.026058;17451008.0;-0.0035;18.48
Curiti;Santander;2010-07-01;6.625;-73.0;18.49;16.2;0.029992;15589120.0;-0.003122;17.96
Curiti;Santander;2010-08-01;6.625;-73.0;18.67;15.89;0.025506;17571072.0;-0.003313;18.4
Curiti;Santander;2010-09-01;6.625;-73.0;18.51;15.52;0.018551;17890688.0;-0.003292;18.16
Curiti;Santander;2010-10-01;6.625;-73.0;18.74;15.7;0.020217;17695744.0;-0.003354;18.21
Curiti;Santander;2010-11-01;6.625;-73.0;18.5;16.04;0.022401;14928384.0;-0.00293;17.57
Curiti;Santander;2010-12-01;6.625;-73.0;18.34;15.44;0.018169;16220160.0;-0.003149;17.43
Curiti;Santander;2011-01-01;6.625;-73.0;18.84;14.19;0.007386;19756544.0;-0.003378;17.73
Curiti;Santander;2011-02-01;6.625;-73.0;18.86;15.18;0.010336;18832384.0;-0.003301;18.06
Curiti;Santander;2011-03-01;6.625;-73.0;18.4;15.33;0.015902;17674336.0;-0.003308;17.74
Curiti;Santander;2011-04-01;6.625;-73.0;18.93;15.92;0.020616;16714752.0;-0.003202;18.23
Curiti;Santander;2011-05-01;6.625;-73.0;19.1;16.44;0.020363;15960832.0;-0.003206;18.22
Curiti;Santander;2011-06-01;6.625;-73.0;19.22;16.06;0.022008;17121280.0;-0.003352;18.46
Curiti;Santander;2011-07-01;6.625;-73.0;18.7;15.52;0.021875;17453824.0;-0.003316;18.28
Curiti;Santander;2011-08-01;6.625;-73.0;18.92;15.26;0.01602;19730688.0;-0.003582;18.56
Curiti;Santander;2011-09-01;6.625;-73.0;19.04;15.1;0.011716;19620832.0;-0.003482;18.6
Curiti;Santander;2011-10-01;6.625;-73.0;18.26;15.64;0.01776;15668480.0;-0.002982;17.74
Curiti;Santander;2011-11-01;6.625;-73.0;18.42;16.03;0.021814;15306752.0;-0.002976;17.69
Curiti;Santander;2011-12-01;6.625;-73.0;18.91;15.93;0.016926;16218623.0;-0.003162;17.83
Curiti;Santander;2012-01-01;6.625;-73.0;18.7;15.4;0.009438;18850816.0;-0.003504;17.9
Curiti;Santander;2012-02-01;6.625;-73.0;18.75;14.52;0.00937;20567040.0;-0.003568;17.84
Curiti;Santander;2012-03-01;6.625;-73.0;19.06;15.56;0.009528;18238192.0;-0.00341;18.39
Curiti;Santander;2012-04-01;6.625;-73.0;18.65;15.96;0.017352;16665088.0;-0.003242;18.02
Curiti;Santander;2012-05-01;6.625;-73.0;19.15;16.05;0.017768;17402368.0;-0.003375;18.42
Curiti;Santander;2012-06-01;6.625;-73.0;19.17;15.22;0.012902;18568192.0;-0.003386;18.56
Curiti;Santander;2012-07-01;6.625;-73.0;19.02;15.6;0.021242;17113856.0;-0.003244;18.49
Curiti;Santander;2012-08-01;6.625;-73.0;18.82;15.58;0.021491;18434304.0;-0.003405;18.49
Curiti;Santander;2012-09-01;6.625;-73.0;18.84;15.12;0.01362;19560240.0;-0.003566;18.66
Curiti;Santander;2012-10-01;6.625;-73.0;19.03;15.66;0.0164;17418752.0;-0.003238;18.36
Curiti;Santander;2012-11-01;6.625;-73.0;19.25;15.77;0.013896;18044416.0;-0.003325;18.49
Curiti;Santander;2012-12-01;6.625;-73.0;19.43;15.34;0.00921;18079744.0;-0.003227;18.44
Curiti;Santander;2013-01-01;6.625;-73.0;20.0;15.02;0.002803;20131328.0;-0.003194;18.9
Curiti;Santander;2013-02-01;6.625;-73.0;19.48;16.06;0.010512;18767872.0;-0.003466;18.81
Curiti;Santander;2013-03-01;6.625;-73.0;20.25;16.33;0.011746;19594096.0;-0.003536;19.52
Curiti;Santander;2013-04-01;6.625;-73.0;20.27;16.36;0.00919;19481856.0;-0.00346;19.59
Curiti;Santander;2013-05-01;6.625;-73.0;19.49;16.42;0.024565;15576576.0;-0.003093;18.57
Curiti;Santander;2013-06-01;6.625;-73.0;19.49;15.83;0.018799;16982528.0;-0.003204;18.74
Curiti;Santander;2013-07-01;6.625;-73.0;19.38;15.36;0.015955;18525696.0;-0.003407;18.69
Curiti;Santander;2013-08-01;6.625;-73.0;19.18;15.71;0.021002;18209280.0;-0.00342;18.61
Curiti;Santander;2013-09-01;6.625;-73.0;19.14;15.49;0.015132;18701168.0;-0.003348;18.76
Curiti;Santander;2013-10-01;6.625;-73.0;19.01;15.36;0.014109;18300160.0;-0.003347;18.45
Curiti;Santander;2013-11-01;6.625;-73.0;18.83;15.73;0.015657;17001984.0;-0.00317;18.02
Curiti;Santander;2013-12-01;6.625;-73.0;19.16;15.44;0.009954;17980416.0;-0.003314;18.18
Curiti;Santander;2014-01-01;6.625;-73.0;19.62;14.92;0.003742;19528192.0;-0.003256;18.64
Curiti;Santander;2014-02-01;6.625;-73.0;19.74;15.59;0.007062;19156992.0;-0.003254;19.01
Curiti;Santander;2014-03-01;6.625;-73.0;19.63;16.13;0.011292;20073968.0;-0.003654;18.9
Curiti;Santander;2014-04-01;6.625;-73.0;20.28;16.19;0.013994;19210752.0;-0.00353;19.45
Curiti;Santander;2014-05-01;6.625;-73.0;19.69;16.42;0.016806;17569280.0;-0.003366;18.81
Curiti;Santander;2014-06-01;6.625;-73.0;20.03;16.45;0.019728;16855552.0;-0.003261;19.28
Curiti;Santander;2014-07-01;6.625;-73.0;20.1;15.97;0.014205;18396928.0;-0.003436;19.31
Curiti;Santander;2014-08-01;6.625;-73.0;19.17;15.52;0.018252;18922752.0;-0.003494;18.75
Curiti;Santander;2014-09-01;6.625;-73.0;19.14;15.26;0.01491;19478128.0;-0.003511;18.74
Curiti;Santander;2014-10-01;6.625;-73.0;18.76;15.74;0.015086;17559552.0;-0.003322;18.34
Curiti;Santander;2014-11-01;6.625;-73.0;19.03;16.08;0.015382;17104384.0;-0.003248;18.17
Curiti;Santander;2014-12-01;6.625;-73.0;19.37;15.01;0.006793;19177472.0;-0.003316;18.34
Curiti;Santander;2015-01-01;6.625;-73.0;19.6;14.37;0.004245;20271104.0;-0.003234;18.72
Curiti;Santander;2015-02-01;6.625;-73.0;19.55;15.27;0.005616;19450368.0;-0.003443;18.7
Curiti;Santander;2015-03-01;6.625;-73.0;19.7;15.89;0.007712;19969328.0;-0.003577;19.07
Curiti;Santander;2015-04-01;6.625;-73.0;19.54;16.36;0.017561;18284800.0;-0.003587;19.0
Curiti;Santander;2015-05-01;6.625;-73.0;20.0;16.26;0.016384;18066432.0;-0.003492;19.27
Curiti;Santander;2015-06-01;6.625;-73.0;20.2;16.16;0.015778;17119744.0;-0.003287;19.41
Curiti;Santander;2015-07-01;6.625;-73.0;19.86;16.05;0.017596;16736768.0;-0.003236;18.98
Curiti;Santander;2015-08-01;6.625;-73.0;19.76;15.97;0.015485;18071040.0;-0.003385;19.1
Curiti;Santander;2015-09-01;6.625;-73.0;20.0;15.68;0.009781;19588208.0;-0.003575;19.34
Curiti;Santander;2015-10-01;6.625;-73.0;19.56;16.1;0.013532;17612032.0;-0.003273;18.97
Curiti;Santander;2015-11-01;6.625;-73.0;19.32;16.54;0.01617;15785472.0;-0.003105;18.43
Curiti;Santander;2015-12-01;6.625;-73.0;20.47;15.78;0.007053;18605056.0;-0.003408;19.3
Curiti;Santander;2016-01-01;6.625;-73.0;20.03;16.13;0.006846;19909632.0;-0.003345;19.28
Curiti;Santander;2016-02-01;6.625;-73.0;20.68;17.02;0.00612;20245248.0;-0.003688;19.87
Curiti;Santander;2016-03-01;6.625;-73.0;21.1;17.02;0.006254;21739328.0;-0.003846;20.34
Curiti;Santander;2016-04-01;6.625;-73.0;20.16;17.22;0.014044;18152192.0;-0.003424;19.78
Curiti;Santander;2016-05-01;6.625;-73.0;19.97;16.93;0.01621;15921408.0;-0.003172;19.22
Curiti;Santander;2016-06-01;6.625;-73.0;19.58;16.04;0.019266;17285632.0;-0.003324;18.9
Curiti;Santander;2016-07-01;6.625;-73.0;19.4;15.83;0.020106;17260800.0;-0.003305;18.77
Curiti;Santander;2016-08-01;6.625;-73.0;19.6;15.82;0.012864;19385600.0;-0.003502;19.24
Curiti;Santander;2016-09-01;6.625;-73.0;19.22;15.52;0.013778;19171168.0;-0.003472;18.76
Curiti;Santander;2016-10-01;6.625;-73.0;19.21;15.91;0.014396;18174464.0;-0.003376;18.8
Curiti;Santander;2016-11-01;6.625;-73.0;18.98;16.21;0.012657;17119744.0;-0.003168;18.43
Curiti;Santander;2016-12-01;6.625;-73.0;19.25;15.66;0.012215;17463296.0;-0.003311;18.22
Curiti;Santander;2017-01-01;6.625;-73.0;19.23;15.2;0.00637;18917376.0;-0.003333;18.1
Curiti;Santander;2017-02-01;6.625;-73.0;19.7;13.92;0.002418;21957376.0;-0.003328;18.68
Curiti;Santander;2017-03-01;6.625;-73.0;18.85;16.09;0.014592;17486496.0;-0.003294;18.46
Curiti;Santander;2017-04-01;6.625;-73.0;19.52;16.01;0.011532;19854592.0;-0.003719;18.87
Curiti;Santander;2017-05-01;6.625;-73.0;19.52;16.38;0.016992;17319680.0;-0.003332;18.98
Curiti;Santander;2017-06-01;6.625;-73.0;19.28;16.24;0.022383;16929024.0;-0.00329;18.76
Curiti;Santander;2017-07-01;6.625;-73.0;19.45;15.99;0.021263;17208320.0;-0.003255;19.0
Curiti;Santander;2017-08-01;6.625;-73.0;19.24;15.52;0.012734;19820800.0;-0.003571;19.01
Curiti;Santander;2017-09-01;6.625;-73.0;19.08;15.69;0.012421;19258448.0;-0.00344;19.05
Curiti;Santander;2017-10-01;6.625;-73.0;18.95;15.75;0.01208;17948160.0;-0.003299;18.63
Curiti;Santander;2017-11-01;6.625;-73.0;19.3;15.75;0.008893;18586624.0;-0.003297;18.67
Curiti;Santander;2017-12-01;6.625;-73.0;19.19;14.66;0.006987;19599872.0;-0.00335;18.28
Curiti;Santander;2018-01-01;6.625;-73.0;18.99;14.83;0.007324;18768896.0;-0.003288;18.22
Curiti;Santander;2018-02-01;6.625;-73.0;19.3;14.42;0.003476;20098560.0;-0.003228;18.45
Curiti;Santander;2018-03-01;6.625;-73.0;19.45;15.57;0.007309;20730408.0;-0.003533;19.03
Curiti;Santander;2018-04-01;6.625;-73.0;18.63;16.05;0.016808;17566208.0;-0.003394;18.35
Curiti;Santander;2018-05-01;6.625;-73.0;18.82;16.34;0.023616;16118528.0;-0.003236;18.31
Curiti;Santander;2018-06-01;6.625;-73.0;19.16;15.96;0.019954;16980224.0;-0.003298;18.74
Curiti;Santander;2018-07-01;6.625;-73.0;19.62;15.7;0.01496;18168576.0;-0.003384;18.98
Curiti;Santander;2018-08-01;6.625;-73.0;19.2;15.09;0.011638;19792128.0;-0.003591;18.77
Curiti;Santander;2018-09-01;6.625;-73.0;19.1;15.62;0.014046;19062752.0;-0.003454;18.82
Curiti;Santander;2018-10-01;6.625;-73.0;19.02;16.15;0.018269;17335040.0;-0.003336;18.44
Curiti;Santander;2018-11-01;6.625;-73.0;19.25;16.31;0.010696;17251328.0;-0.003223;18.57
Curiti;Santander;2018-12-01;6.625;-73.0;19.58;14.28;0.002008;20672512.0;-0.003213;18.52
Curiti;Santander;2019-01-01;6.625;-73.0;19.8;14.73;0.001607;20067328.0;-0.002856;19.07
Curiti;Santander;2019-02-01;6.625;-73.0;20.19;15.37;0.004045;20628736.0;-0.003284;19.69
Curiti;Santander;2019-03-01;6.625;-73.0;19.96;16.41;0.008651;19036232.0;-0.003358;19.51
Curiti;Santander;2019-04-01;6.625;-73.0;19.9;16.63;0.011372;18490112.0;-0.003438;19.4
Curiti;Santander;2019-05-01;6.625;-73.0;19.74;16.7;0.019024;17014528.0;-0.003304;19.18
Curiti;Santander;2019-06-01;6.625;-73.0;20.28;16.54;0.01909;17256192.0;-0.003364;19.41
Curiti;Santander;2019-07-01;6.625;-73.0;19.82;15.86;0.01522;18642688.0;-0.003459;19.23
Curiti;Santander;2019-08-01;6.625;-73.0;19.41;15.78;0.012488;19621376.0;-0.003606;19.19
Curiti;Santander;2019-09-01;6.625;-73.0;19.45;15.74;0.010051;20211472.0;-0.003606;19.12
Curiti;Santander;2019-10-01;6.625;-73.0;18.6;15.68;0.01452;18415872.0;-0.00342;18.39
Curiti;Santander;2019-11-01;6.625;-73.0;19.1;15.88;0.010544;18055680.0;-0.003312;18.63
Curiti;Santander;2019-12-01;6.625;-73.0;19.61;15.68;0.00593;18400256.0;-0.003252;18.84
Curiti;Santander;2020-01-01;6.625;-73.0;19.58;14.62;0.003578;19962880.0;-0.003188;18.63
Curiti;Santander;2020-02-01;6.625;-73.0;20.27;15.13;0.004847;20753152.0;-0.003254;19.44
Curiti;Santander;2020-03-01;6.625;-73.0;19.66;16.12;0.005964;21818836.0;-0.00391;19.19
Curiti;Santander;2020-04-01;6.625;-73.0;19.6;16.38;0.01423;19860224.0;-0.003771;19.19
Curiti;Santander;2020-05-01;6.625;-73.0;20.56;16.79;0.016312;17739264.0;-0.003374;19.84
Curiti;Santander;2020-06-01;6.625;-73.0;19.46;16.08;0.020392;17223424.0;-0.003321;18.82
Curiti;Santander;2020-07-01;6.625;-73.0;19.2;15.82;0.022871;17415936.0;-0.003304;18.58
Curiti;Santander;2020-08-01;6.625;-73.0;19.42;15.94;0.01943;18344960.0;-0.003406;18.9
Curiti;Santander;2020-09-01;6.625;-73.0;18.68;15.6;0.018672;18913376.0;-0.00352;18.5
Curiti;Santander;2020-10-01;6.625;-73.0;18.66;15.78;0.016928;17651200.0;-0.003284;18.38
Curiti;Santander;2020-11-01;6.625;-73.0;18.71;16.05;0.015528;16906752.0;-0.003143;18.04
Curiti;Santander;2020-12-01;6.625;-73.0;18.98;14.88;0.006189;19323392.0;-0.0033;18.1
Curiti;Santander;2021-01-01;6.625;-73.0;19.26;13.5;0.005226;21157888.0;-0.00332;17.95
Curiti;Santander;2021-02-01;6.625;-73.0;19.43;14.71;0.004284;20109568.0;-0.003122;19.01
Curiti;Santander;2021-03-01;6.625;-73.0;18.56;15.14;0.01197;18729768.0;-0.003392;18.29
Curiti;Santander;2021-04-01;6.625;-73.0;19.23;16.22;0.015274;17509376.0;-0.003298;18.7
Curiti;Santander;2021-05-01;6.625;-73.0;19.38;16.6;0.019535;16715776.0;-0.003298;18.6
Curiti;Santander;2021-06-01;6.625;-73.0;18.85;16.03;0.0199;17361408.0;-0.003353;18.34
Curiti;Santander;2021-07-01;6.625;-73.0;19.4;15.81;0.021142;17750784.0;-0.003344;18.76
Curiti;Santander;2021-08-01;6.625;-73.0;18.96;15.92;0.021697;18391040.0;-0.003448;18.66
Curiti;Santander;2021-09-01;6.625;-73.0;18.98;15.46;0.016609;19088752.0;-0.003405;18.6
Curiti;Santander;2021-10-01;6.625;-73.0;18.98;15.88;0.015056;18277376.0;-0.003337;18.69
Curiti;Santander;2021-11-01;6.625;-73.0;18.9;15.54;0.01037;18621952.0;-0.003345;18.2
Curiti;Santander;2021-12-01;6.625;-73.0;19.24;15.74;0.007786;18403328.0;-0.00327;18.52
Curiti;Santander;2022-01-01;6.625;-73.0;18.82;14.73;0.004446;18735616.0;-0.00311;18.03
Curiti;Santander;2022-02-01;6.625;-73.0;18.78;15.32;0.01198;18432256.0;-0.003173;18.23
Curiti;Santander;2022-03-01;6.625;-73.0;19.0;16.16;0.017821;19574848.0;-0.003662;18.58
Curiti;Santander;2022-04-01;6.625;-73.0;19.08;16.24;0.014554;17445376.0;-0.0033;18.76
Curiti;Santander;2022-05-01;6.625;-73.0;19.48;16.61;0.021303;16929536.0;-0.003389;18.66
Curiti;Santander;2022-06-01;6.625;-73.0;18.22;15.96;0.027036;16006656.0;-0.003162;17.72
Curiti;Santander;2022-07-01;6.625;-73.0;18.92;15.82;0.021998;17597440.0;-0.003348;18.3
Curiti;Santander;2022-08-01;6.625;-73.0;18.6;15.4;0.020523;17854464.0;-0.003318;18.24
Curiti;Santander;2022-09-01;6.625;-73.0;18.37;15.46;0.017568;19092496.0;-0.003424;18.47
Curiti;Santander;2022-10-01;6.625;-73.0;18.61;15.66;0.011545;17741056.0;-0.003215;18.23
Curiti;Santander;2022-11-01;6.625;-73.0;18.74;16.0;0.016409;16366592.0;-0.003082;18.22
Curiti;Santander;2022-12-01;6.625;-73.0;18.68;14.38;0.004696;19269632.0;-0.003149;17.74
Curiti;Santander;2023-01-01;6.625;-73.0;18.48;14.18;0.007956;19383296.0;-0.00326;17.56
Curiti;Santander;2023-02-01;6.625;-73.0;19.1;14.46;0.005674;20548864.0;-0.003275;18.36
Curiti;Santander;2023-03-01;6.625;-73.0;18.87;16.11;0.016302;17783520.0;-0.003368;18.44
Curiti;Santander;2023-04-01;6.625;-73.0;19.06;16.41;0.012388;17986816.0;-0.00341;18.56
Curiti;Santander;2023-05-01;6.625;-73.0;19.92;16.68;0.015122;17380864.0;-0.003326;19.08
Curiti;Santander;2023-06-01;6.625;-73.0;19.66;16.51;0.019881;17184000.0;-0.00333;18.92
Curiti;Santander;2023-07-01;6.625;-73.0;20.19;16.61;0.018622;18000384.0;-0.003376;19.53
Curiti;Santander;2023-08-01;6.625;-73.0;19.99;16.24;0.012741;19608064.0;-0.003588;19.46
Curiti;Santander;2023-09-01;6.625;-73.0;19.96;15.98;0.009066;20563024.0;-0.003669;19.56
Curiti;Santander;2023-10-01;6.625;-73.0;19.25;16.34;0.011817;18043648.0;-0.003292;19.22
Curiti;Santander;2023-11-01;6.625;-73.0;19.76;16.74;0.012373;17515008.0;-0.00332;18.96
Curiti;Santander;2023-12-01;6.625;-73.0;20.24;16.6;0.005854;19086336.0;-0.00333;19.3
Curiti;Santander;2024-01-01;6.625;-73.0;20.66;14.86;0.00114;23127040.0;-0.00345;19.22
Curiti;Santander;2024-02-01;6.625;-73.0;20.43;16.73;0.00652;20040704.0;-0.003497;19.69
Curiti;Santander;2024-03-01;6.625;-73.0;20.84;17.13;0.00686;21534608.0;-0.003714;20.18
Curiti;Santander;2024-04-01;6.625;-73.0;20.09;17.22;0.016748;18892800.0;-0.003622;19.6
Curiti;Santander;2024-05-01;6.625;-73.0;20.47;17.99;0.029094;16060928.0;-0.003295;19.56
Curiti;Santander;2024-06-01;6.625;-73.0;19.56;17.36;0.030602;15772928.0;-0.003244;18.8
Curiti;Santander;2024-07-01;6.625;-73.0;19.78;17.0;0.02496;17179904.0;-0.003452;18.96
Curiti;Santander;2024-08-01;6.625;-73.0;19.86;16.08;0.013313;19868416.0;-0.003576;19.31
Curiti;Santander;2024-09-01;6.625;-73.0;19.86;16.07;0.009636;18979552.0;-0.0034;19.44
Curiti;Santander;2024-10-01;6.625;-73.0;19.61;16.31;0.012824;18080256.0;-0.003326;19.03
Curiti;Santander;2024-11-01;6.625;-73.0;18.94;16.47;0.022092;15597056.0;-0.003105;18.34
Curiti;Santander;2024-12-01;6.625;-73.0;19.48;16.11;0.009306;18331648.0;-0.003321;18.46
El_Socorro;Santander;2007-01-01;6.5;-73.25;18.63;16.11;0.005604;20511744.0;-0.003676;19.82
El_Socorro;Santander;2007-02-01;6.5;-73.25;18.72;14.6;0.004868;22575616.0;-0.003453;19.8
El_Socorro;Santander;2007-03-01;6.5;-73.25;18.46;15.88;0.010946;19522188.0;-0.003312;20.0
El_Socorro;Santander;2007-04-01;6.5;-73.25;18.69;17.05;0.014162;19018240.0;-0.003655;19.79
El_Socorro;Santander;2007-05-01;6.5;-73.25;18.27;16.74;0.015438;17363968.0;-0.003405;19.45
El_Socorro;Santander;2007-06-01;6.5;-73.25;18.11;15.92;0.015932;18579968.0;-0.003444;19.36
El_Socorro;Santander;2007-07-01;6.5;-73.25;18.04;15.41;0.015491;19863552.0;-0.003489;19.51
El_Socorro;Santander;2007-08-01;6.5;-73.25;17.75;15.51;0.017757;18734592.0;-0.003401;19.16
El_Socorro;Santander;2007-09-01;6.5;-73.25;18.01;15.54;0.016003;20010618.0;-0.003502;19.55
El_Socorro;Santander;2007-10-01;6.5;-73.25;17.68;15.87;0.013168;18326016.0;-0.003338;19.18
El_Socorro;Santander;2007-11-01;6.5;-73.25;18.17;16.05;0.009529;18174976.0;-0.003196;19.25
El_Socorro;Santander;2007-12-01;6.5;-73.25;17.36;15.31;0.006424;17209344.0;-0.002978;18.41
El_Socorro;Santander;2008-01-01;6.5;-73.25;17.84;15.25;0.00478;19031040.0;-0.003245;18.94
El_Socorro;Santander;2008-02-01;6.5;-73.25;17.91;15.39;0.008959;20092416.0;-0.003335;19.11
El_Socorro;Santander;2008-03-01;6.5;-73.25;18.0;15.26;0.008686;20954012.0;-0.003276;19.55
El_Socorro;Santander;2008-04-01;6.5;-73.25;18.0;16.03;0.013866;19180032.0;-0.00357;19.3
El_Socorro;Santander;2008-05-01;6.5;-73.25;18.2;16.12;0.014606;17379840.0;-0.003291;19.17
El_Socorro;Santander;2008-06-01;6.5;-73.25;17.95;15.92;0.015356;18395648.0;-0.003543;18.96
El_Socorro;Santander;2008-07-01;6.5;-73.25;17.81;15.37;0.017914;18440192.0;-0.003437;18.96
El_Socorro;Santander;2008-08-01;6.5;-73.25;17.87;15.28;0.013979;19113472.0;-0.003313;19.28
El_Socorro;Santander;2008-09-01;6.5;-73.25;18.17;15.43;0.013037;19978184.0;-0.003444;19.57
El_Socorro;Santander;2008-10-01;6.5;-73.25;18.24;15.65;0.012465;19153920.0;-0.003242;19.48
El_Socorro;Santander;2008-11-01;6.5;-73.25;17.83;16.16;0.016363;14856192.0;-0.002834;18.76
El_Socorro;Santander;2008-12-01;6.5;-73.25;17.78;15.45;0.004246;17046528.0;-0.003086;18.58
El_Socorro;Santander;2009-01-01;6.5;-73.25;17.89;15.52;0.007154;18514944.0;-0.003111;18.96
El_Socorro;Santander;2009-02-01;6.5;-73.25;18.03;15.61;0.008955;19866112.0;-0.003288;19.47
El_Socorro;Santander;2009-03-01;6.5;-73.25;18.0;15.97;0.01074;19628848.0;-0.003571;19.46
El_Socorro;Santander;2009-04-01;6.5;-73.25;18.71;16.53;0.015551;19885568.0;-0.003476;20.05
El_Socorro;Santander;2009-05-01;6.5;-73.25;18.64;16.33;0.013315;18824704.0;-0.003542;19.67
El_Socorro;Santander;2009-06-01;6.5;-73.25;18.37;16.08;0.018942;18403328.0;-0.00345;19.57
El_Socorro;Santander;2009-07-01;6.5;-73.25;18.45;15.51;0.01515;19773440.0;-0.003479;19.85
El_Socorro;Santander;2009-08-01;6.5;-73.25;18.55;15.82;0.018093;19608576.0;-0.003506;19.92
El_Socorro;Santander;2009-09-01;6.5;-73.25;19.01;15.67;0.010231;21517004.0;-0.003708;20.35
El_Socorro;Santander;2009-10-01;6.5;-73.25;18.57;15.99;0.011822;18776576.0;-0.003329;19.78
El_Socorro;Santander;2009-11-01;6.5;-73.25;19.05;16.42;0.0084;18637824.0;-0.00317;19.92
El_Socorro;Santander;2009-12-01;6.5;-73.25;18.77;15.81;0.005171;19154944.0;-0.003018;19.87
El_Socorro;Santander;2010-01-01;6.5;-73.25;19.13;15.33;0.002985;21885952.0;-0.003185;20.28
El_Socorro;Santander;2010-02-01;6.5;-73.25;20.08;16.54;0.005875;20992000.0;-0.00308;21.3
El_Socorro;Santander;2010-03-01;6.5;-73.25;19.92;16.89;0.009928;21254386.0;-0.003505;21.18
El_Socorro;Santander;2010-04-01;6.5;-73.25;19.72;17.4;0.014193;18422272.0;-0.003523;20.58
El_Socorro;Santander;2010-05-01;6.5;-73.25;19.27;17.28;0.017826;17498624.0;-0.003486;20.17
El_Socorro;Santander;2010-06-01;6.5;-73.25;18.61;16.72;0.017794;18369536.0;-0.003682;19.56
El_Socorro;Santander;2010-07-01;6.5;-73.25;17.94;16.31;0.014782;16700928.0;-0.00331;19.0
El_Socorro;Santander;2010-08-01;6.5;-73.25;18.17;15.96;0.018085;18727936.0;-0.003461;19.48
El_Socorro;Santander;2010-09-01;6.5;-73.25;18.11;15.87;0.012342;18376826.0;-0.003423;19.26
El_Socorro;Santander;2010-10-01;6.5;-73.25;18.31;16.12;0.016848;17797632.0;-0.003394;19.26
El_Socorro;Santander;2010-11-01;6.5;-73.25;17.96;16.24;0.01322;14572544.0;-0.002888;18.44
El_Socorro;Santander;2010-12-01;6.5;-73.25;17.95;16.01;0.010565;15803392.0;-0.003044;18.37
El_Socorro;Santander;2011-01-01;6.5;-73.25;18.38;15.3;0.00502;19524608.0;-0.003133;19.16
El_Socorro;Santander;2011-02-01;6.5;-73.25;18.23;15.62;0.007451;19514880.0;-0.003252;19.22
El_Socorro;Santander;2011-03-01;6.5;-73.25;17.84;15.74;0.011799;18406752.0;-0.003477;18.77
El_Socorro;Santander;2011-04-01;6.5;-73.25;18.42;16.24;0.013861;17056256.0;-0.003259;19.15
El_Socorro;Santander;2011-05-01;6.5;-73.25;18.72;16.72;0.016647;16945664.0;-0.003497;19.25
El_Socorro;Santander;2011-06-01;6.5;-73.25;18.6;16.19;0.014109;18359296.0;-0.003615;19.39
El_Socorro;Santander;2011-07-01;6.5;-73.25;18.08;15.53;0.017376;18814464.0;-0.003511;19.31
El_Socorro;Santander;2011-08-01;6.5;-73.25;18.42;15.56;0.014214;20461056.0;-0.00366;19.63
El_Socorro;Santander;2011-09-01;6.5;-73.25;18.56;15.57;0.013927;20228582.0;-0.003487;19.79
El_Socorro;Santander;2011-10-01;6.5;-73.25;17.9;15.92;0.013542;15546880.0;-0.003021;18.66
El_Socorro;Santander;2011-11-01;6.5;-73.25;18.02;16.36;0.013819;15183872.0;-0.00298;18.61
El_Socorro;Santander;2011-12-01;6.5;-73.25;18.29;16.45;0.010799;16329728.0;-0.003179;18.71
El_Socorro;Santander;2012-01-01;6.5;-73.25;17.99;15.89;0.005962;18848768.0;-0.003496;18.88
El_Socorro;Santander;2012-02-01;6.5;-73.25;18.2;15.3;0.006748;20731904.0;-0.003461;19.18
El_Socorro;Santander;2012-03-01;6.5;-73.25;18.37;15.96;0.014191;19409902.0;-0.003607;19.5
El_Socorro;Santander;2012-04-01;6.5;-73.25;18.27;16.33;0.015884;17262592.0;-0.003402;19.05
El_Socorro;Santander;2012-05-01;6.5;-73.25;18.59;16.27;0.016327;18538496.0;-0.003574;19.47
El_Socorro;Santander;2012-06-01;6.5;-73.25;18.53;15.45;0.013777;20052992.0;-0.003512;19.71
El_Socorro;Santander;2012-07-01;6.5;-73.25;18.24;15.45;0.017464;18890240.0;-0.003437;19.62
El_Socorro;Santander;2012-08-01;6.5;-73.25;18.23;15.69;0.019077;19589632.0;-0.003588;19.63
El_Socorro;Santander;2012-09-01;6.5;-73.25;18.16;15.34;0.016546;20530224.0;-0.003655;19.81
El_Socorro;Santander;2012-10-01;6.5;-73.25;18.57;16.0;0.013342;17769472.0;-0.003321;19.41
El_Socorro;Santander;2012-11-01;6.5;-73.25;18.79;16.32;0.008429;18039808.0;-0.003212;19.54
El_Socorro;Santander;2012-12-01;6.5;-73.25;18.66;15.79;0.006742;18519040.0;-0.003066;19.52
El_Socorro;Santander;2013-01-01;6.5;-73.25;19.29;15.38;0.002424;20877312.0;-0.003095;20.18
El_Socorro;Santander;2013-02-01;6.5;-73.25;18.67;16.5;0.0112;19439616.0;-0.003428;19.88
El_Socorro;Santander;2013-03-01;6.5;-73.25;19.43;16.67;0.010744;20324472.0;-0.003412;20.61
El_Socorro;Santander;2013-04-01;6.5;-73.25;19.65;16.87;0.011316;20253184.0;-0.003454;20.8
El_Socorro;Santander;2013-05-01;6.5;-73.25;18.95;16.63;0.015417;16656384.0;-0.0032;19.63
El_Socorro;Santander;2013-06-01;6.5;-73.25;18.79;15.88;0.015978;18476032.0;-0.003304;19.78
El_Socorro;Santander;2013-07-01;6.5;-73.25;18.6;15.45;0.015007;19937792.0;-0.003471;19.78
El_Socorro;Santander;2013-08-01;6.5;-73.25;18.48;15.76;0.017885;19268608.0;-0.00348;19.64
El_Socorro;Santander;2013-09-01;6.5;-73.25;18.7;15.81;0.014019;19524212.0;-0.003366;19.92
El_Socorro;Santander;2013-10-01;6.5;-73.25;18.48;15.69;0.011486;18604032.0;-0.003221;19.53
El_Socorro;Santander;2013-11-01;6.5;-73.25;18.26;16.07;0.008871;17292288.0;-0.003164;19.02
El_Socorro;Santander;2013-12-01;6.5;-73.25;18.39;15.83;0.006136;18739200.0;-0.003293;19.19
El_Socorro;Santander;2014-01-01;6.5;-73.25;18.71;15.69;0.004929;19687424.0;-0.003038;19.77
El_Socorro;Santander;2014-02-01;6.5;-73.25;18.89;16.06;0.008898;19928576.0;-0.003119;20.15
El_Socorro;Santander;2014-03-01;6.5;-73.25;18.82;16.48;0.00979;20316912.0;-0.003562;19.84
El_Socorro;Santander;2014-04-01;6.5;-73.25;19.55;16.68;0.015203;20431872.0;-0.003594;20.62
El_Socorro;Santander;2014-05-01;6.5;-73.25;19.12;16.86;0.01347;18225664.0;-0.003443;19.86
El_Socorro;Santander;2014-06-01;6.5;-73.25;19.18;16.39;0.017025;18870272.0;-0.003466;20.29
El_Socorro;Santander;2014-07-01;6.5;-73.25;19.04;15.9;0.01643;20433920.0;-0.003652;20.31
El_Socorro;Santander;2014-08-01;6.5;-73.25;18.39;15.54;0.017033;20186112.0;-0.003618;19.83
El_Socorro;Santander;2014-09-01;6.5;-73.25;18.53;15.54;0.01305;20213108.0;-0.003489;19.86
El_Socorro;Santander;2014-10-01;6.5;-73.25;18.36;16.33;0.016724;18514944.0;-0.003511;19.5
El_Socorro;Santander;2014-11-01;6.5;-73.25;18.42;16.39;0.00938;17245184.0;-0.003261;19.14
El_Socorro;Santander;2014-12-01;6.5;-73.25;18.75;15.73;0.005585;19628032.0;-0.003231;19.55
El_Socorro;Santander;2015-01-01;6.5;-73.25;18.64;15.19;0.004858;20744192.0;-0.003228;19.79
El_Socorro;Santander;2015-02-01;6.5;-73.25;18.92;15.92;0.007755;20004864.0;-0.003404;19.91
El_Socorro;Santander;2015-03-01;6.5;-73.25;19.03;16.51;0.012573;20413484.0;-0.003528;20.22
El_Socorro;Santander;2015-04-01;6.5;-73.25;19.0;16.7;0.013945;19702784.0;-0.003812;20.06
El_Socorro;Santander;2015-05-01;6.5;-73.25;19.33;16.61;0.014334;19649536.0;-0.003676;20.41
El_Socorro;Santander;2015-06-01;6.5;-73.25;19.24;16.21;0.016321;19148800.0;-0.003548;20.41
El_Socorro;Santander;2015-07-01;6.5;-73.25;18.93;16.03;0.016306;18629632.0;-0.003477;20.02
El_Socorro;Santander;2015-08-01;6.5;-73.25;18.97;16.1;0.017279;19635200.0;-0.003623;20.21
El_Socorro;Santander;2015-09-01;6.5;-73.25;19.27;16.07;0.012079;20426350.0;-0.00366;20.48
El_Socorro;Santander;2015-10-01;6.5;-73.25;18.99;16.52;0.01293;18222592.0;-0.003338;20.06
El_Socorro;Santander;2015-11-01;6.5;-73.25;18.73;16.82;0.012285;16771072.0;-0.003281;19.43
El_Socorro;Santander;2015-12-01;6.5;-73.25;19.52;16.28;0.008173;19676160.0;-0.003473;20.32
El_Socorro;Santander;2016-01-01;6.5;-73.25;19.37;16.24;0.006567;19928064.0;-0.003316;20.4
El_Socorro;Santander;2016-02-01;6.5;-73.25;19.9;17.43;0.012548;20854784.0;-0.003725;21.01
El_Socorro;Santander;2016-03-01;6.5;-73.25;20.24;17.49;0.015036;22033990.0;-0.003823;21.42
El_Socorro;Santander;2016-04-01;6.5;-73.25;19.72;17.61;0.013638;18887680.0;-0.003498;20.99
El_Socorro;Santander;2016-05-01;6.5;-73.25;19.48;17.25;0.017117;17477120.0;-0.003429;20.38
El_Socorro;Santander;2016-06-01;6.5;-73.25;18.87;16.08;0.01783;19188224.0;-0.003542;20.03
El_Socorro;Santander;2016-07-01;6.5;-73.25;18.63;15.94;0.016649;18687488.0;-0.003328;19.87
El_Socorro;Santander;2016-08-01;6.5;-73.25;18.77;15.88;0.014711;20503552.0;-0.003613;20.33
El_Socorro;Santander;2016-09-01;6.5;-73.25;18.65;15.81;0.014071;19967340.0;-0.00346;19.93
El_Socorro;Santander;2016-10-01;6.5;-73.25;18.74;16.38;0.012819;18223616.0;-0.003371;19.85
El_Socorro;Santander;2016-11-01;6.5;-73.25;18.63;16.51;0.011068;17398784.0;-0.003276;19.51
El_Socorro;Santander;2016-12-01;6.5;-73.25;18.67;16.2;0.007126;17709056.0;-0.003301;19.27
El_Socorro;Santander;2017-01-01;6.5;-73.25;18.44;15.47;0.006165;19647488.0;-0.003455;19.11
El_Socorro;Santander;2017-02-01;6.5;-73.25;18.98;14.82;0.006374;22453760.0;-0.003348;19.99
El_Socorro;Santander;2017-03-01;6.5;-73.25;18.34;16.47;0.016309;18929312.0;-0.003558;19.64
El_Socorro;Santander;2017-04-01;6.5;-73.25;19.01;16.51;0.009775;20928512.0;-0.00398;20.03
El_Socorro;Santander;2017-05-01;6.5;-73.25;19.08;16.74;0.013609;18612736.0;-0.003504;20.12
El_Socorro;Santander;2017-06-01;6.5;-73.25;18.71;16.41;0.015129;18142208.0;-0.003445;19.82
El_Socorro;Santander;2017-07-01;6.5;-73.25;18.84;15.94;0.019825;19090432.0;-0.003459;20.14
El_Socorro;Santander;2017-08-01;6.5;-73.25;18.75;15.78;0.013084;20544512.0;-0.003579;20.19
El_Socorro;Santander;2017-09-01;6.5;-73.25;18.66;16.06;0.013966;20115278.0;-0.003535;20.28
El_Socorro;Santander;2017-10-01;6.5;-73.25;18.55;16.13;0.010822;18610688.0;-0.003402;19.76
El_Socorro;Santander;2017-11-01;6.5;-73.25;18.81;16.34;0.007893;18627584.0;-0.00316;19.85
El_Socorro;Santander;2017-12-01;6.5;-73.25;18.66;15.48;0.007212;19874816.0;-0.003235;19.58
El_Socorro;Santander;2018-01-01;6.5;-73.25;18.34;15.47;0.007371;19456000.0;-0.00322;19.4
El_Socorro;Santander;2018-02-01;6.5;-73.25;18.83;14.73;0.004117;20707328.0;-0.003181;19.81
El_Socorro;Santander;2018-03-01;6.5;-73.25;18.87;16.0;0.011078;21641260.0;-0.003543;20.34
El_Socorro;Santander;2018-04-01;6.5;-73.25;18.2;16.4;0.016068;18915328.0;-0.003663;19.52
El_Socorro;Santander;2018-05-01;6.5;-73.25;18.34;16.54;0.013996;17310720.0;-0.003395;19.39
El_Socorro;Santander;2018-06-01;6.5;-73.25;18.41;15.94;0.018167;18939904.0;-0.003533;19.79
El_Socorro;Santander;2018-07-01;6.5;-73.25;18.75;15.72;0.014275;19914752.0;-0.003508;20.06
El_Socorro;Santander;2018-08-01;6.5;-73.25;18.46;15.24;0.012623;21263360.0;-0.003741;19.99
El_Socorro;Santander;2018-09-01;6.5;-73.25;18.48;15.82;0.014559;19886552.0;-0.003529;20.0
El_Socorro;Santander;2018-10-01;6.5;-73.25;18.59;16.54;0.012342;17803264.0;-0.003471;19.5
El_Socorro;Santander;2018-11-01;6.5;-73.25;18.8;16.84;0.008696;17927168.0;-0.00326;19.72
El_Socorro;Santander;2018-12-01;6.5;-73.25;18.64;14.95;0.003428;21173248.0;-0.00317;19.6
El_Socorro;Santander;2019-01-01;6.5;-73.25;18.76;15.22;0.004874;20511744.0;-0.003114;19.88
El_Socorro;Santander;2019-02-01;6.5;-73.25;19.45;15.87;0.007147;21128704.0;-0.003133;20.86
El_Socorro;Santander;2019-03-01;6.5;-73.25;19.22;16.89;0.014338;20067144.0;-0.003383;20.64
El_Socorro;Santander;2019-04-01;6.5;-73.25;19.31;16.91;0.012136;19429888.0;-0.003597;20.45
El_Socorro;Santander;2019-05-01;6.5;-73.25;19.19;16.83;0.013643;18139136.0;-0.003475;20.2
El_Socorro;Santander;2019-06-01;6.5;-73.25;19.57;16.6;0.016403;19273728.0;-0.003586;20.49
El_Socorro;Santander;2019-07-01;6.5;-73.25;18.96;15.95;0.014469;20183552.0;-0.003627;20.28
El_Socorro;Santander;2019-08-01;6.5;-73.25;18.67;15.65;0.014536;21189632.0;-0.003843;20.32
El_Socorro;Santander;2019-09-01;6.5;-73.25;18.84;16.06;0.012913;20735764.0;-0.003743;20.31
El_Socorro;Santander;2019-10-01;6.5;-73.25;18.23;16.09;0.012035;19012096.0;-0.00348;19.58
El_Socorro;Santander;2019-11-01;6.5;-73.25;18.64;16.31;0.007343;18193408.0;-0.003253;19.72
El_Socorro;Santander;2019-12-01;6.5;-73.25;18.94;16.26;0.006924;18920448.0;-0.003139;19.99
El_Socorro;Santander;2020-01-01;6.5;-73.25;18.99;15.16;0.003357;20338688.0;-0.003147;19.92
El_Socorro;Santander;2020-02-01;6.5;-73.25;19.47;15.77;0.007475;21117952.0;-0.003301;20.61
El_Socorro;Santander;2020-03-01;6.5;-73.25;18.95;16.44;0.010351;22340564.0;-0.004156;20.24
El_Socorro;Santander;2020-04-01;6.5;-73.25;19.13;17.08;0.012754;20428288.0;-0.003903;20.38
El_Socorro;Santander;2020-05-01;6.5;-73.25;19.83;17.16;0.015451;18959872.0;-0.003444;20.91
El_Socorro;Santander;2020-06-01;6.5;-73.25;18.8;16.19;0.015007;18488320.0;-0.003374;19.88
El_Socorro;Santander;2020-07-01;6.5;-73.25;18.53;15.82;0.016014;18537984.0;-0.003292;19.65
El_Socorro;Santander;2020-08-01;6.5;-73.25;18.73;15.99;0.015606;19241984.0;-0.003382;20.0
El_Socorro;Santander;2020-09-01;6.5;-73.25;18.25;15.97;0.017429;19641700.0;-0.003647;19.64
El_Socorro;Santander;2020-10-01;6.5;-73.25;18.15;16.15;0.017584;18412544.0;-0.003468;19.43
El_Socorro;Santander;2020-11-01;6.5;-73.25;18.26;16.45;0.010111;17292288.0;-0.003216;19.11
El_Socorro;Santander;2020-12-01;6.5;-73.25;18.33;15.65;0.005188;19392512.0;-0.00318;19.3
El_Socorro;Santander;2021-01-01;6.5;-73.25;18.6;14.09;0.003508;21672960.0;-0.003267;19.33
El_Socorro;Santander;2021-02-01;6.5;-73.25;18.58;15.12;0.009796;21143040.0;-0.003302;20.13
El_Socorro;Santander;2021-03-01;6.5;-73.25;17.96;15.49;0.012895;19880232.0;-0.00357;19.45
El_Socorro;Santander;2021-04-01;6.5;-73.25;18.68;16.67;0.016962;18636800.0;-0.003431;19.85
El_Socorro;Santander;2021-05-01;6.5;-73.25;18.84;16.84;0.014929;18075136.0;-0.003558;19.64
El_Socorro;Santander;2021-06-01;6.5;-73.25;18.33;16.29;0.014324;18653184.0;-0.003524;19.4
El_Socorro;Santander;2021-07-01;6.5;-73.25;18.61;15.73;0.018135;19347456.0;-0.003491;19.77
El_Socorro;Santander;2021-08-01;6.5;-73.25;18.32;15.86;0.016632;19333632.0;-0.003469;19.69
El_Socorro;Santander;2021-09-01;6.5;-73.25;18.52;15.71;0.014059;20293238.0;-0.003501;19.86
El_Socorro;Santander;2021-10-01;6.5;-73.25;18.49;16.29;0.012804;18961920.0;-0.00336;19.78
El_Socorro;Santander;2021-11-01;6.5;-73.25;18.47;16.03;0.00658;18684928.0;-0.00323;19.41
El_Socorro;Santander;2021-12-01;6.5;-73.25;18.66;16.38;0.005922;18308096.0;-0.003091;19.7
El_Socorro;Santander;2022-01-01;6.5;-73.25;18.34;15.27;0.003855;18888704.0;-0.002876;19.38
El_Socorro;Santander;2022-02-01;6.5;-73.25;18.14;15.44;0.007524;19193856.0;-0.003099;19.38
El_Socorro;Santander;2022-03-01;6.5;-73.25;18.37;16.6;0.012813;20256068.0;-0.003779;19.63
El_Socorro;Santander;2022-04-01;6.5;-73.25;18.46;16.51;0.014172;18265088.0;-0.003431;19.73
El_Socorro;Santander;2022-05-01;6.5;-73.25;18.9;16.91;0.015722;17864192.0;-0.003566;19.64
El_Socorro;Santander;2022-06-01;6.5;-73.25;17.7;15.99;0.01442;16992768.0;-0.003283;18.76
El_Socorro;Santander;2022-07-01;6.5;-73.25;18.23;15.78;0.015097;18635264.0;-0.003388;19.35
El_Socorro;Santander;2022-08-01;6.5;-73.25;18.04;15.46;0.014313;19017216.0;-0.003449;19.35
El_Socorro;Santander;2022-09-01;6.5;-73.25;17.94;15.56;0.013748;20041738.0;-0.003545;19.63
El_Socorro;Santander;2022-10-01;6.5;-73.25;18.17;15.91;0.011145;18228224.0;-0.003265;19.34
El_Socorro;Santander;2022-11-01;6.5;-73.25;18.34;16.2;0.009874;16835584.0;-0.003112;19.28
El_Socorro;Santander;2022-12-01;6.5;-73.25;18.21;15.02;0.003807;19411968.0;-0.003008;19.11
El_Socorro;Santander;2023-01-01;6.5;-73.25;18.03;15.02;0.004726;19666944.0;-0.003168;18.87
El_Socorro;Santander;2023-02-01;6.5;-73.25;18.41;15.09;0.00708;21018624.0;-0.003401;19.51
El_Socorro;Santander;2023-03-01;6.5;-73.25;18.22;16.46;0.012181;18213348.0;-0.003422;19.43
El_Socorro;Santander;2023-04-01;6.5;-73.25;18.62;16.89;0.013536;18934272.0;-0.003618;19.7
El_Socorro;Santander;2023-05-01;6.5;-73.25;19.52;17.18;0.013741;18404864.0;-0.003558;20.19
El_Socorro;Santander;2023-06-01;6.5;-73.25;19.11;16.6;0.017086;18669056.0;-0.003606;19.97
El_Socorro;Santander;2023-07-01;6.5;-73.25;19.38;16.54;0.017233;19655168.0;-0.003565;20.59
El_Socorro;Santander;2023-08-01;6.5;-73.25;19.32;16.44;0.016979;20562432.0;-0.003699;20.57
El_Socorro;Santander;2023-09-01;6.5;-73.25;19.39;16.4;0.01491;21496908.0;-0.00373;20.83
El_Socorro;Santander;2023-10-01;6.5;-73.25;18.92;16.8;0.01367;18513920.0;-0.003332;20.39
El_Socorro;Santander;2023-11-01;6.5;-73.25;19.18;17.13;0.010363;18026496.0;-0.003435;19.98
El_Socorro;Santander;2023-12-01;6.5;-73.25;19.53;17.08;0.005049;19486720.0;-0.003342;20.4
El_Socorro;Santander;2024-01-01;6.5;-73.25;20.03;15.77;0.001312;23284736.0;-0.003377;20.68
El_Socorro;Santander;2024-02-01;6.5;-73.25;19.78;17.0;0.007435;20420096.0;-0.003521;20.86
El_Socorro;Santander;2024-03-01;6.5;-73.25;20.01;17.47;0.018387;22268306.0;-0.003845;21.37
El_Socorro;Santander;2024-04-01;6.5;-73.25;19.55;17.47;0.012915;19658240.0;-0.003866;20.68
El_Socorro;Santander;2024-05-01;6.5;-73.25;19.97;18.18;0.019623;17183744.0;-0.003613;20.54
El_Socorro;Santander;2024-06-01;6.5;-73.25;19.03;17.37;0.01733;17004032.0;-0.003526;19.8
El_Socorro;Santander;2024-07-01;6.5;-73.25;19.07;16.87;0.019238;19006976.0;-0.00383;19.99
El_Socorro;Santander;2024-08-01;6.5;-73.25;19.19;16.23;0.015121;20782592.0;-0.00369;20.47
El_Socorro;Santander;2024-09-01;6.5;-73.25;19.25;16.27;0.014938;19947490.0;-0.003581;20.69
El_Socorro;Santander;2024-10-01;6.5;-73.25;19.13;16.68;0.014507;18798080.0;-0.003427;20.15
El_Socorro;Santander;2024-11-01;6.5;-73.25;18.45;16.69;0.012991;16017408.0;-0.003221;19.32
El_Socorro;Santander;2024-12-01;6.5;-73.25;18.97;16.62;0.005774;18372608.0;-0.003263;19.6
Guadalupe;Santander;2007-01-01;6.25;-73.375;18.62;16.12;0.003268;19899904.0;-0.00355;18.44
Guadalupe;Santander;2007-02-01;6.25;-73.375;18.8;14.64;0.001612;22137344.0;-0.003411;18.34
Guadalupe;Santander;2007-03-01;6.25;-73.375;18.4;15.83;0.006873;18727568.0;-0.003206;18.64
Guadalupe;Santander;2007-04-01;6.25;-73.375;18.66;16.8;0.010359;18116352.0;-0.00347;18.57
Guadalupe;Santander;2007-05-01;6.25;-73.375;18.24;16.72;0.014596;16894976.0;-0.003376;18.34
Guadalupe;Santander;2007-06-01;6.25;-73.375;18.07;16.12;0.009748;18518528.0;-0.003595;18.03
Guadalupe;Santander;2007-07-01;6.25;-73.375;17.92;15.66;0.008082;19619840.0;-0.003753;17.94
Guadalupe;Santander;2007-08-01;6.25;-73.375;17.75;15.76;0.01133;18488832.0;-0.00361;17.76
Guadalupe;Santander;2007-09-01;6.25;-73.375;17.9;15.81;0.009674;19785344.0;-0.0038;17.99
Guadalupe;Santander;2007-10-01;6.25;-73.375;17.58;15.88;0.009224;17478912.0;-0.003346;17.8
Guadalupe;Santander;2007-11-01;6.25;-73.375;17.98;16.04;0.007752;17732096.0;-0.003314;17.81
Guadalupe;Santander;2007-12-01;6.25;-73.375;17.37;15.28;0.004016;17156608.0;-0.003044;17.12
Guadalupe;Santander;2008-01-01;6.25;-73.375;17.79;15.38;0.002814;18738176.0;-0.003218;17.48
Guadalupe;Santander;2008-02-01;6.25;-73.375;17.84;15.3;0.003443;19687168.0;-0.003301;17.61
Guadalupe;Santander;2008-03-01;6.25;-73.375;17.96;15.34;0.00387;20192672.0;-0.003311;17.88
Guadalupe;Santander;2008-04-01;6.25;-73.375;17.98;15.76;0.007885;18522112.0;-0.003395;17.95
Guadalupe;Santander;2008-05-01;6.25;-73.375;18.1;16.09;0.009603;17005824.0;-0.003294;17.89
Guadalupe;Santander;2008-06-01;6.25;-73.375;17.98;16.15;0.011766;17893888.0;-0.00347;17.84
Guadalupe;Santander;2008-07-01;6.25;-73.375;17.92;15.74;0.011527;18256384.0;-0.003558;17.76
Guadalupe;Santander;2008-08-01;6.25;-73.375;17.73;15.7;0.008522;18533632.0;-0.003542;17.72
Guadalupe;Santander;2008-09-01;6.25;-73.375;18.03;15.76;0.00814;19411904.0;-0.003669;18.0
Guadalupe;Santander;2008-10-01;6.25;-73.375;17.98;15.76;0.007018;18438400.0;-0.003436;17.82
Guadalupe;Santander;2008-11-01;6.25;-73.375;17.9;16.12;0.011128;14922752.0;-0.002845;17.64
Guadalupe;Santander;2008-12-01;6.25;-73.375;17.87;15.23;0.002519;17177088.0;-0.002978;17.38
Guadalupe;Santander;2009-01-01;6.25;-73.375;17.86;15.6;0.004144;17862656.0;-0.003105;17.58
Guadalupe;Santander;2009-02-01;6.25;-73.375;17.8;15.47;0.005094;19350272.0;-0.003375;17.8
Guadalupe;Santander;2009-03-01;6.25;-73.375;17.88;15.72;0.006768;18909488.0;-0.00343;18.0
Guadalupe;Santander;2009-04-01;6.25;-73.375;18.54;16.44;0.009857;19472128.0;-0.003623;18.47
Guadalupe;Santander;2009-05-01;6.25;-73.375;18.54;16.32;0.008883;18584832.0;-0.00361;18.37
Guadalupe;Santander;2009-06-01;6.25;-73.375;18.3;16.26;0.013523;18021632.0;-0.003522;18.21
Guadalupe;Santander;2009-07-01;6.25;-73.375;18.23;15.86;0.00824;19837952.0;-0.00381;18.19
Guadalupe;Santander;2009-08-01;6.25;-73.375;18.42;16.14;0.010238;19196416.0;-0.003711;18.32
Guadalupe;Santander;2009-09-01;6.25;-73.375;18.77;15.93;0.005676;21459408.0;-0.003964;18.6
Guadalupe;Santander;2009-10-01;6.25;-73.375;18.45;16.03;0.006681;18412032.0;-0.003371;18.26
Guadalupe;Santander;2009-11-01;6.25;-73.375;18.73;16.46;0.005195;17928704.0;-0.003297;18.34
Guadalupe;Santander;2009-12-01;6.25;-73.375;18.4;16.08;0.003016;18430976.0;-0.003184;18.06
Guadalupe;Santander;2010-01-01;6.25;-73.375;19.39;15.45;0.000842;21180416.0;-0.002979;19.01
Guadalupe;Santander;2010-02-01;6.25;-73.375;20.23;16.45;0.002424;20284416.0;-0.00275;20.09
Guadalupe;Santander;2010-03-01;6.25;-73.375;19.81;17.13;0.005707;20254448.0;-0.003528;19.66
Guadalupe;Santander;2010-04-01;6.25;-73.375;19.7;17.28;0.009006;17688576.0;-0.003406;19.34
Guadalupe;Santander;2010-05-01;6.25;-73.375;19.38;17.31;0.014352;16775680.0;-0.003331;19.08
Guadalupe;Santander;2010-06-01;6.25;-73.375;18.79;16.74;0.014097;17816576.0;-0.003544;18.58
Guadalupe;Santander;2010-07-01;6.25;-73.375;18.12;16.38;0.013;16542208.0;-0.003292;18.06
Guadalupe;Santander;2010-08-01;6.25;-73.375;18.13;16.08;0.013059;18445568.0;-0.003666;18.2
Guadalupe;Santander;2010-09-01;6.25;-73.375;18.12;16.05;0.009963;17672832.0;-0.003472;18.02
Guadalupe;Santander;2010-10-01;6.25;-73.375;18.41;16.08;0.01167;17445888.0;-0.003362;18.07
Guadalupe;Santander;2010-11-01;6.25;-73.375;18.12;16.18;0.011301;14103040.0;-0.002766;17.57
Guadalupe;Santander;2010-12-01;6.25;-73.375;18.1;15.96;0.00783;15262720.0;-0.002902;17.46
Guadalupe;Santander;2011-01-01;6.25;-73.375;18.39;15.5;0.002518;18852352.0;-0.003258;17.66
Guadalupe;Santander;2011-02-01;6.25;-73.375;18.46;15.34;0.003854;19216896.0;-0.003026;17.99
Guadalupe;Santander;2011-03-01;6.25;-73.375;18.08;15.33;0.006787;18162528.0;-0.003192;17.78
Guadalupe;Santander;2011-04-01;6.25;-73.375;18.49;16.14;0.011284;16384256.0;-0.003164;18.06
Guadalupe;Santander;2011-05-01;6.25;-73.375;18.85;16.57;0.012868;16607488.0;-0.003341;18.33
Guadalupe;Santander;2011-06-01;6.25;-73.375;18.84;16.23;0.011028;18216960.0;-0.003546;18.44
Guadalupe;Santander;2011-07-01;6.25;-73.375;18.18;15.68;0.011;18543872.0;-0.003629;18.02
Guadalupe;Santander;2011-08-01;6.25;-73.375;18.44;15.74;0.009168;20026368.0;-0.003854;18.17
Guadalupe;Santander;2011-09-01;6.25;-73.375;18.42;15.74;0.007694;19681248.0;-0.003748;18.15
Guadalupe;Santander;2011-10-01;6.25;-73.375;18.01;15.94;0.01036;15341568.0;-0.002999;17.61
Guadalupe;Santander;2011-11-01;6.25;-73.375;18.09;16.13;0.010264;14696448.0;-0.002856;17.6
Guadalupe;Santander;2011-12-01;6.25;-73.375;18.5;16.3;0.006506;16186879.0;-0.00302;17.77
Guadalupe;Santander;2012-01-01;6.25;-73.375;18.15;15.76;0.003204;18364416.0;-0.003279;17.65
Guadalupe;Santander;2012-02-01;6.25;-73.375;18.46;15.06;0.002617;20184320.0;-0.003196;17.93
Guadalupe;Santander;2012-03-01;6.25;-73.375;18.58;15.63;0.006764;19174640.0;-0.003287;18.54
Guadalupe;Santander;2012-04-01;6.25;-73.375;18.36;16.11;0.009008;16502272.0;-0.003197;18.02
Guadalupe;Santander;2012-05-01;6.25;-73.375;18.59;16.24;0.011698;17925120.0;-0.003528;18.24
Guadalupe;Santander;2012-06-01;6.25;-73.375;18.34;15.64;0.00713;19862016.0;-0.003767;18.04
Guadalupe;Santander;2012-07-01;6.25;-73.375;18.17;15.66;0.009172;19004416.0;-0.003715;18.1
Guadalupe;Santander;2012-08-01;6.25;-73.375;18.22;15.74;0.012006;19437056.0;-0.003818;18.22
Guadalupe;Santander;2012-09-01;6.25;-73.375;18.09;15.46;0.008758;20421936.0;-0.003914;18.16
Guadalupe;Santander;2012-10-01;6.25;-73.375;18.58;16.08;0.009024;17380352.0;-0.003352;18.18
Guadalupe;Santander;2012-11-01;6.25;-73.375;18.74;16.38;0.004913;17713664.0;-0.003252;18.24
Guadalupe;Santander;2012-12-01;6.25;-73.375;18.52;15.96;0.003266;18397696.0;-0.003244;17.88
Guadalupe;Santander;2013-01-01;6.25;-73.375;19.2;15.42;0.000906;20508672.0;-0.003062;18.58
Guadalupe;Santander;2013-02-01;6.25;-73.375;18.81;16.18;0.00526;18991616.0;-0.003228;18.65
Guadalupe;Santander;2013-03-01;6.25;-73.375;19.32;16.81;0.006403;19651184.0;-0.003444;19.2
Guadalupe;Santander;2013-04-01;6.25;-73.375;19.4;16.7;0.006298;19549952.0;-0.003491;19.26
Guadalupe;Santander;2013-05-01;6.25;-73.375;18.94;16.75;0.0122;16350208.0;-0.003226;18.55
Guadalupe;Santander;2013-06-01;6.25;-73.375;18.7;16.14;0.008995;18512384.0;-0.003572;18.31
Guadalupe;Santander;2013-07-01;6.25;-73.375;18.47;15.61;0.007874;19863296.0;-0.003709;18.1
Guadalupe;Santander;2013-08-01;6.25;-73.375;18.42;16.02;0.011762;18855936.0;-0.003636;18.15
Guadalupe;Santander;2013-09-01;6.25;-73.375;18.48;15.99;0.008348;19273840.0;-0.003656;18.24
Guadalupe;Santander;2013-10-01;6.25;-73.375;18.33;15.84;0.005933;18258944.0;-0.003376;18.01
Guadalupe;Santander;2013-11-01;6.25;-73.375;18.32;15.9;0.00477;17295360.0;-0.003138;17.8
Guadalupe;Santander;2013-12-01;6.25;-73.375;18.38;15.85;0.004301;18589184.0;-0.003235;17.99
Guadalupe;Santander;2014-01-01;6.25;-73.375;18.84;15.56;0.002034;19052032.0;-0.00292;18.47
Guadalupe;Santander;2014-02-01;6.25;-73.375;18.96;15.66;0.003898;19382528.0;-0.002879;18.84
Guadalupe;Santander;2014-03-01;6.25;-73.375;19.18;16.16;0.003821;19803120.0;-0.003131;18.86
Guadalupe;Santander;2014-04-01;6.25;-73.375;19.58;16.6;0.009477;19729408.0;-0.00343;19.42
Guadalupe;Santander;2014-05-01;6.25;-73.375;19.11;16.74;0.008742;17876992.0;-0.003354;18.7
Guadalupe;Santander;2014-06-01;6.25;-73.375;19.12;16.58;0.009954;18894336.0;-0.00359;18.94
Guadalupe;Santander;2014-07-01;6.25;-73.375;19.12;15.86;0.007358;20598016.0;-0.003772;18.9
Guadalupe;Santander;2014-08-01;6.25;-73.375;18.44;15.59;0.010174;20082944.0;-0.003704;18.52
Guadalupe;Santander;2014-09-01;6.25;-73.375;18.42;15.69;0.007419;20051056.0;-0.003645;18.4
Guadalupe;Santander;2014-10-01;6.25;-73.375;18.3;16.04;0.009932;18148608.0;-0.003412;18.17
Guadalupe;Santander;2014-11-01;6.25;-73.375;18.47;16.22;0.005736;16928768.0;-0.003124;17.95
Guadalupe;Santander;2014-12-01;6.25;-73.375;18.76;15.84;0.002516;19352576.0;-0.003226;18.13
Guadalupe;Santander;2015-01-01;6.25;-73.375;18.42;15.12;0.002142;20079104.0;-0.003177;18.06
Guadalupe;Santander;2015-02-01;6.25;-73.375;19.05;15.89;0.003072;19409664.0;-0.003184;18.66
Guadalupe;Santander;2015-03-01;6.25;-73.375;19.25;16.06;0.00539;19814960.0;-0.003173;19.1
Guadalupe;Santander;2015-04-01;6.25;-73.375;19.11;16.63;0.008993;19134208.0;-0.003684;18.88
Guadalupe;Santander;2015-05-01;6.25;-73.375;19.24;16.6;0.008328;19305728.0;-0.003672;19.04
Guadalupe;Santander;2015-06-01;6.25;-73.375;19.3;16.24;0.00903;19297792.0;-0.003658;19.1
Guadalupe;Santander;2015-07-01;6.25;-73.375;19.02;16.06;0.008921;18617856.0;-0.003491;18.8
Guadalupe;Santander;2015-08-01;6.25;-73.375;18.99;16.02;0.009064;19778048.0;-0.003698;18.87
Guadalupe;Santander;2015-09-01;6.25;-73.375;19.24;15.93;0.006011;20412784.0;-0.003599;19.12
Guadalupe;Santander;2015-10-01;6.25;-73.375;19.09;16.44;0.007781;17847552.0;-0.003136;18.94
Guadalupe;Santander;2015-11-01;6.25;-73.375;18.89;16.74;0.008022;16957952.0;-0.0032;18.44
Guadalupe;Santander;2015-12-01;6.25;-73.375;19.46;16.09;0.004163;19637760.0;-0.00336;19.01
Guadalupe;Santander;2016-01-01;6.25;-73.375;19.87;15.88;0.002748;19624960.0;-0.00273;19.55
Guadalupe;Santander;2016-02-01;6.25;-73.375;20.28;17.04;0.005552;19890944.0;-0.003222;20.15
Guadalupe;Santander;2016-03-01;6.25;-73.375;20.45;17.19;0.00546;20849472.0;-0.003438;20.27
Guadalupe;Santander;2016-04-01;6.25;-73.375;19.76;17.39;0.008997;18024448.0;-0.003351;19.82
Guadalupe;Santander;2016-05-01;6.25;-73.375;19.42;17.19;0.01186;17337600.0;-0.003482;19.16
Guadalupe;Santander;2016-06-01;6.25;-73.375;18.86;16.31;0.009646;19238144.0;-0.003753;18.65
Guadalupe;Santander;2016-07-01;6.25;-73.375;18.5;16.15;0.009872;18759168.0;-0.003616;18.38
Guadalupe;Santander;2016-08-01;6.25;-73.375;18.7;16.1;0.007474;20426496.0;-0.00384;18.74
Guadalupe;Santander;2016-09-01;6.25;-73.375;18.6;16.06;0.00714;19682928.0;-0.003622;18.45
Guadalupe;Santander;2016-10-01;6.25;-73.375;18.73;16.46;0.009766;17411584.0;-0.00334;18.56
Guadalupe;Santander;2016-11-01;6.25;-73.375;18.72;16.48;0.006521;17064448.0;-0.003212;18.3
Guadalupe;Santander;2016-12-01;6.25;-73.375;18.76;16.27;0.005334;17196544.0;-0.003159;18.06
Guadalupe;Santander;2017-01-01;6.25;-73.375;18.78;15.14;0.002894;19761152.0;-0.003134;18.07
Guadalupe;Santander;2017-02-01;6.25;-73.375;19.36;14.29;0.001474;22067200.0;-0.0028;18.85
Guadalupe;Santander;2017-03-01;6.25;-73.375;18.64;16.02;0.008019;18277280.0;-0.003122;18.7
Guadalupe;Santander;2017-04-01;6.25;-73.375;19.44;16.37;0.005822;20060160.0;-0.003524;19.16
Guadalupe;Santander;2017-05-01;6.25;-73.375;19.23;16.85;0.008468;18091264.0;-0.003448;19.07
Guadalupe;Santander;2017-06-01;6.25;-73.375;18.98;16.58;0.008699;17894656.0;-0.00341;18.84
Guadalupe;Santander;2017-07-01;6.25;-73.375;18.98;16.19;0.010412;19233792.0;-0.003746;18.78
Guadalupe;Santander;2017-08-01;6.25;-73.375;18.8;16.1;0.006448;20307968.0;-0.003798;18.71
Guadalupe;Santander;2017-09-01;6.25;-73.375;18.58;16.19;0.00852;19670348.0;-0.003714;18.8
Guadalupe;Santander;2017-10-01;6.25;-73.375;18.61;16.26;0.006658;18316288.0;-0.003426;18.44
Guadalupe;Santander;2017-11-01;6.25;-73.375;18.74;16.43;0.004037;17852416.0;-0.003209;18.35
Guadalupe;Santander;2017-12-01;6.25;-73.375;18.96;15.27;0.001674;19513344.0;-0.002965;18.34
Guadalupe;Santander;2018-01-01;6.25;-73.375;18.56;15.35;0.003128;18924032.0;-0.003041;18.18
Guadalupe;Santander;2018-02-01;6.25;-73.375;19.66;13.73;0.001288;20967680.0;-0.002358;19.12
Guadalupe;Santander;2018-03-01;6.25;-73.375;19.38;15.42;0.003684;20904748.0;-0.002826;19.58
Guadalupe;Santander;2018-04-01;6.25;-73.375;18.63;15.99;0.007488;18383104.0;-0.003186;18.72
Guadalupe;Santander;2018-05-01;6.25;-73.375;18.51;16.66;0.011004;16748544.0;-0.003302;18.42
Guadalupe;Santander;2018-06-01;6.25;-73.375;18.56;16.24;0.010042;19067136.0;-0.003712;18.53
Guadalupe;Santander;2018-07-01;6.25;-73.375;18.67;15.92;0.007562;19979520.0;-0.003762;18.49
Guadalupe;Santander;2018-08-01;6.25;-73.375;18.5;15.18;0.005716;21234432.0;-0.00385;18.48
Guadalupe;Santander;2018-09-01;6.25;-73.375;18.44;16.05;0.008456;19293912.0;-0.003657;18.52
Guadalupe;Santander;2018-10-01;6.25;-73.375;18.83;16.45;0.006809;17267456.0;-0.003278;18.41
Guadalupe;Santander;2018-11-01;6.25;-73.375;18.94;16.72;0.004791;17680384.0;-0.003166;18.54
Guadalupe;Santander;2018-12-01;6.25;-73.375;19.0;14.5;0.00063;20751360.0;-0.002746;18.38
Guadalupe;Santander;2019-01-01;6.25;-73.375;19.24;14.66;0.001378;20016128.0;-0.002596;18.92
Guadalupe;Santander;2019-02-01;6.25;-73.375;19.92;15.64;0.002569;20238336.0;-0.00268;19.92
Guadalupe;Santander;2019-03-01;6.25;-73.375;19.52;16.52;0.00538;19215688.0;-0.002956;19.67
Guadalupe;Santander;2019-04-01;6.25;-73.375;19.55;16.74;0.006264;18703360.0;-0.00335;19.46
Guadalupe;Santander;2019-05-01;6.25;-73.375;19.36;16.83;0.00993;17252864.0;-0.003262;19.21
Guadalupe;Santander;2019-06-01;6.25;-73.375;19.48;16.8;0.010251;19231744.0;-0.003838;19.08
Guadalupe;Santander;2019-07-01;6.25;-73.375;19.06;16.18;0.007364;20168192.0;-0.003842;18.87
Guadalupe;Santander;2019-08-01;6.25;-73.375;18.85;15.44;0.007264;21179904.0;-0.003914;18.88
Guadalupe;Santander;2019-09-01;6.25;-73.375;19.13;15.94;0.007474;20105240.0;-0.003499;19.11
Guadalupe;Santander;2019-10-01;6.25;-73.375;18.24;16.18;0.007794;18276608.0;-0.003466;18.16
Guadalupe;Santander;2019-11-01;6.25;-73.375;18.76;16.39;0.003062;18078720.0;-0.003274;18.37
Guadalupe;Santander;2019-12-01;6.25;-73.375;19.16;16.24;0.002312;18776064.0;-0.002936;18.71
Guadalupe;Santander;2020-01-01;6.25;-73.375;19.4;14.46;0.000738;20285440.0;-0.0026;18.84
Guadalupe;Santander;2020-02-01;6.25;-73.375;20.14;15.1;0.002467;20831744.0;-0.002644;19.83
Guadalupe;Santander;2020-03-01;6.25;-73.375;19.58;15.74;0.003853;21705688.0;-0.003373;19.53
Guadalupe;Santander;2020-04-01;6.25;-73.375;19.68;16.61;0.006223;19785216.0;-0.003256;19.73
Guadalupe;Santander;2020-05-01;6.25;-73.375;20.05;17.18;0.009364;18523136.0;-0.003302;19.94
Guadalupe;Santander;2020-06-01;6.25;-73.375;18.87;16.46;0.008684;18195456.0;-0.00348;18.66
Guadalupe;Santander;2020-07-01;6.25;-73.375;18.74;16.16;0.009628;18217472.0;-0.00333;18.55
Guadalupe;Santander;2020-08-01;6.25;-73.375;19.01;16.23;0.008505;18918656.0;-0.003364;18.94
Guadalupe;Santander;2020-09-01;6.25;-73.375;18.48;15.97;0.007949;19330912.0;-0.00356;18.5
Guadalupe;Santander;2020-10-01;6.25;-73.375;18.31;16.24;0.011481;18197504.0;-0.003487;18.27
Guadalupe;Santander;2020-11-01;6.25;-73.375;18.43;16.42;0.006011;16710656.0;-0.00311;18.05
Guadalupe;Santander;2020-12-01;6.25;-73.375;18.43;15.74;0.002108;18750976.0;-0.003112;17.85
Guadalupe;Santander;2021-01-01;6.25;-73.375;19.2;13.6;0.001408;21157376.0;-0.002684;18.31
Guadalupe;Santander;2021-02-01;6.25;-73.375;19.24;14.31;0.002403;20870656.0;-0.002526;19.35
Guadalupe;Santander;2021-03-01;6.25;-73.375;18.49;14.92;0.005176;19268392.0;-0.002988;18.66
Guadalupe;Santander;2021-04-01;6.25;-73.375;18.7;16.56;0.010324;17971968.0;-0.003391;18.67
Guadalupe;Santander;2021-05-01;6.25;-73.375;19.05;16.84;0.009483;17721600.0;-0.003417;18.62
Guadalupe;Santander;2021-06-01;6.25;-73.375;18.42;16.38;0.010094;18088704.0;-0.003497;18.25
Guadalupe;Santander;2021-07-01;6.25;-73.375;18.66;15.96;0.011365;19281920.0;-0.003678;18.42
Guadalupe;Santander;2021-08-01;6.25;-73.375;18.32;16.13;0.010845;18885120.0;-0.003656;18.31
Guadalupe;Santander;2021-09-01;6.25;-73.375;18.44;15.93;0.00798;19570040.0;-0.003618;18.26
Guadalupe;Santander;2021-10-01;6.25;-73.375;18.48;16.42;0.00864;18175232.0;-0.003332;18.46
Guadalupe;Santander;2021-11-01;6.25;-73.375;18.54;16.12;0.00374;18115584.0;-0.003154;18.09
Guadalupe;Santander;2021-12-01;6.25;-73.375;18.89;16.38;0.003004;17890816.0;-0.002914;18.62
Guadalupe;Santander;2022-01-01;6.25;-73.375;18.76;14.92;0.0012;19176960.0;-0.00259;18.39
Guadalupe;Santander;2022-02-01;6.25;-73.375;18.75;14.94;0.002781;18634496.0;-0.002478;18.56
Guadalupe;Santander;2022-03-01;6.25;-73.375;18.82;16.0;0.006166;19323712.0;-0.003075;18.83
Guadalupe;Santander;2022-04-01;6.25;-73.375;18.61;16.42;0.008752;17523712.0;-0.003279;18.66
Guadalupe;Santander;2022-05-01;6.25;-73.375;19.09;16.9;0.01184;17333760.0;-0.003386;18.69
Guadalupe;Santander;2022-06-01;6.25;-73.375;17.88;16.23;0.012204;16577280.0;-0.003256;17.78
Guadalupe;Santander;2022-07-01;6.25;-73.375;18.27;16.1;0.009606;18480384.0;-0.003573;18.08
Guadalupe;Santander;2022-08-01;6.25;-73.375;18.06;15.78;0.009208;18830080.0;-0.003617;17.98
Guadalupe;Santander;2022-09-01;6.25;-73.375;17.87;15.77;0.008659;19332872.0;-0.003708;18.13
Guadalupe;Santander;2022-10-01;6.25;-73.375;18.12;16.1;0.007666;17651456.0;-0.003324;18.03
Guadalupe;Santander;2022-11-01;6.25;-73.375;18.41;16.23;0.006722;16467968.0;-0.003108;18.08
Guadalupe;Santander;2022-12-01;6.25;-73.375;18.43;15.11;0.001541;18940928.0;-0.002962;17.83
Guadalupe;Santander;2023-01-01;6.25;-73.375;18.44;14.79;0.002536;19208192.0;-0.002834;17.84
Guadalupe;Santander;2023-02-01;6.25;-73.375;19.03;14.58;0.002538;20567040.0;-0.002729;18.76
Guadalupe;Santander;2023-03-01;6.25;-73.375;18.73;16.06;0.006418;17776100.0;-0.002954;18.78
Guadalupe;Santander;2023-04-01;6.25;-73.375;18.99;16.45;0.007936;18130176.0;-0.003142;18.9
Guadalupe;Santander;2023-05-01;6.25;-73.375;19.88;17.08;0.00873;17991936.0;-0.003268;19.42
Guadalupe;Santander;2023-06-01;6.25;-73.375;19.46;16.69;0.010259;18665472.0;-0.003572;19.07
Guadalupe;Santander;2023-07-01;6.25;-73.375;19.53;16.72;0.00953;19458816.0;-0.003636;19.36
Guadalupe;Santander;2023-08-01;6.25;-73.375;19.48;16.56;0.007801;20348416.0;-0.003713;19.27
Guadalupe;Santander;2023-09-01;6.25;-73.375;19.5;16.3;0.006487;21232712.0;-0.003624;19.47
Guadalupe;Santander;2023-10-01;6.25;-73.375;18.82;16.88;0.00892;17588480.0;-0.003356;18.94
Guadalupe;Santander;2023-11-01;6.25;-73.375;19.34;17.21;0.007062;17581056.0;-0.003288;18.9
Guadalupe;Santander;2023-12-01;6.25;-73.375;19.7;17.16;0.00274;18956288.0;-0.003202;19.16
Guadalupe;Santander;2024-01-01;6.25;-73.375;20.26;15.71;0.000366;22634496.0;-0.003192;19.26
Guadalupe;Santander;2024-02-01;6.25;-73.375;19.9;17.2;0.004609;19902976.0;-0.003496;19.51
Guadalupe;Santander;2024-03-01;6.25;-73.375;20.32;17.21;0.005178;21653648.0;-0.003536;20.11
Guadalupe;Santander;2024-04-01;6.25;-73.375;20.02;17.34;0.007266;18580992.0;-0.00336;19.86
Guadalupe;Santander;2024-05-01;6.25;-73.375;20.15;18.02;0.013071;16791296.0;-0.003415;19.64
Guadalupe;Santander;2024-06-01;6.25;-73.375;19.3;17.4;0.01156;16867328.0;-0.003388;18.92
Guadalupe;Santander;2024-07-01;6.25;-73.375;19.58;16.79;0.011108;19210240.0;-0.003702;19.08
Guadalupe;Santander;2024-08-01;6.25;-73.375;19.27;16.42;0.00805;20519680.0;-0.003872;18.94
Guadalupe;Santander;2024-09-01;6.25;-73.375;19.37;16.49;0.009144;19750880.0;-0.003626;19.23
Guadalupe;Santander;2024-10-01;6.25;-73.375;19.22;16.84;0.007991;18345728.0;-0.003471;18.86
Guadalupe;Santander;2024-11-01;6.25;-73.375;18.64;16.6;0.010112;15574016.0;-0.003058;18.33
Guadalupe;Santander;2024-12-01;6.25;-73.375;19.14;16.54;0.003715;17984000.0;-0.003114;18.38
Guapota;Santander;2007-01-01;6.25;-73.25;17.36;14.92;0.003502;20104192.0;-0.00358;17.0
Guapota;Santander;2007-02-01;6.25;-73.25;17.48;13.48;0.00141;22345728.0;-0.003333;16.78
Guapota;Santander;2007-03-01;6.25;-73.25;17.06;14.71;0.007343;18989708.0;-0.003341;17.05
Guapota;Santander;2007-04-01;6.25;-73.25;17.43;15.67;0.011395;18491392.0;-0.003542;17.17
Guapota;Santander;2007-05-01;6.25;-73.25;16.96;15.55;0.01689;17171968.0;-0.003502;16.93
Guapota;Santander;2007-06-01;6.25;-73.25;16.8;14.86;0.01446;18772992.0;-0.003778;16.64
Guapota;Santander;2007-07-01;6.25;-73.25;16.63;14.37;0.01194;19921408.0;-0.003913;16.51
Guapota;Santander;2007-08-01;6.25;-73.25;16.45;14.51;0.016315;18840576.0;-0.003795;16.32
Guapota;Santander;2007-09-01;6.25;-73.25;16.58;14.5;0.013266;20060282.0;-0.003963;16.53
Guapota;Santander;2007-10-01;6.25;-73.25;16.35;14.7;0.009987;17848320.0;-0.003394;16.44
Guapota;Santander;2007-11-01;6.25;-73.25;16.81;14.85;0.007359;18156544.0;-0.003397;16.47
Guapota;Santander;2007-12-01;6.25;-73.25;16.19;14.07;0.003967;17612800.0;-0.003083;15.79
Guapota;Santander;2008-01-01;6.25;-73.25;16.55;14.19;0.003155;18980864.0;-0.003266;16.09
Guapota;Santander;2008-02-01;6.25;-73.25;16.54;14.21;0.003685;19874304.0;-0.003428;16.09
Guapota;Santander;2008-03-01;6.25;-73.25;16.7;14.16;0.004263;20518300.0;-0.003444;16.4
Guapota;Santander;2008-04-01;6.25;-73.25;16.69;14.61;0.009327;18741760.0;-0.003515;16.49
Guapota;Santander;2008-05-01;6.25;-73.25;16.87;14.86;0.011332;17196544.0;-0.003384;16.47
Guapota;Santander;2008-06-01;6.25;-73.25;16.67;14.87;0.014904;18200576.0;-0.003632;16.36
Guapota;Santander;2008-07-01;6.25;-73.25;16.58;14.44;0.01688;18456576.0;-0.003729;16.27
Guapota;Santander;2008-08-01;6.25;-73.25;16.46;14.42;0.010616;18853376.0;-0.003681;16.3
Guapota;Santander;2008-09-01;6.25;-73.25;16.76;14.51;0.010328;19807176.0;-0.003808;16.59
Guapota;Santander;2008-10-01;6.25;-73.25;16.74;14.51;0.007898;18904064.0;-0.003522;16.42
Guapota;Santander;2008-11-01;6.25;-73.25;16.71;15.0;0.012238;15345664.0;-0.002928;16.36
Guapota;Santander;2008-12-01;6.25;-73.25;16.67;14.1;0.002558;17310720.0;-0.002945;16.08
Guapota;Santander;2009-01-01;6.25;-73.25;16.6;14.43;0.004409;18377728.0;-0.003218;16.18
Guapota;Santander;2009-02-01;6.25;-73.25;16.52;14.31;0.005911;19674624.0;-0.00354;16.37
Guapota;Santander;2009-03-01;6.25;-73.25;16.63;14.55;0.007021;19166512.0;-0.003496;16.59
Guapota;Santander;2009-04-01;6.25;-73.25;17.31;15.26;0.011667;19701760.0;-0.003694;17.1
Guapota;Santander;2009-05-01;6.25;-73.25;17.23;14.99;0.010128;18714112.0;-0.003709;16.91
Guapota;Santander;2009-06-01;6.25;-73.25;17.0;14.96;0.017958;18263552.0;-0.003672;16.79
Guapota;Santander;2009-07-01;6.25;-73.25;16.91;14.54;0.012466;19826176.0;-0.003928;16.75
Guapota;Santander;2009-08-01;6.25;-73.25;17.1;14.84;0.014919;19540992.0;-0.003891;16.87
Guapota;Santander;2009-09-01;6.25;-73.25;17.49;14.56;0.007513;21777612.0;-0.004098;17.17
Guapota;Santander;2009-10-01;6.25;-73.25;17.17;14.78;0.007917;18750464.0;-0.003454;16.83
Guapota;Santander;2009-11-01;6.25;-73.25;17.55;15.25;0.00507;18501632.0;-0.003378;16.99
Guapota;Santander;2009-12-01;6.25;-73.25;17.18;14.8;0.003229;18957312.0;-0.003256;16.66
Guapota;Santander;2010-01-01;6.25;-73.25;17.92;14.25;0.00078;21600256.0;-0.00322;17.22
Guapota;Santander;2010-02-01;6.25;-73.25;18.84;15.34;0.002251;20831232.0;-0.00297;18.33
Guapota;Santander;2010-03-01;6.25;-73.25;18.53;15.89;0.006407;20822770.0;-0.003681;18.13
Guapota;Santander;2010-04-01;6.25;-73.25;18.43;16.11;0.010048;17900544.0;-0.003461;17.87
Guapota;Santander;2010-05-01;6.25;-73.25;18.13;16.14;0.015442;17084416.0;-0.003406;17.69
Guapota;Santander;2010-06-01;6.25;-73.25;17.43;15.49;0.017008;18163712.0;-0.003699;17.09
Guapota;Santander;2010-07-01;6.25;-73.25;16.8;15.18;0.015194;16694272.0;-0.003396;16.58
Guapota;Santander;2010-08-01;6.25;-73.25;16.82;14.85;0.017462;18633728.0;-0.003816;16.72
Guapota;Santander;2010-09-01;6.25;-73.25;16.86;14.82;0.010584;18037882.0;-0.003571;16.59
Guapota;Santander;2010-10-01;6.25;-73.25;17.16;14.88;0.011318;17860096.0;-0.003442;16.69
Guapota;Santander;2010-11-01;6.25;-73.25;16.96;15.12;0.009701;14653440.0;-0.00286;16.28
Guapota;Santander;2010-12-01;6.25;-73.25;16.9;14.84;0.007906;15917056.0;-0.003032;16.12
Guapota;Santander;2011-01-01;6.25;-73.25;17.14;14.23;0.00271;19271680.0;-0.003297;16.27
Guapota;Santander;2011-02-01;6.25;-73.25;17.07;14.26;0.004348;19405312.0;-0.003206;16.39
Guapota;Santander;2011-03-01;6.25;-73.25;16.68;14.24;0.007799;18266464.0;-0.003393;16.15
Guapota;Santander;2011-04-01;6.25;-73.25;17.29;14.99;0.011723;16811520.0;-0.003277;16.68
Guapota;Santander;2011-05-01;6.25;-73.25;17.57;15.41;0.015902;16736768.0;-0.003431;16.88
Guapota;Santander;2011-06-01;6.25;-73.25;17.51;14.94;0.014044;18368512.0;-0.00363;16.95
Guapota;Santander;2011-07-01;6.25;-73.25;16.88;14.42;0.014645;18689024.0;-0.00377;16.59
Guapota;Santander;2011-08-01;6.25;-73.25;17.17;14.44;0.012493;20400128.0;-0.00401;16.78
Guapota;Santander;2011-09-01;6.25;-73.25;17.14;14.41;0.010454;20000742.0;-0.003886;16.71
Guapota;Santander;2011-10-01;6.25;-73.25;16.8;14.8;0.010948;15713280.0;-0.003104;16.26
Guapota;Santander;2011-11-01;6.25;-73.25;16.9;15.04;0.009356;15045632.0;-0.002897;16.28
Guapota;Santander;2011-12-01;6.25;-73.25;17.29;15.13;0.006311;16567296.0;-0.003089;16.4
Guapota;Santander;2012-01-01;6.25;-73.25;16.87;14.58;0.003422;18693120.0;-0.003306;16.27
Guapota;Santander;2012-02-01;6.25;-73.25;17.0;13.96;0.003073;20513280.0;-0.003325;16.29
Guapota;Santander;2012-03-01;6.25;-73.25;17.05;14.58;0.007433;19036654.0;-0.003491;16.72
Guapota;Santander;2012-04-01;6.25;-73.25;17.07;14.97;0.010331;16787456.0;-0.003312;16.57
Guapota;Santander;2012-05-01;6.25;-73.25;17.26;14.99;0.014606;18167808.0;-0.00367;16.75
Guapota;Santander;2012-06-01;6.25;-73.25;17.01;14.33;0.010643;19976192.0;-0.00393;16.51
Guapota;Santander;2012-07-01;6.25;-73.25;16.86;14.39;0.013838;18949120.0;-0.003853;16.64
Guapota;Santander;2012-08-01;6.25;-73.25;16.91;14.47;0.016348;19472896.0;-0.00391;16.76
Guapota;Santander;2012-09-01;6.25;-73.25;16.75;14.14;0.012716;20607536.0;-0.004069;16.7
Guapota;Santander;2012-10-01;6.25;-73.25;17.33;14.85;0.010387;17648640.0;-0.003439;16.75
Guapota;Santander;2012-11-01;6.25;-73.25;17.5;15.16;0.005222;18185216.0;-0.003318;16.83
Guapota;Santander;2012-12-01;6.25;-73.25;17.29;14.73;0.00356;18691072.0;-0.003321;16.51
Guapota;Santander;2013-01-01;6.25;-73.25;17.94;14.24;0.000891;20765696.0;-0.003099;17.08
Guapota;Santander;2013-02-01;6.25;-73.25;17.41;15.19;0.005835;19206656.0;-0.003475;17.01
Guapota;Santander;2013-03-01;6.25;-73.25;18.0;15.66;0.007717;20029048.0;-0.003707;17.59
Guapota;Santander;2013-04-01;6.25;-73.25;18.07;15.54;0.007078;19729920.0;-0.003721;17.61
Guapota;Santander;2013-05-01;6.25;-73.25;17.69;15.56;0.014423;16472064.0;-0.003352;17.05
Guapota;Santander;2013-06-01;6.25;-73.25;17.41;14.86;0.013233;18698240.0;-0.003751;16.84
Guapota;Santander;2013-07-01;6.25;-73.25;17.14;14.32;0.012672;19975680.0;-0.003908;16.61
Guapota;Santander;2013-08-01;6.25;-73.25;17.14;14.77;0.016716;19202560.0;-0.003847;16.68
Guapota;Santander;2013-09-01;6.25;-73.25;17.18;14.71;0.011406;19548276.0;-0.003788;16.77
Guapota;Santander;2013-10-01;6.25;-73.25;17.03;14.61;0.007372;18616320.0;-0.003501;16.55
Guapota;Santander;2013-11-01;6.25;-73.25;17.05;14.76;0.004826;17547264.0;-0.003193;16.38
Guapota;Santander;2013-12-01;6.25;-73.25;17.05;14.73;0.005013;18868224.0;-0.003441;16.42
Guapota;Santander;2014-01-01;6.25;-73.25;17.3;14.59;0.002054;19373056.0;-0.00332;16.59
Guapota;Santander;2014-02-01;6.25;-73.25;17.38;14.7;0.003973;19503104.0;-0.003199;16.89
Guapota;Santander;2014-03-01;6.25;-73.25;17.71;15.16;0.004438;20147440.0;-0.003421;17.09
Guapota;Santander;2014-04-01;6.25;-73.25;18.1;15.53;0.011244;19831808.0;-0.003786;17.54
Guapota;Santander;2014-05-01;6.25;-73.25;17.8;15.56;0.010204;18125824.0;-0.003468;17.17
Guapota;Santander;2014-06-01;6.25;-73.25;17.74;15.36;0.014793;18872320.0;-0.003844;17.3
Guapota;Santander;2014-07-01;6.25;-73.25;17.68;14.64;0.011724;20602880.0;-0.004054;17.2
Guapota;Santander;2014-08-01;6.25;-73.25;16.98;14.38;0.014751;20300288.0;-0.004038;16.79
Guapota;Santander;2014-09-01;6.25;-73.25;17.06;14.43;0.00956;20398452.0;-0.003891;16.79
Guapota;Santander;2014-10-01;6.25;-73.25;16.92;14.87;0.012163;18270720.0;-0.003494;16.63
Guapota;Santander;2014-11-01;6.25;-73.25;17.19;15.01;0.005904;17349632.0;-0.003215;16.51
Guapota;Santander;2014-12-01;6.25;-73.25;17.41;14.63;0.002991;19712000.0;-0.003389;16.58
Guapota;Santander;2015-01-01;6.25;-73.25;17.11;13.93;0.002462;20357120.0;-0.003231;16.52
Guapota;Santander;2015-02-01;6.25;-73.25;17.65;14.79;0.00351;19579904.0;-0.003377;16.97
Guapota;Santander;2015-03-01;6.25;-73.25;17.72;15.06;0.00532;19988012.0;-0.003416;17.23
Guapota;Santander;2015-04-01;6.25;-73.25;17.77;15.41;0.011171;19249664.0;-0.003808;17.34
Guapota;Santander;2015-05-01;6.25;-73.25;17.86;15.39;0.011353;19375104.0;-0.003863;17.44
Guapota;Santander;2015-06-01;6.25;-73.25;17.89;15.01;0.013662;19283968.0;-0.003927;17.47
Guapota;Santander;2015-07-01;6.25;-73.25;17.53;14.91;0.012835;18556416.0;-0.003816;17.0
Guapota;Santander;2015-08-01;6.25;-73.25;17.5;14.85;0.013721;19766784.0;-0.004011;17.1
Guapota;Santander;2015-09-01;6.25;-73.25;17.76;14.78;0.00839;20545646.0;-0.003994;17.31
Guapota;Santander;2015-10-01;6.25;-73.25;17.6;15.3;0.00967;18033664.0;-0.003446;17.17
Guapota;Santander;2015-11-01;6.25;-73.25;17.53;15.53;0.009462;17021952.0;-0.003283;16.88
Guapota;Santander;2015-12-01;6.25;-73.25;18.02;14.94;0.00548;19668992.0;-0.003648;17.26
Guapota;Santander;2016-01-01;6.25;-73.25;18.26;14.96;0.002996;19851264.0;-0.003148;17.57
Guapota;Santander;2016-02-01;6.25;-73.25;18.69;16.19;0.005461;20058112.0;-0.003551;18.17
Guapota;Santander;2016-03-01;6.25;-73.25;18.92;16.2;0.005161;21248582.0;-0.003692;18.37
Guapota;Santander;2016-04-01;6.25;-73.25;18.38;16.34;0.010221;18192896.0;-0.003559;18.14
Guapota;Santander;2016-05-01;6.25;-73.25;18.08;15.95;0.014647;17153024.0;-0.003558;17.6
Guapota;Santander;2016-06-01;6.25;-73.25;17.51;15.01;0.014851;19249152.0;-0.003906;17.1
Guapota;Santander;2016-07-01;6.25;-73.25;17.14;14.89;0.014227;18913280.0;-0.003822;16.83
Guapota;Santander;2016-08-01;6.25;-73.25;17.35;14.81;0.01111;20605952.0;-0.004044;17.2
Guapota;Santander;2016-09-01;6.25;-73.25;17.18;14.83;0.009932;20023660.0;-0.003885;16.81
Guapota;Santander;2016-10-01;6.25;-73.25;17.45;15.29;0.010473;17890816.0;-0.003443;17.08
Guapota;Santander;2016-11-01;6.25;-73.25;17.5;15.33;0.007294;17363968.0;-0.003261;16.93
Guapota;Santander;2016-12-01;6.25;-73.25;17.48;15.1;0.005777;17537024.0;-0.003238;16.62
Guapota;Santander;2017-01-01;6.25;-73.25;17.35;14.23;0.003756;19812352.0;-0.00346;16.31
Guapota;Santander;2017-02-01;6.25;-73.25;17.65;13.5;0.001509;22150656.0;-0.003204;16.66
Guapota;Santander;2017-03-01;6.25;-73.25;17.13;15.03;0.008883;18257568.0;-0.003315;16.89
Guapota;Santander;2017-04-01;6.25;-73.25;17.93;15.31;0.007559;20178432.0;-0.003791;17.35
Guapota;Santander;2017-05-01;6.25;-73.25;17.82;15.7;0.010639;18120704.0;-0.003652;17.43
Guapota;Santander;2017-06-01;6.25;-73.25;17.52;15.41;0.011314;17921024.0;-0.003617;17.14
Guapota;Santander;2017-07-01;6.25;-73.25;17.56;14.93;0.016064;19072000.0;-0.003913;17.16
Guapota;Santander;2017-08-01;6.25;-73.25;17.35;14.89;0.009111;20454400.0;-0.004022;17.06
Guapota;Santander;2017-09-01;6.25;-73.25;17.14;14.98;0.010101;19779406.0;-0.003913;17.12
Guapota;Santander;2017-10-01;6.25;-73.25;17.25;15.02;0.00737;18365440.0;-0.003468;16.92
Guapota;Santander;2017-11-01;6.25;-73.25;17.48;15.22;0.003969;18264064.0;-0.003304;16.9
Guapota;Santander;2017-12-01;6.25;-73.25;17.43;14.28;0.00178;19743744.0;-0.003285;16.54
Guapota;Santander;2018-01-01;6.25;-73.25;17.06;14.33;0.003474;19128320.0;-0.00338;16.4
Guapota;Santander;2018-02-01;6.25;-73.25;17.88;13.13;0.001376;20798976.0;-0.002741;16.96
Guapota;Santander;2018-03-01;6.25;-73.25;17.71;14.49;0.003906;21005356.0;-0.003176;17.47
Guapota;Santander;2018-04-01;6.25;-73.25;17.08;14.96;0.009327;18326528.0;-0.003474;16.84
Guapota;Santander;2018-05-01;6.25;-73.25;17.15;15.46;0.012894;16801792.0;-0.003403;16.86
Guapota;Santander;2018-06-01;6.25;-73.25;17.14;14.97;0.014973;18960896.0;-0.003873;16.94
Guapota;Santander;2018-07-01;6.25;-73.25;17.28;14.79;0.0112;19947008.0;-0.003938;16.9
Guapota;Santander;2018-08-01;6.25;-73.25;17.02;14.06;0.009161;21167104.0;-0.004112;16.77
Guapota;Santander;2018-09-01;6.25;-73.25;17.05;14.81;0.01091;19379160.0;-0.003809;16.92
Guapota;Santander;2018-10-01;6.25;-73.25;17.48;15.25;0.007827;17506304.0;-0.0034;16.91
Guapota;Santander;2018-11-01;6.25;-73.25;17.59;15.56;0.00493;17920000.0;-0.003295;16.96
Guapota;Santander;2018-12-01;6.25;-73.25;17.34;13.68;0.000769;20847616.0;-0.00316;16.37
Guapota;Santander;2019-01-01;6.25;-73.25;17.55;13.92;0.001395;20088832.0;-0.003015;16.8
Guapota;Santander;2019-02-01;6.25;-73.25;18.28;14.86;0.002304;20329472.0;-0.00297;17.84
Guapota;Santander;2019-03-01;6.25;-73.25;17.95;15.62;0.00592;19212616.0;-0.003292;17.65
Guapota;Santander;2019-04-01;6.25;-73.25;18.09;15.73;0.006842;18620416.0;-0.003637;17.63
Guapota;Santander;2019-05-01;6.25;-73.25;17.89;15.79;0.012066;17438720.0;-0.003542;17.46
Guapota;Santander;2019-06-01;6.25;-73.25;18.21;15.53;0.013779;19137024.0;-0.003935;17.58
Guapota;Santander;2019-07-01;6.25;-73.25;17.6;15.01;0.011032;20094464.0;-0.00399;17.23
Guapota;Santander;2019-08-01;6.25;-73.25;17.27;14.32;0.011841;21007360.0;-0.004109;17.14
Guapota;Santander;2019-09-01;6.25;-73.25;17.56;14.86;0.009701;20242196.0;-0.003747;17.36
Guapota;Santander;2019-10-01;6.25;-73.25;16.9;14.96;0.009256;18551296.0;-0.00359;16.68
Guapota;Santander;2019-11-01;6.25;-73.25;17.44;15.17;0.003437;18241536.0;-0.003371;16.88
Guapota;Santander;2019-12-01;6.25;-73.25;17.67;15.09;0.002989;18968576.0;-0.003234;16.96
Guapota;Santander;2020-01-01;6.25;-73.25;17.76;13.75;0.000765;20325376.0;-0.00307;16.79
Guapota;Santander;2020-02-01;6.25;-73.25;18.39;14.38;0.00271;20751360.0;-0.003014;17.68
Guapota;Santander;2020-03-01;6.25;-73.25;17.86;14.93;0.003569;21528532.0;-0.003591;17.44
Guapota;Santander;2020-04-01;6.25;-73.25;18.0;15.7;0.007317;19890688.0;-0.003682;17.69
Guapota;Santander;2020-05-01;6.25;-73.25;18.46;16.19;0.012297;18616832.0;-0.003764;17.97
Guapota;Santander;2020-06-01;6.25;-73.25;17.44;15.27;0.012085;18222592.0;-0.003659;17.02
Guapota;Santander;2020-07-01;6.25;-73.25;17.21;15.07;0.013451;18398720.0;-0.003719;16.72
Guapota;Santander;2020-08-01;6.25;-73.25;17.46;15.13;0.012123;19181056.0;-0.003789;17.08
Guapota;Santander;2020-09-01;6.25;-73.25;17.02;14.76;0.010874;19575140.0;-0.00377;16.87
Guapota;Santander;2020-10-01;6.25;-73.25;16.94;15.01;0.014147;18388992.0;-0.003627;16.72
Guapota;Santander;2020-11-01;6.25;-73.25;17.17;15.27;0.006102;16914432.0;-0.003128;16.65
Guapota;Santander;2020-12-01;6.25;-73.25;17.08;14.59;0.002287;19049472.0;-0.003256;16.29
Guapota;Santander;2021-01-01;6.25;-73.25;17.44;12.99;0.002092;21303296.0;-0.00326;16.24
Guapota;Santander;2021-02-01;6.25;-73.25;17.46;13.62;0.002458;20779520.0;-0.002924;17.18
Guapota;Santander;2021-03-01;6.25;-73.25;16.78;14.12;0.00649;19100968.0;-0.003396;16.59
Guapota;Santander;2021-04-01;6.25;-73.25;17.32;15.41;0.012121;18096640.0;-0.003569;17.01
Guapota;Santander;2021-05-01;6.25;-73.25;17.71;15.64;0.012041;17773568.0;-0.003502;17.1
Guapota;Santander;2021-06-01;6.25;-73.25;17.08;15.18;0.01273;18284544.0;-0.003613;16.74
Guapota;Santander;2021-07-01;6.25;-73.25;17.27;14.75;0.016413;19332608.0;-0.003919;16.81
Guapota;Santander;2021-08-01;6.25;-73.25;17.0;14.91;0.014259;19149312.0;-0.003858;16.79
Guapota;Santander;2021-09-01;6.25;-73.25;17.04;14.75;0.011265;19817590.0;-0.003861;16.67
Guapota;Santander;2021-10-01;6.25;-73.25;17.13;15.24;0.009621;18569216.0;-0.003501;16.89
Guapota;Santander;2021-11-01;6.25;-73.25;17.21;14.98;0.004181;18451456.0;-0.003303;16.57
Guapota;Santander;2021-12-01;6.25;-73.25;17.4;15.29;0.003168;18212864.0;-0.003208;16.86
Guapota;Santander;2022-01-01;6.25;-73.25;17.19;14.02;0.001162;19274752.0;-0.002935;16.45
Guapota;Santander;2022-02-01;6.25;-73.25;17.06;14.11;0.003443;18516992.0;-0.002834;16.52
Guapota;Santander;2022-03-01;6.25;-73.25;17.19;15.1;0.00752;19523396.0;-0.003507;16.87
Guapota;Santander;2022-04-01;6.25;-73.25;17.24;15.3;0.01045;17739776.0;-0.003479;17.05
Guapota;Santander;2022-05-01;6.25;-73.25;17.77;15.71;0.014923;17588736.0;-0.003538;17.16
Guapota;Santander;2022-06-01;6.25;-73.25;16.53;15.0;0.014515;16601600.0;-0.003361;16.25
Guapota;Santander;2022-07-01;6.25;-73.25;16.94;14.87;0.013861;18705408.0;-0.003752;16.58
Guapota;Santander;2022-08-01;6.25;-73.25;16.68;14.52;0.012928;18891776.0;-0.003758;16.46
Guapota;Santander;2022-09-01;6.25;-73.25;16.51;14.57;0.010509;19491850.0;-0.003833;16.64
Guapota;Santander;2022-10-01;6.25;-73.25;16.84;14.9;0.008474;17878016.0;-0.003415;16.57
Guapota;Santander;2022-11-01;6.25;-73.25;17.19;15.13;0.007149;16571392.0;-0.003156;16.71
Guapota;Santander;2022-12-01;6.25;-73.25;17.04;14.08;0.001621;19050496.0;-0.003122;16.18
Guapota;Santander;2023-01-01;6.25;-73.25;16.82;13.88;0.002832;19378176.0;-0.003238;15.9
Guapota;Santander;2023-02-01;6.25;-73.25;17.2;13.93;0.002894;20530688.0;-0.003169;16.54
Guapota;Santander;2023-03-01;6.25;-73.25;17.16;15.17;0.007411;17789924.0;-0.003313;16.89
Guapota;Santander;2023-04-01;6.25;-73.25;17.44;15.49;0.009285;18297344.0;-0.003476;17.04
Guapota;Santander;2023-05-01;6.25;-73.25;18.37;16.05;0.010777;18035712.0;-0.003549;17.63
Guapota;Santander;2023-06-01;6.25;-73.25;17.99;15.48;0.015635;18680320.0;-0.003806;17.4
Guapota;Santander;2023-07-01;6.25;-73.25;18.06;15.6;0.0142;19469312.0;-0.003965;17.62
Guapota;Santander;2023-08-01;6.25;-73.25;18.0;15.41;0.011782;20549632.0;-0.004042;17.54
Guapota;Santander;2023-09-01;6.25;-73.25;17.9;15.23;0.009207;21410380.0;-0.00414;17.54
Guapota;Santander;2023-10-01;6.25;-73.25;17.45;15.67;0.009798;17859584.0;-0.003519;17.37
Guapota;Santander;2023-11-01;6.25;-73.25;18.03;16.0;0.007769;17891328.0;-0.003378;17.41
Guapota;Santander;2023-12-01;6.25;-73.25;18.36;16.04;0.002913;19253248.0;-0.003315;17.61
Guapota;Santander;2024-01-01;6.25;-73.25;18.87;14.63;0.000399;22892544.0;-0.003272;17.54
Guapota;Santander;2024-02-01;6.25;-73.25;18.68;16.11;0.004385;20108288.0;-0.003474;18.03
Guapota;Santander;2024-03-01;6.25;-73.25;18.85;16.21;0.005163;21768594.0;-0.003642;18.35
Guapota;Santander;2024-04-01;6.25;-73.25;18.55;16.37;0.008587;18872320.0;-0.003572;18.15
Guapota;Santander;2024-05-01;6.25;-73.25;18.86;16.91;0.016964;16948224.0;-0.003525;18.17
Guapota;Santander;2024-06-01;6.25;-73.25;17.94;16.23;0.016129;16954368.0;-0.003496;17.42
Guapota;Santander;2024-07-01;6.25;-73.25;18.19;15.58;0.017738;19159040.0;-0.003827;17.55
Guapota;Santander;2024-08-01;6.25;-73.25;17.92;15.19;0.012056;20620800.0;-0.004047;17.4
Guapota;Santander;2024-09-01;6.25;-73.25;18.05;15.26;0.011314;19912674.0;-0.003853;17.73
Guapota;Santander;2024-10-01;6.25;-73.25;17.98;15.68;0.009647;18584064.0;-0.003565;17.42
Guapota;Santander;2024-11-01;6.25;-73.25;17.45;15.54;0.010375;15887360.0;-0.003134;17.01
Guapota;Santander;2024-12-01;6.25;-73.25;17.89;15.43;0.003674;18296832.0;-0.003156;16.93
Guepsa;Santander;2007-01-01;6.0;-73.5;16.63;14.21;0.005898;19140608.0;-0.003547;16.64
Guepsa;Santander;2007-02-01;6.0;-73.5;16.71;12.91;0.001369;21708800.0;-0.003479;16.24
Guepsa;Santander;2007-03-01;6.0;-73.5;16.4;13.88;0.009171;17919116.0;-0.003216;16.67
Guepsa;Santander;2007-04-01;6.0;-73.5;16.77;14.77;0.010071;17187328.0;-0.003262;16.8
Guepsa;Santander;2007-05-01;6.0;-73.5;16.51;14.71;0.014715;16350208.0;-0.003251;16.77
Guepsa;Santander;2007-06-01;6.0;-73.5;16.44;13.77;0.008436;17929216.0;-0.003438;16.43
Guepsa;Santander;2007-07-01;6.0;-73.5;16.3;13.26;0.006302;19123712.0;-0.003529;16.29
Guepsa;Santander;2007-08-01;6.0;-73.5;16.12;13.43;0.012276;18129408.0;-0.003488;16.27
Guepsa;Santander;2007-09-01;6.0;-73.5;16.25;13.58;0.012152;19473530.0;-0.003738;16.48
Guepsa;Santander;2007-10-01;6.0;-73.5;15.73;13.96;0.010468;16705024.0;-0.003179;16.1
Guepsa;Santander;2007-11-01;6.0;-73.5;16.08;14.05;0.007202;17199104.0;-0.003138;16.06
Guepsa;Santander;2007-12-01;6.0;-73.5;15.45;13.4;0.004146;17007616.0;-0.002918;15.35
Guepsa;Santander;2008-01-01;6.0;-73.5;15.74;13.57;0.003325;18137088.0;-0.003028;15.58
Guepsa;Santander;2008-02-01;6.0;-73.5;15.66;13.45;0.003729;19100672.0;-0.003179;15.47
Guepsa;Santander;2008-03-01;6.0;-73.5;15.83;13.52;0.004894;19324828.0;-0.003155;15.8
Guepsa;Santander;2008-04-01;6.0;-73.5;16.01;13.82;0.007905;17695232.0;-0.003236;16.02
Guepsa;Santander;2008-05-01;6.0;-73.5;16.22;14.05;0.009411;16337408.0;-0.003092;16.08
Guepsa;Santander;2008-06-01;6.0;-73.5;16.27;14.0;0.011105;17217024.0;-0.003302;16.2
Guepsa;Santander;2008-07-01;6.0;-73.5;16.29;13.46;0.010841;17720320.0;-0.003409;16.16
Guepsa;Santander;2008-08-01;6.0;-73.5;15.96;13.65;0.010643;17925120.0;-0.00339;16.07
Guepsa;Santander;2008-09-01;6.0;-73.5;16.27;13.61;0.010515;18844104.0;-0.003547;16.37
Guepsa;Santander;2008-10-01;6.0;-73.5;16.1;13.8;0.006956;17725952.0;-0.003214;16.11
Guepsa;Santander;2008-11-01;6.0;-73.5;16.04;14.26;0.006788;14924800.0;-0.002686;15.91
Guepsa;Santander;2008-12-01;6.0;-73.5;15.76;13.37;0.002949;17113088.0;-0.00289;15.44
Guepsa;Santander;2009-01-01;6.0;-73.5;15.85;13.75;0.004413;16970752.0;-0.002871;15.68
Guepsa;Santander;2009-02-01;6.0;-73.5;15.79;13.56;0.00507;18723840.0;-0.003221;15.84
Guepsa;Santander;2009-03-01;6.0;-73.5;15.86;13.89;0.008039;17943344.0;-0.003271;16.14
Guepsa;Santander;2009-04-01;6.0;-73.5;16.69;14.51;0.010944;18702848.0;-0.003453;16.71
Guepsa;Santander;2009-05-01;6.0;-73.5;16.71;14.16;0.010303;18064384.0;-0.00349;16.66
Guepsa;Santander;2009-06-01;6.0;-73.5;16.68;14.09;0.011246;17346560.0;-0.003332;16.56
Guepsa;Santander;2009-07-01;6.0;-73.5;16.56;13.4;0.00864;19402752.0;-0.003664;16.55
Guepsa;Santander;2009-08-01;6.0;-73.5;16.8;13.79;0.009995;18489344.0;-0.003476;16.74
Guepsa;Santander;2009-09-01;6.0;-73.5;17.06;13.53;0.008558;21108428.0;-0.003904;16.97
Guepsa;Santander;2009-10-01;6.0;-73.5;16.61;13.93;0.007736;17848320.0;-0.00325;16.5
Guepsa;Santander;2009-11-01;6.0;-73.5;16.87;14.59;0.00522;17200128.0;-0.003074;16.51
Guepsa;Santander;2009-12-01;6.0;-73.5;16.5;14.25;0.00382;17709056.0;-0.003012;16.25
Guepsa;Santander;2010-01-01;6.0;-73.5;17.04;13.75;0.002407;20501504.0;-0.003533;16.62
Guepsa;Santander;2010-02-01;6.0;-73.5;17.84;14.86;0.003605;19610624.0;-0.003408;17.49
Guepsa;Santander;2010-03-01;6.0;-73.5;17.88;15.26;0.007828;19254514.0;-0.003571;17.68
Guepsa;Santander;2010-04-01;6.0;-73.5;17.79;15.37;0.010319;16782848.0;-0.003251;17.42
Guepsa;Santander;2010-05-01;6.0;-73.5;17.62;15.36;0.010214;15949824.0;-0.003106;17.31
Guepsa;Santander;2010-06-01;6.0;-73.5;17.11;14.54;0.013321;17142784.0;-0.003386;16.91
Guepsa;Santander;2010-07-01;6.0;-73.5;16.41;14.25;0.016062;16115200.0;-0.003183;16.46
Guepsa;Santander;2010-08-01;6.0;-73.5;16.54;13.83;0.013176;17966080.0;-0.003512;16.67
Guepsa;Santander;2010-09-01;6.0;-73.5;16.2;14.15;0.012554;16981114.0;-0.003338;16.33
Guepsa;Santander;2010-10-01;6.0;-73.5;16.53;13.96;0.009394;17081856.0;-0.003155;16.28
Guepsa;Santander;2010-11-01;6.0;-73.5;16.27;14.38;0.008886;13817856.0;-0.002532;15.8
Guepsa;Santander;2010-12-01;6.0;-73.5;16.19;14.01;0.005953;14754816.0;-0.002704;15.62
Guepsa;Santander;2011-01-01;6.0;-73.5;16.33;13.69;0.0033;18217984.0;-0.003136;15.7
Guepsa;Santander;2011-02-01;6.0;-73.5;16.14;13.7;0.004866;18561024.0;-0.003201;15.72
Guepsa;Santander;2011-03-01;6.0;-73.5;15.97;13.41;0.007296;17619296.0;-0.003215;15.62
Guepsa;Santander;2011-04-01;6.0;-73.5;16.6;14.34;0.014547;15486976.0;-0.002989;16.19
Guepsa;Santander;2011-05-01;6.0;-73.5;17.08;14.59;0.014896;16159232.0;-0.00324;16.58
Guepsa;Santander;2011-06-01;6.0;-73.5;17.21;14.05;0.01018;17723392.0;-0.003399;16.78
Guepsa;Santander;2011-07-01;6.0;-73.5;16.63;13.25;0.008795;17906688.0;-0.003433;16.4
Guepsa;Santander;2011-08-01;6.0;-73.5;16.83;13.27;0.011024;19504128.0;-0.003733;16.58
Guepsa;Santander;2011-09-01;6.0;-73.5;16.69;13.4;0.008625;19126758.0;-0.00366;16.52
Guepsa;Santander;2011-10-01;6.0;-73.5;16.16;14.02;0.009169;15165440.0;-0.002888;15.84
Guepsa;Santander;2011-11-01;6.0;-73.5;16.14;14.29;0.008354;14192640.0;-0.00266;15.73
Guepsa;Santander;2011-12-01;6.0;-73.5;16.65;14.32;0.005306;15874048.0;-0.002903;15.98
Guepsa;Santander;2012-01-01;6.0;-73.5;16.15;13.83;0.003416;17709056.0;-0.003111;15.72
Guepsa;Santander;2012-02-01;6.0;-73.5;16.18;13.35;0.003466;19366400.0;-0.003119;15.72
Guepsa;Santander;2012-03-01;6.0;-73.5;16.39;13.8;0.008631;18484206.0;-0.003378;16.26
Guepsa;Santander;2012-04-01;6.0;-73.5;16.41;14.18;0.009976;15712768.0;-0.003008;16.13
Guepsa;Santander;2012-05-01;6.0;-73.5;16.87;14.08;0.013525;17068544.0;-0.003356;16.53
Guepsa;Santander;2012-06-01;6.0;-73.5;16.74;13.17;0.007662;19234304.0;-0.003575;16.38
Guepsa;Santander;2012-07-01;6.0;-73.5;16.6;13.06;0.008165;18578432.0;-0.003521;16.45
Guepsa;Santander;2012-08-01;6.0;-73.5;16.63;13.15;0.011404;18910720.0;-0.003642;16.66
Guepsa;Santander;2012-09-01;6.0;-73.5;16.53;12.85;0.009977;20028976.0;-0.003699;16.67
Guepsa;Santander;2012-10-01;6.0;-73.5;16.76;14.07;0.010092;17016832.0;-0.003189;16.46
Guepsa;Santander;2012-11-01;6.0;-73.5;16.83;14.48;0.005306;17294336.0;-0.003065;16.45
Guepsa;Santander;2012-12-01;6.0;-73.5;16.53;13.94;0.002889;18041856.0;-0.003013;15.98
Guepsa;Santander;2013-01-01;6.0;-73.5;17.03;13.75;0.001701;19778560.0;-0.003199;16.52
Guepsa;Santander;2013-02-01;6.0;-73.5;16.6;14.39;0.006817;18213888.0;-0.003286;16.43
Guepsa;Santander;2013-03-01;6.0;-73.5;17.36;14.83;0.007603;18741880.0;-0.003452;17.21
Guepsa;Santander;2013-04-01;6.0;-73.5;17.36;14.86;0.008955;18593792.0;-0.003448;17.22
Guepsa;Santander;2013-05-01;6.0;-73.5;17.1;14.76;0.013105;15821312.0;-0.003126;16.71
Guepsa;Santander;2013-06-01;6.0;-73.5;17.09;13.73;0.007038;18122752.0;-0.003425;16.62
Guepsa;Santander;2013-07-01;6.0;-73.5;16.78;13.01;0.007126;19343872.0;-0.003602;16.4
Guepsa;Santander;2013-08-01;6.0;-73.5;16.78;13.63;0.011284;18241536.0;-0.003473;16.52
Guepsa;Santander;2013-09-01;6.0;-73.5;16.77;13.63;0.011356;18833012.0;-0.003625;16.6
Guepsa;Santander;2013-10-01;6.0;-73.5;16.51;13.76;0.007702;17895424.0;-0.003312;16.32
Guepsa;Santander;2013-11-01;6.0;-73.5;16.37;14.0;0.004604;17042432.0;-0.002981;15.94
Guepsa;Santander;2013-12-01;6.0;-73.5;16.37;14.06;0.005777;18023424.0;-0.003266;16.04
Guepsa;Santander;2014-01-01;6.0;-73.5;16.47;14.03;0.003817;18193408.0;-0.003241;16.04
Guepsa;Santander;2014-02-01;6.0;-73.5;16.47;14.13;0.006193;18559488.0;-0.003292;16.2
Guepsa;Santander;2014-03-01;6.0;-73.5;16.94;14.45;0.003546;19102960.0;-0.003264;16.53
Guepsa;Santander;2014-04-01;6.0;-73.5;17.51;14.6;0.01333;18801664.0;-0.003583;17.2
Guepsa;Santander;2014-05-01;6.0;-73.5;17.19;14.68;0.009979;17284096.0;-0.003279;16.81
Guepsa;Santander;2014-06-01;6.0;-73.5;17.33;14.18;0.009935;18336768.0;-0.00358;16.94
Guepsa;Santander;2014-07-01;6.0;-73.5;17.46;13.04;0.004477;20044288.0;-0.003632;16.95
Guepsa;Santander;2014-08-01;6.0;-73.5;16.76;12.98;0.009663;19600896.0;-0.003682;16.78
Guepsa;Santander;2014-09-01;6.0;-73.5;16.63;13.34;0.010439;19670388.0;-0.003744;16.64
Guepsa;Santander;2014-10-01;6.0;-73.5;16.46;13.85;0.01166;17570816.0;-0.003331;16.34
Guepsa;Santander;2014-11-01;6.0;-73.5;16.54;14.22;0.005932;16506880.0;-0.002996;16.05
Guepsa;Santander;2014-12-01;6.0;-73.5;16.68;13.86;0.003672;18783232.0;-0.003212;16.1
Guepsa;Santander;2015-01-01;6.0;-73.5;16.44;13.12;0.003626;19301376.0;-0.003113;16.09
Guepsa;Santander;2015-02-01;6.0;-73.5;16.84;14.26;0.005375;18650624.0;-0.003412;16.46
Guepsa;Santander;2015-03-01;6.0;-73.5;16.91;14.42;0.005804;18828844.0;-0.003369;16.57
Guepsa;Santander;2015-04-01;6.0;-73.5;17.3;14.51;0.010723;18232832.0;-0.003574;17.04
Guepsa;Santander;2015-05-01;6.0;-73.5;17.41;14.39;0.009932;18582016.0;-0.003583;17.12
Guepsa;Santander;2015-06-01;6.0;-73.5;17.64;13.63;0.007681;18706432.0;-0.003599;17.14
Guepsa;Santander;2015-07-01;6.0;-73.5;17.23;13.54;0.009115;18079744.0;-0.003444;16.87
Guepsa;Santander;2015-08-01;6.0;-73.5;17.31;13.36;0.008646;19450880.0;-0.00363;17.06
Guepsa;Santander;2015-09-01;6.0;-73.5;17.38;13.29;0.009317;20187758.0;-0.003709;17.27
Guepsa;Santander;2015-10-01;6.0;-73.5;17.16;14.25;0.010342;17370624.0;-0.003308;16.96
Guepsa;Santander;2015-11-01;6.0;-73.5;17.0;14.68;0.010443;16792576.0;-0.00319;16.6
Guepsa;Santander;2015-12-01;6.0;-73.5;17.48;13.9;0.007471;19386368.0;-0.003627;17.0
Guepsa;Santander;2016-01-01;6.0;-73.5;17.45;14.59;0.003901;19184640.0;-0.003284;16.97
Guepsa;Santander;2016-02-01;6.0;-73.5;18.03;15.38;0.006107;18824192.0;-0.003447;17.68
Guepsa;Santander;2016-03-01;6.0;-73.5;18.26;15.59;0.004765;19485766.0;-0.003441;17.91
Guepsa;Santander;2016-04-01;6.0;-73.5;17.73;15.52;0.011572;17025536.0;-0.003354;17.71
Guepsa;Santander;2016-05-01;6.0;-73.5;17.68;15.05;0.013807;16748544.0;-0.003347;17.35
Guepsa;Santander;2016-06-01;6.0;-73.5;17.24;13.83;0.008474;18683392.0;-0.003635;16.91
Guepsa;Santander;2016-07-01;6.0;-73.5;16.76;13.79;0.010757;18357760.0;-0.0036;16.66
Guepsa;Santander;2016-08-01;6.0;-73.5;17.06;13.56;0.007168;20052480.0;-0.003736;17.06
Guepsa;Santander;2016-09-01;6.0;-73.5;16.77;13.91;0.010195;19169644.0;-0.003698;16.73
Guepsa;Santander;2016-10-01;6.0;-73.5;16.89;14.59;0.011587;16649728.0;-0.003216;16.71
Guepsa;Santander;2016-11-01;6.0;-73.5;16.78;14.65;0.006844;16640000.0;-0.003063;16.42
Guepsa;Santander;2016-12-01;6.0;-73.5;16.68;14.46;0.006483;16498688.0;-0.002983;16.11
Guepsa;Santander;2017-01-01;6.0;-73.5;16.44;13.5;0.004126;19335168.0;-0.003377;15.69
Guepsa;Santander;2017-02-01;6.0;-73.5;16.71;12.96;0.002084;21271552.0;-0.003309;15.92
Guepsa;Santander;2017-03-01;6.0;-73.5;16.36;14.26;0.007548;17197216.0;-0.003118;16.31
Guepsa;Santander;2017-04-01;6.0;-73.5;17.31;14.6;0.007956;19008000.0;-0.003561;17.02
Guepsa;Santander;2017-05-01;6.0;-73.5;17.26;14.92;0.011271;17196544.0;-0.003366;17.03
Guepsa;Santander;2017-06-01;6.0;-73.5;17.11;14.59;0.009724;17309696.0;-0.003331;16.86
Guepsa;Santander;2017-07-01;6.0;-73.5;17.4;13.64;0.007895;18764800.0;-0.003637;16.87
Guepsa;Santander;2017-08-01;6.0;-73.5;16.99;13.9;0.008087;19890176.0;-0.003719;16.85
Guepsa;Santander;2017-09-01;6.0;-73.5;16.77;14.07;0.010841;19102030.0;-0.003675;16.91
Guepsa;Santander;2017-10-01;6.0;-73.5;16.74;14.24;0.007412;17870336.0;-0.00332;16.64
Guepsa;Santander;2017-11-01;6.0;-73.5;16.72;14.67;0.004232;16940032.0;-0.002975;16.34
Guepsa;Santander;2017-12-01;6.0;-73.5;16.66;13.77;0.001759;18952192.0;-0.003028;16.0
Guepsa;Santander;2018-01-01;6.0;-73.5;16.35;13.74;0.004025;18229248.0;-0.003132;15.92
Guepsa;Santander;2018-02-01;6.0;-73.5;16.74;13.09;0.003377;20581376.0;-0.003324;15.97
Guepsa;Santander;2018-03-01;6.0;-73.5;16.69;14.07;0.005465;19884588.0;-0.003536;16.62
Guepsa;Santander;2018-04-01;6.0;-73.5;16.44;14.09;0.007767;17357824.0;-0.003207;16.32
Guepsa;Santander;2018-05-01;6.0;-73.5;16.65;14.74;0.014748;15984128.0;-0.003172;16.6
Guepsa;Santander;2018-06-01;6.0;-73.5;16.97;13.92;0.008553;18614272.0;-0.003559;16.76
Guepsa;Santander;2018-07-01;6.0;-73.5;16.88;13.56;0.00666;19448832.0;-0.003616;16.54
Guepsa;Santander;2018-08-01;6.0;-73.5;16.73;12.48;0.004576;20772864.0;-0.003698;16.53
Guepsa;Santander;2018-09-01;6.0;-73.5;16.58;13.75;0.009537;18694104.0;-0.003514;16.62
Guepsa;Santander;2018-10-01;6.0;-73.5;16.84;14.62;0.009982;16684032.0;-0.003142;16.53
Guepsa;Santander;2018-11-01;6.0;-73.5;16.92;14.9;0.005341;17104896.0;-0.003066;16.51
Guepsa;Santander;2018-12-01;6.0;-73.5;16.54;12.94;0.001251;20215808.0;-0.003085;15.86
Guepsa;Santander;2019-01-01;6.0;-73.5;16.65;13.4;0.002503;19358720.0;-0.003199;16.18
Guepsa;Santander;2019-02-01;6.0;-73.5;17.13;14.7;0.004763;19174400.0;-0.003378;16.98
Guepsa;Santander;2019-03-01;6.0;-73.5;17.08;14.96;0.006655;18035528.0;-0.003279;16.99
Guepsa;Santander;2019-04-01;6.0;-73.5;17.38;15.01;0.008759;17645568.0;-0.003373;17.17
Guepsa;Santander;2019-05-01;6.0;-73.5;17.36;15.04;0.012007;16233472.0;-0.003168;17.1
Guepsa;Santander;2019-06-01;6.0;-73.5;17.7;14.37;0.008415;18615296.0;-0.00366;17.15
Guepsa;Santander;2019-07-01;6.0;-73.5;17.24;13.73;0.006315;19689472.0;-0.003692;16.92
Guepsa;Santander;2019-08-01;6.0;-73.5;17.23;12.41;0.002964;20746240.0;-0.003531;16.96
Guepsa;Santander;2019-09-01;6.0;-73.5;17.32;13.56;0.008018;19461908.0;-0.003117;17.29
Guepsa;Santander;2019-10-01;6.0;-73.5;16.35;14.23;0.01018;17459200.0;-0.003281;16.36
Guepsa;Santander;2019-11-01;6.0;-73.5;16.74;14.55;0.003819;17722368.0;-0.003128;16.47
Guepsa;Santander;2019-12-01;6.0;-73.5;17.06;14.36;0.002964;18361344.0;-0.002887;16.53
Guepsa;Santander;2020-01-01;6.0;-73.5;17.0;13.06;0.000681;20052992.0;-0.002858;16.29
Guepsa;Santander;2020-02-01;6.0;-73.5;17.73;13.61;0.002222;20495360.0;-0.00313;17.18
Guepsa;Santander;2020-03-01;6.0;-73.5;17.18;14.37;0.004607;20847572.0;-0.003482;17.01
Guepsa;Santander;2020-04-01;6.0;-73.5;17.44;14.94;0.008253;18900992.0;-0.003517;17.3
Guepsa;Santander;2020-05-01;6.0;-73.5;18.07;15.24;0.009649;17784320.0;-0.003479;17.69
Guepsa;Santander;2020-06-01;6.0;-73.5;17.04;14.31;0.008366;17631232.0;-0.003405;16.81
Guepsa;Santander;2020-07-01;6.0;-73.5;16.89;14.11;0.010437;17670656.0;-0.003436;16.57
Guepsa;Santander;2020-08-01;6.0;-73.5;17.18;14.06;0.008129;18452480.0;-0.003482;16.92
Guepsa;Santander;2020-09-01;6.0;-73.5;16.64;13.77;0.008884;18879332.0;-0.003575;16.67
Guepsa;Santander;2020-10-01;6.0;-73.5;16.67;14.16;0.012835;17841664.0;-0.00347;16.61
Guepsa;Santander;2020-11-01;6.0;-73.5;16.5;14.72;0.008059;15958016.0;-0.00296;16.27
Guepsa;Santander;2020-12-01;6.0;-73.5;16.38;14.06;0.002911;17921024.0;-0.002983;15.81
Guepsa;Santander;2021-01-01;6.0;-73.5;16.63;12.74;0.002373;20477952.0;-0.003335;15.63
Guepsa;Santander;2021-02-01;6.0;-73.5;16.53;13.21;0.003201;20192768.0;-0.00331;16.31
Guepsa;Santander;2021-03-01;6.0;-73.5;16.0;13.53;0.007187;18281768.0;-0.003216;15.99
Guepsa;Santander;2021-04-01;6.0;-73.5;16.78;14.6;0.012003;17082368.0;-0.003312;16.66
Guepsa;Santander;2021-05-01;6.0;-73.5;17.26;14.91;0.009731;16937472.0;-0.003233;16.76
Guepsa;Santander;2021-06-01;6.0;-73.5;16.65;14.24;0.011145;17214464.0;-0.003355;16.43
Guepsa;Santander;2021-07-01;6.0;-73.5;16.99;13.55;0.009748;18732032.0;-0.003621;16.57
Guepsa;Santander;2021-08-01;6.0;-73.5;16.68;13.84;0.011055;18243072.0;-0.003511;16.59
Guepsa;Santander;2021-09-01;6.0;-73.5;16.51;13.84;0.010693;18674294.0;-0.003601;16.38
Guepsa;Santander;2021-10-01;6.0;-73.5;16.6;14.57;0.009895;17302528.0;-0.003251;16.56
Guepsa;Santander;2021-11-01;6.0;-73.5;16.44;14.37;0.00436;17441792.0;-0.003016;16.02
Guepsa;Santander;2021-12-01;6.0;-73.5;16.74;14.74;0.003633;17335296.0;-0.002969;16.4
Guepsa;Santander;2022-01-01;6.0;-73.5;16.26;13.54;0.002464;19109888.0;-0.003049;15.78
Guepsa;Santander;2022-02-01;6.0;-73.5;16.1;13.7;0.0042;17783808.0;-0.002896;15.8
Guepsa;Santander;2022-03-01;6.0;-73.5;16.48;14.34;0.007152;18209604.0;-0.003204;16.32
Guepsa;Santander;2022-04-01;6.0;-73.5;16.63;14.53;0.011114;16711680.0;-0.003231;16.64
Guepsa;Santander;2022-05-01;6.0;-73.5;17.29;14.75;0.012196;16589312.0;-0.003285;16.82
Guepsa;Santander;2022-06-01;6.0;-73.5;16.07;14.23;0.013451;15992832.0;-0.003142;16.04
Guepsa;Santander;2022-07-01;6.0;-73.5;16.59;13.9;0.009562;18037760.0;-0.003441;16.47
Guepsa;Santander;2022-08-01;6.0;-73.5;16.29;13.51;0.009787;18336256.0;-0.003519;16.32
Guepsa;Santander;2022-09-01;6.0;-73.5;16.05;13.78;0.010973;18521098.0;-0.003587;16.44
Guepsa;Santander;2022-10-01;6.0;-73.5;16.23;14.2;0.008535;16891392.0;-0.003128;16.23
Guepsa;Santander;2022-11-01;6.0;-73.5;16.42;14.36;0.007919;15877120.0;-0.002918;16.19
Guepsa;Santander;2022-12-01;6.0;-73.5;16.16;13.64;0.002476;18238464.0;-0.003009;15.67
Guepsa;Santander;2023-01-01;6.0;-73.5;16.0;13.47;0.003922;18520064.0;-0.003155;15.38
Guepsa;Santander;2023-02-01;6.0;-73.5;16.33;13.56;0.004311;20020224.0;-0.003417;15.99
Guepsa;Santander;2023-03-01;6.0;-73.5;16.44;14.48;0.008177;17095652.0;-0.003194;16.37
Guepsa;Santander;2023-04-01;6.0;-73.5;16.8;14.72;0.010001;17117184.0;-0.003237;16.58
Guepsa;Santander;2023-05-01;6.0;-73.5;17.9;15.2;0.010189;17337344.0;-0.003339;17.37
Guepsa;Santander;2023-06-01;6.0;-73.5;17.86;14.31;0.008118;18206208.0;-0.003545;17.28
Guepsa;Santander;2023-07-01;6.0;-73.5;17.78;14.3;0.007832;18780160.0;-0.003594;17.35
Guepsa;Santander;2023-08-01;6.0;-73.5;17.78;14.2;0.006863;19929088.0;-0.003639;17.41
Guepsa;Santander;2023-09-01;6.0;-73.5;17.52;14.07;0.007627;20719692.0;-0.003863;17.36
Guepsa;Santander;2023-10-01;6.0;-73.5;16.93;15.0;0.011948;16822784.0;-0.003355;17.1
Guepsa;Santander;2023-11-01;6.0;-73.5;17.44;15.26;0.008493;17043456.0;-0.003183;17.06
Guepsa;Santander;2023-12-01;6.0;-73.5;17.61;15.43;0.003401;18248704.0;-0.003228;17.16
Guepsa;Santander;2024-01-01;6.0;-73.5;18.19;14.3;0.00083;21966848.0;-0.003312;17.07
Guepsa;Santander;2024-02-01;6.0;-73.5;17.87;15.51;0.007097;19125760.0;-0.003419;17.5
Guepsa;Santander;2024-03-01;6.0;-73.5;18.16;15.45;0.004101;20815250.0;-0.003527;17.91
Guepsa;Santander;2024-04-01;6.0;-73.5;17.89;15.6;0.009712;17455616.0;-0.003302;17.75
Guepsa;Santander;2024-05-01;6.0;-73.5;18.4;15.96;0.012037;16173568.0;-0.003251;17.88
Guepsa;Santander;2024-06-01;6.0;-73.5;17.63;15.29;0.01075;16451072.0;-0.003277;17.28
Guepsa;Santander;2024-07-01;6.0;-73.5;18.1;14.08;0.006832;18901504.0;-0.003456;17.46
Guepsa;Santander;2024-08-01;6.0;-73.5;17.62;13.81;0.00666;20062208.0;-0.003663;17.26
Guepsa;Santander;2024-09-01;6.0;-73.5;17.69;14.0;0.009205;19358690.0;-0.003585;17.6
Guepsa;Santander;2024-10-01;6.0;-73.5;17.43;14.78;0.008244;17672704.0;-0.003337;17.12
Guepsa;Santander;2024-11-01;6.0;-73.5;16.84;14.85;0.008397;14988288.0;-0.002872;16.6
Guepsa;Santander;2024-12-01;6.0;-73.5;17.16;14.68;0.003559;17427456.0;-0.002991;16.46
Moniquira;Boyaca;2007-01-01;5.875;-73.5;15.59;12.14;0.004325;18929664.0;-0.003191;15.58
Moniquira;Boyaca;2007-02-01;5.875;-73.5;15.38;10.5;0.001688;21808896.0;-0.003228;15.14
Moniquira;Boyaca;2007-03-01;5.875;-73.5;15.22;11.88;0.008367;17921934.0;-0.00301;15.58
Moniquira;Boyaca;2007-04-01;5.875;-73.5;15.49;12.98;0.009558;17105920.0;-0.003208;15.62
Moniquira;Boyaca;2007-05-01;5.875;-73.5;15.24;12.92;0.010726;16354048.0;-0.003125;15.54
Moniquira;Boyaca;2007-06-01;5.875;-73.5;15.1;11.82;0.005125;17492736.0;-0.003148;15.06
Moniquira;Boyaca;2007-07-01;5.875;-73.5;14.98;11.2;0.004307;18926592.0;-0.003168;15.0
Moniquira;Boyaca;2007-08-01;5.875;-73.5;14.82;11.28;0.007858;18078464.0;-0.003116;14.96
Moniquira;Boyaca;2007-09-01;5.875;-73.5;15.12;11.22;0.007284;19546236.0;-0.003264;15.27
Moniquira;Boyaca;2007-10-01;5.875;-73.5;14.47;12.17;0.008902;16722688.0;-0.003004;14.87
Moniquira;Boyaca;2007-11-01;5.875;-73.5;14.8;12.41;0.006942;17079808.0;-0.003082;14.86
Moniquira;Boyaca;2007-12-01;5.875;-73.5;14.09;11.84;0.00463;16959488.0;-0.002906;14.14
Moniquira;Boyaca;2008-01-01;5.875;-73.5;14.44;11.94;0.004275;17863168.0;-0.003063;14.42
Moniquira;Boyaca;2008-02-01;5.875;-73.5;14.34;11.76;0.004192;18960128.0;-0.003191;14.27
Moniquira;Boyaca;2008-03-01;5.875;-73.5;14.46;11.89;0.005845;19148696.0;-0.003236;14.6
Moniquira;Boyaca;2008-04-01;5.875;-73.5;14.69;12.18;0.007581;17593344.0;-0.003198;14.82
Moniquira;Boyaca;2008-05-01;5.875;-73.5;14.86;12.44;0.009052;16041472.0;-0.002982;14.78
Moniquira;Boyaca;2008-06-01;5.875;-73.5;14.96;12.23;0.008586;16986624.0;-0.003154;14.9
Moniquira;Boyaca;2008-07-01;5.875;-73.5;14.93;11.44;0.006756;17442816.0;-0.003138;14.74
Moniquira;Boyaca;2008-08-01;5.875;-73.5;14.74;11.54;0.007754;17999360.0;-0.003126;14.84
Moniquira;Boyaca;2008-09-01;5.875;-73.5;15.04;11.54;0.007063;18956744.0;-0.003324;15.1
Moniquira;Boyaca;2008-10-01;5.875;-73.5;14.84;12.02;0.006618;17728512.0;-0.003149;14.91
Moniquira;Boyaca;2008-11-01;5.875;-73.5;14.7;12.76;0.007774;15020544.0;-0.002732;14.7
Moniquira;Boyaca;2008-12-01;5.875;-73.5;14.36;11.86;0.003765;16979968.0;-0.0029;14.24
Moniquira;Boyaca;2009-01-01;5.875;-73.5;14.56;12.14;0.005293;16717312.0;-0.00294;14.54
Moniquira;Boyaca;2009-02-01;5.875;-73.5;14.6;11.94;0.005513;18583552.0;-0.0033;14.76
Moniquira;Boyaca;2009-03-01;5.875;-73.5;14.59;12.42;0.009928;17682736.0;-0.00327;15.0
Moniquira;Boyaca;2009-04-01;5.875;-73.5;15.43;12.72;0.008737;18416128.0;-0.003372;15.55
Moniquira;Boyaca;2009-05-01;5.875;-73.5;15.42;12.29;0.00735;17932032.0;-0.003292;15.34
Moniquira;Boyaca;2009-06-01;5.875;-73.5;15.46;12.02;0.007207;17083136.0;-0.003048;15.29
Moniquira;Boyaca;2009-07-01;5.875;-73.5;15.4;11.06;0.004796;19052544.0;-0.003116;15.32
Moniquira;Boyaca;2009-08-01;5.875;-73.5;15.7;11.41;0.006302;18294784.0;-0.002914;15.63
Moniquira;Boyaca;2009-09-01;5.875;-73.5;16.0;10.84;0.005274;21081804.0;-0.003096;15.95
Moniquira;Boyaca;2009-10-01;5.875;-73.5;15.48;11.74;0.006386;17780480.0;-0.002806;15.46
Moniquira;Boyaca;2009-11-01;5.875;-73.5;15.69;12.73;0.004868;17170432.0;-0.002934;15.4
Moniquira;Boyaca;2009-12-01;5.875;-73.5;15.44;12.2;0.003989;17633792.0;-0.002783;15.36
Moniquira;Boyaca;2010-01-01;5.875;-73.5;15.94;10.94;0.002111;20559360.0;-0.002874;15.74
Moniquira;Boyaca;2010-02-01;5.875;-73.5;16.86;12.32;0.003532;19626240.0;-0.002715;16.71
Moniquira;Boyaca;2010-03-01;5.875;-73.5;17.02;12.63;0.006014;19178484.0;-0.002718;16.98
Moniquira;Boyaca;2010-04-01;5.875;-73.5;16.47;13.68;0.010735;16408320.0;-0.003067;16.22
Moniquira;Boyaca;2010-05-01;5.875;-73.5;16.3;13.68;0.00927;15689728.0;-0.002982;16.08
Moniquira;Boyaca;2010-06-01;5.875;-73.5;15.84;12.54;0.008632;17048576.0;-0.003176;15.58
Moniquira;Boyaca;2010-07-01;5.875;-73.5;15.08;12.46;0.011119;15979264.0;-0.003002;15.12
Moniquira;Boyaca;2010-08-01;5.875;-73.5;15.17;11.78;0.008067;17842432.0;-0.003219;15.22
Moniquira;Boyaca;2010-09-01;5.875;-73.5;14.87;12.24;0.009596;17139064.0;-0.003162;15.04
Moniquira;Boyaca;2010-10-01;5.875;-73.5;15.1;12.18;0.007954;17154304.0;-0.003039;14.94
Moniquira;Boyaca;2010-11-01;5.875;-73.5;14.86;12.9;0.00984;13896704.0;-0.002582;14.52
Moniquira;Boyaca;2010-12-01;5.875;-73.5;14.82;12.4;0.006082;14859776.0;-0.002702;14.34
Moniquira;Boyaca;2011-01-01;5.875;-73.5;15.0;11.92;0.003837;18086400.0;-0.003134;14.53
Moniquira;Boyaca;2011-02-01;5.875;-73.5;14.7;12.12;0.00624;18240768.0;-0.003176;14.48
Moniquira;Boyaca;2011-03-01;5.875;-73.5;14.54;11.96;0.008198;17337440.0;-0.003122;14.34
Moniquira;Boyaca;2011-04-01;5.875;-73.5;15.24;12.78;0.014607;15323904.0;-0.002948;14.96
Moniquira;Boyaca;2011-05-01;5.875;-73.5;15.73;12.99;0.011374;15930112.0;-0.003076;15.26
Moniquira;Boyaca;2011-06-01;5.875;-73.5;15.88;12.11;0.006938;17412608.0;-0.003117;15.39
Moniquira;Boyaca;2011-07-01;5.875;-73.5;15.22;11.24;0.005916;17607424.0;-0.002962;15.0
Moniquira;Boyaca;2011-08-01;5.875;-73.5;15.46;11.12;0.007128;19436032.0;-0.003218;15.24
Moniquira;Boyaca;2011-09-01;5.875;-73.5;15.41;11.07;0.005821;19186662.0;-0.003097;15.22
Moniquira;Boyaca;2011-10-01;5.875;-73.5;14.76;12.34;0.007876;15239936.0;-0.002704;14.56
Moniquira;Boyaca;2011-11-01;5.875;-73.5;14.76;12.8;0.009715;14124544.0;-0.002619;14.44
Moniquira;Boyaca;2011-12-01;5.875;-73.5;15.37;12.72;0.005946;15764479.0;-0.002882;14.76
Moniquira;Boyaca;2012-01-01;5.875;-73.5;14.88;12.13;0.003638;17497088.0;-0.00307;14.57
Moniquira;Boyaca;2012-02-01;5.875;-73.5;14.8;11.7;0.00435;19088896.0;-0.003196;14.52
Moniquira;Boyaca;2012-03-01;5.875;-73.5;15.0;12.26;0.008859;17998320.0;-0.00331;14.96
Moniquira;Boyaca;2012-04-01;5.875;-73.5;15.02;12.58;0.010352;15594752.0;-0.002947;14.84
Moniquira;Boyaca;2012-05-01;5.875;-73.5;15.57;12.21;0.00886;16794624.0;-0.00314;15.21
Moniquira;Boyaca;2012-06-01;5.875;-73.5;15.4;11.04;0.004602;18902272.0;-0.003142;15.02
Moniquira;Boyaca;2012-07-01;5.875;-73.5;15.21;10.86;0.005023;18141952.0;-0.002917;15.11
Moniquira;Boyaca;2012-08-01;5.875;-73.5;15.32;10.74;0.006486;18630400.0;-0.002914;15.38
Moniquira;Boyaca;2012-09-01;5.875;-73.5;15.39;10.14;0.005534;20002096.0;-0.002786;15.6
Moniquira;Boyaca;2012-10-01;5.875;-73.5;15.47;12.12;0.008728;16964608.0;-0.002939;15.26
Moniquira;Boyaca;2012-11-01;5.875;-73.5;15.64;12.62;0.005176;17315328.0;-0.002928;15.34
Moniquira;Boyaca;2012-12-01;5.875;-73.5;15.24;12.1;0.003319;17803776.0;-0.002894;14.84
Moniquira;Boyaca;2013-01-01;5.875;-73.5;15.8;11.5;0.001661;19610624.0;-0.00288;15.46
Moniquira;Boyaca;2013-02-01;5.875;-73.5;15.37;12.58;0.006573;17932032.0;-0.003074;15.35
Moniquira;Boyaca;2013-03-01;5.875;-73.5;16.22;12.89;0.006525;18467440.0;-0.003169;16.14
Moniquira;Boyaca;2013-04-01;5.875;-73.5;16.23;12.92;0.00833;18282752.0;-0.003132;16.18
Moniquira;Boyaca;2013-05-01;5.875;-73.5;15.77;13.06;0.010929;15629568.0;-0.002992;15.42
Moniquira;Boyaca;2013-06-01;5.875;-73.5;15.74;11.68;0.00465;17900544.0;-0.003122;15.27
Moniquira;Boyaca;2013-07-01;5.875;-73.5;15.54;10.54;0.004234;18942464.0;-0.002888;15.24
Moniquira;Boyaca;2013-08-01;5.875;-73.5;15.61;11.26;0.007362;17954816.0;-0.002838;15.39
Moniquira;Boyaca;2013-09-01;5.875;-73.5;15.76;10.9;0.007018;18817396.0;-0.002762;15.6
Moniquira;Boyaca;2013-10-01;5.875;-73.5;15.42;11.42;0.006362;18025728.0;-0.002806;15.3
Moniquira;Boyaca;2013-11-01;5.875;-73.5;15.05;12.39;0.005894;16834048.0;-0.002838;14.79
Moniquira;Boyaca;2013-12-01;5.875;-73.5;15.18;12.29;0.005245;17656320.0;-0.003045;14.9
Moniquira;Boyaca;2014-01-01;5.875;-73.5;15.32;12.06;0.003783;17866752.0;-0.00292;15.06
Moniquira;Boyaca;2014-02-01;5.875;-73.5;15.34;12.14;0.006526;18332416.0;-0.002874;15.28
Moniquira;Boyaca;2014-03-01;5.875;-73.5;15.67;12.7;0.004444;18897648.0;-0.003154;15.48
Moniquira;Boyaca;2014-04-01;5.875;-73.5;16.26;12.59;0.010283;18524160.0;-0.00323;16.03
Moniquira;Boyaca;2014-05-01;5.875;-73.5;15.9;12.86;0.008262;17094912.0;-0.003131;15.57
Moniquira;Boyaca;2014-06-01;5.875;-73.5;16.11;11.98;0.006017;17875456.0;-0.003107;15.73
Moniquira;Boyaca;2014-07-01;5.875;-73.5;16.06;10.68;0.002666;19517952.0;-0.00283;15.68
Moniquira;Boyaca;2014-08-01;5.875;-73.5;15.62;10.18;0.005463;19318016.0;-0.002594;15.74
Moniquira;Boyaca;2014-09-01;5.875;-73.5;15.66;10.6;0.006938;19730036.0;-0.002791;15.76
Moniquira;Boyaca;2014-10-01;5.875;-73.5;15.38;11.58;0.008199;17431552.0;-0.002699;15.3
Moniquira;Boyaca;2014-11-01;5.875;-73.5;15.29;12.54;0.00593;16387072.0;-0.002804;14.92
Moniquira;Boyaca;2014-12-01;5.875;-73.5;15.42;11.84;0.004129;18496512.0;-0.002935;15.03
Moniquira;Boyaca;2015-01-01;5.875;-73.5;15.22;10.98;0.003198;19031040.0;-0.002761;14.98
Moniquira;Boyaca;2015-02-01;5.875;-73.5;15.62;12.26;0.005112;18440960.0;-0.003054;15.41
Moniquira;Boyaca;2015-03-01;5.875;-73.5;15.62;12.68;0.006239;18425904.0;-0.003183;15.45
Moniquira;Boyaca;2015-04-01;5.875;-73.5;15.97;12.77;0.009368;17824768.0;-0.003352;15.74
Moniquira;Boyaca;2015-05-01;5.875;-73.5;16.24;12.34;0.006505;18301696.0;-0.003241;15.91
Moniquira;Boyaca;2015-06-01;5.875;-73.5;16.26;11.47;0.004529;17962496.0;-0.002916;15.84
Moniquira;Boyaca;2015-07-01;5.875;-73.5;16.12;10.98;0.005271;17723136.0;-0.002586;15.82
Moniquira;Boyaca;2015-08-01;5.875;-73.5;16.17;10.72;0.004768;19190784.0;-0.00256;16.04
Moniquira;Boyaca;2015-09-01;5.875;-73.5;16.41;10.27;0.005209;20225902.0;-0.002552;16.45
Moniquira;Boyaca;2015-10-01;5.875;-73.5;16.16;11.75;0.006817;17454080.0;-0.002636;16.08
Moniquira;Boyaca;2015-11-01;5.875;-73.5;15.78;12.93;0.008788;16638464.0;-0.002959;15.48
Moniquira;Boyaca;2015-12-01;5.875;-73.5;16.4;11.4;0.004496;19133440.0;-0.002924;15.93
Moniquira;Boyaca;2016-01-01;5.875;-73.5;16.38;12.28;0.003002;19190784.0;-0.002612;16.21
Moniquira;Boyaca;2016-02-01;5.875;-73.5;17.02;12.98;0.005083;18514688.0;-0.002786;16.81
Moniquira;Boyaca;2016-03-01;5.875;-73.5;17.06;13.68;0.005332;19099456.0;-0.003162;16.89
Moniquira;Boyaca;2016-04-01;5.875;-73.5;16.44;13.84;0.010166;16767232.0;-0.00319;16.52
Moniquira;Boyaca;2016-05-01;5.875;-73.5;16.37;13.34;0.010192;16394496.0;-0.003098;16.06
Moniquira;Boyaca;2016-06-01;5.875;-73.5;15.89;11.76;0.005246;18215680.0;-0.003226;15.53
Moniquira;Boyaca;2016-07-01;5.875;-73.5;15.62;11.45;0.006895;17961984.0;-0.002901;15.51
Moniquira;Boyaca;2016-08-01;5.875;-73.5;15.93;10.88;0.00404;19889408.0;-0.00281;16.0
Moniquira;Boyaca;2016-09-01;5.875;-73.5;15.78;11.26;0.006729;19112046.0;-0.00279;15.84
Moniquira;Boyaca;2016-10-01;5.875;-73.5;15.78;12.52;0.008652;16696319.0;-0.002794;15.68
Moniquira;Boyaca;2016-11-01;5.875;-73.5;15.42;13.02;0.007349;16531968.0;-0.002904;15.23
Moniquira;Boyaca;2016-12-01;5.875;-73.5;15.36;12.82;0.006926;16252416.0;-0.002921;14.98
Moniquira;Boyaca;2017-01-01;5.875;-73.5;15.0;11.94;0.004528;18844160.0;-0.003237;14.48
Moniquira;Boyaca;2017-02-01;5.875;-73.5;15.24;11.39;0.002788;20780288.0;-0.003216;14.72
Moniquira;Boyaca;2017-03-01;5.875;-73.5;14.97;12.81;0.008322;16719005.5;-0.003045;15.03
Moniquira;Boyaca;2017-04-01;5.875;-73.5;15.9;12.78;0.007198;18793984.0;-0.003393;15.68
Moniquira;Boyaca;2017-05-01;5.875;-73.5;15.9;13.15;0.009518;16900096.0;-0.003186;15.68
Moniquira;Boyaca;2017-06-01;5.875;-73.5;15.72;12.84;0.008011;16976896.0;-0.003162;15.51
Moniquira;Boyaca;2017-07-01;5.875;-73.5;15.82;11.67;0.00505;18181632.0;-0.003226;15.3
Moniquira;Boyaca;2017-08-01;5.875;-73.5;15.7;11.62;0.005484;19807744.0;-0.003275;15.54
Moniquira;Boyaca;2017-09-01;5.875;-73.5;15.55;11.81;0.007391;19185996.0;-0.003285;15.64
Moniquira;Boyaca;2017-10-01;5.875;-73.5;15.4;12.23;0.006226;17818624.0;-0.003116;15.34
Moniquira;Boyaca;2017-11-01;5.875;-73.5;15.38;13.07;0.005641;16657920.0;-0.002948;15.14
Moniquira;Boyaca;2017-12-01;5.875;-73.5;15.26;12.06;0.002344;18677248.0;-0.003005;14.82
Moniquira;Boyaca;2018-01-01;5.875;-73.5;14.98;12.04;0.004485;18002944.0;-0.003102;14.68
Moniquira;Boyaca;2018-02-01;5.875;-73.5;15.14;11.72;0.003672;20121600.0;-0.003256;14.71
Moniquira;Boyaca;2018-03-01;5.875;-73.5;15.27;12.34;0.006394;19633192.0;-0.003422;15.31
Moniquira;Boyaca;2018-04-01;5.875;-73.5;14.98;12.58;0.008148;16868608.0;-0.003107;14.98
Moniquira;Boyaca;2018-05-01;5.875;-73.5;15.32;13.01;0.012118;15831552.0;-0.003068;15.32
Moniquira;Boyaca;2018-06-01;5.875;-73.5;15.61;11.94;0.005184;18150656.0;-0.003261;15.38
Moniquira;Boyaca;2018-07-01;5.875;-73.5;15.6;11.39;0.004196;18967552.0;-0.003148;15.25
Moniquira;Boyaca;2018-08-01;5.875;-73.5;15.18;10.32;0.002986;20400128.0;-0.003112;15.07
Moniquira;Boyaca;2018-09-01;5.875;-73.5;15.2;11.7;0.006966;18711768.0;-0.003218;15.24
Moniquira;Boyaca;2018-10-01;5.875;-73.5;15.47;12.96;0.00897;16653824.0;-0.00307;15.25
Moniquira;Boyaca;2018-11-01;5.875;-73.5;15.56;13.31;0.00557;16820736.0;-0.003044;15.28
Moniquira;Boyaca;2018-12-01;5.875;-73.5;15.16;11.14;0.001233;19923456.0;-0.003034;14.66
Moniquira;Boyaca;2019-01-01;5.875;-73.5;15.22;11.64;0.002287;19065344.0;-0.002944;14.94
Moniquira;Boyaca;2019-02-01;5.875;-73.5;15.77;13.0;0.005554;18796800.0;-0.003333;15.84
Moniquira;Boyaca;2019-03-01;5.875;-73.5;15.76;13.42;0.007546;17659984.0;-0.003218;15.8
Moniquira;Boyaca;2019-04-01;5.875;-73.5;15.96;13.43;0.009044;17146624.0;-0.003237;15.87
Moniquira;Boyaca;2019-05-01;5.875;-73.5;15.99;13.32;0.01001;16161536.0;-0.003072;15.78
Moniquira;Boyaca;2019-06-01;5.875;-73.5;16.23;12.6;0.00606;18105600.0;-0.003366;15.68
Moniquira;Boyaca;2019-07-01;5.875;-73.5;15.77;11.63;0.003922;19290368.0;-0.003292;15.46
Moniquira;Boyaca;2019-08-01;5.875;-73.5;15.35;10.63;0.002358;20210176.0;-0.00314;15.21
Moniquira;Boyaca;2019-09-01;5.875;-73.5;15.7;11.62;0.005744;19465748.0;-0.002966;15.7
Moniquira;Boyaca;2019-10-01;5.875;-73.5;15.03;12.26;0.007185;17425920.0;-0.003124;15.05
Moniquira;Boyaca;2019-11-01;5.875;-73.5;15.36;12.9;0.004236;17477632.0;-0.00304;15.22
Moniquira;Boyaca;2019-12-01;5.875;-73.5;15.73;12.64;0.003098;18053120.0;-0.002832;15.33
Moniquira;Boyaca;2020-01-01;5.875;-73.5;15.54;11.38;0.000914;19804672.0;-0.002702;15.06
Moniquira;Boyaca;2020-02-01;5.875;-73.5;16.23;11.62;0.002542;20384768.0;-0.002878;15.92
Moniquira;Boyaca;2020-03-01;5.875;-73.5;15.75;12.79;0.005142;20484560.0;-0.003414;15.77
Moniquira;Boyaca;2020-04-01;5.875;-73.5;16.12;13.16;0.007284;18597888.0;-0.0034;16.08
Moniquira;Boyaca;2020-05-01;5.875;-73.5;16.84;13.24;0.007582;17443840.0;-0.003256;16.44
Moniquira;Boyaca;2020-06-01;5.875;-73.5;15.82;12.34;0.00601;17370880.0;-0.003184;15.58
Moniquira;Boyaca;2020-07-01;5.875;-73.5;15.67;11.99;0.007094;17417728.0;-0.003046;15.36
Moniquira;Boyaca;2020-08-01;5.875;-73.5;15.9;11.87;0.006077;18277632.0;-0.003015;15.71
Moniquira;Boyaca;2020-09-01;5.875;-73.5;15.37;11.56;0.00704;18873700.0;-0.003202;15.43
Moniquira;Boyaca;2020-10-01;5.875;-73.5;15.57;11.86;0.007658;17852416.0;-0.002917;15.47
Moniquira;Boyaca;2020-11-01;5.875;-73.5;15.16;13.19;0.008424;15669248.0;-0.002836;15.04
Moniquira;Boyaca;2020-12-01;5.875;-73.5;15.13;12.27;0.003358;17618432.0;-0.002836;14.74
Moniquira;Boyaca;2021-01-01;5.875;-73.5;15.34;10.84;0.002149;20230144.0;-0.003004;14.66
Moniquira;Boyaca;2021-02-01;5.875;-73.5;15.13;11.51;0.003762;19791104.0;-0.003058;15.13
Moniquira;Boyaca;2021-03-01;5.875;-73.5;14.54;12.05;0.007594;17770288.0;-0.003128;14.77
Moniquira;Boyaca;2021-04-01;5.875;-73.5;15.52;12.8;0.009768;16887040.0;-0.003148;15.4
Moniquira;Boyaca;2021-05-01;5.875;-73.5;15.94;13.14;0.008377;16536320.0;-0.003098;15.46
Moniquira;Boyaca;2021-06-01;5.875;-73.5;15.32;12.42;0.008048;16936960.0;-0.003162;15.13
Moniquira;Boyaca;2021-07-01;5.875;-73.5;15.68;11.48;0.005838;18298368.0;-0.00317;15.23
Moniquira;Boyaca;2021-08-01;5.875;-73.5;15.41;11.8;0.007542;18003712.0;-0.003058;15.33
Moniquira;Boyaca;2021-09-01;5.875;-73.5;15.3;11.67;0.007436;18640246.0;-0.003241;15.14
Moniquira;Boyaca;2021-10-01;5.875;-73.5;15.42;12.73;0.008548;17205248.0;-0.003018;15.44
Moniquira;Boyaca;2021-11-01;5.875;-73.5;15.14;12.74;0.005623;17292800.0;-0.002974;14.86
Moniquira;Boyaca;2021-12-01;5.875;-73.5;15.44;13.07;0.004052;17219072.0;-0.002964;15.22
Moniquira;Boyaca;2022-01-01;5.875;-73.5;14.87;11.87;0.002732;19019776.0;-0.00303;14.63
Moniquira;Boyaca;2022-02-01;5.875;-73.5;14.63;12.19;0.00615;17533696.0;-0.002971;14.59
Moniquira;Boyaca;2022-03-01;5.875;-73.5;15.08;12.72;0.007612;17864768.0;-0.003195;15.08
Moniquira;Boyaca;2022-04-01;5.875;-73.5;15.28;12.84;0.010174;16494847.0;-0.00311;15.38
Moniquira;Boyaca;2022-05-01;5.875;-73.5;15.98;12.9;0.009028;16382720.0;-0.003114;15.51
Moniquira;Boyaca;2022-06-01;5.875;-73.5;14.76;12.51;0.010665;15831552.0;-0.002993;14.77
Moniquira;Boyaca;2022-07-01;5.875;-73.5;15.28;12.04;0.006549;17788416.0;-0.003246;15.12
Moniquira;Boyaca;2022-08-01;5.875;-73.5;14.98;11.38;0.006223;18160640.0;-0.003245;14.96
Moniquira;Boyaca;2022-09-01;5.875;-73.5;14.73;11.77;0.008063;18424332.0;-0.003296;15.1
Moniquira;Boyaca;2022-10-01;5.875;-73.5;14.88;12.52;0.007609;16761344.0;-0.003038;14.89
Moniquira;Boyaca;2022-11-01;5.875;-73.5;14.99;12.8;0.007442;15642112.0;-0.002852;14.84
Moniquira;Boyaca;2022-12-01;5.875;-73.5;14.72;11.95;0.002932;18018816.0;-0.003012;14.42
Moniquira;Boyaca;2023-01-01;5.875;-73.5;14.54;11.89;0.00463;18251776.0;-0.003142;14.12
Moniquira;Boyaca;2023-02-01;5.875;-73.5;14.92;11.98;0.004522;19834368.0;-0.0034;14.77
Moniquira;Boyaca;2023-03-01;5.875;-73.5;15.04;12.95;0.00885;16719587.5;-0.003116;15.1
Moniquira;Boyaca;2023-04-01;5.875;-73.5;15.44;13.03;0.008284;16850688.0;-0.003108;15.3
Moniquira;Boyaca;2023-05-01;5.875;-73.5;16.52;13.41;0.008006;17174528.0;-0.003198;16.02
Moniquira;Boyaca;2023-06-01;5.875;-73.5;16.4;12.29;0.004723;17900800.0;-0.003214;15.81
Moniquira;Boyaca;2023-07-01;5.875;-73.5;16.3;12.26;0.005062;18301696.0;-0.003112;15.93
Moniquira;Boyaca;2023-08-01;5.875;-73.5;16.48;11.78;0.0042;19857664.0;-0.003048;16.16
Moniquira;Boyaca;2023-09-01;5.875;-73.5;16.51;11.3;0.004528;20616524.0;-0.002829;16.46
Moniquira;Boyaca;2023-10-01;5.875;-73.5;15.92;12.76;0.008074;16905728.0;-0.002751;16.12
Moniquira;Boyaca;2023-11-01;5.875;-73.5;16.22;13.32;0.006339;16968704.0;-0.002925;15.9
Moniquira;Boyaca;2023-12-01;5.875;-73.5;16.44;13.36;0.002927;18030592.0;-0.002856;16.13
Moniquira;Boyaca;2024-01-01;5.875;-73.5;16.96;11.99;0.00097;21836800.0;-0.002875;16.1
Moniquira;Boyaca;2024-02-01;5.875;-73.5;16.54;13.68;0.006344;18933248.0;-0.003237;16.32
Moniquira;Boyaca;2024-03-01;5.875;-73.5;16.87;13.55;0.003877;20601488.0;-0.00328;16.82
Moniquira;Boyaca;2024-04-01;5.875;-73.5;16.5;13.83;0.010086;17360896.0;-0.003202;16.52
Moniquira;Boyaca;2024-05-01;5.875;-73.5;17.11;14.15;0.008988;16054272.0;-0.003101;16.6
Moniquira;Boyaca;2024-06-01;5.875;-73.5;16.27;13.49;0.008366;16277760.0;-0.003124;15.93
Moniquira;Boyaca;2024-07-01;5.875;-73.5;16.42;12.3;0.004407;18400000.0;-0.003206;15.86
Moniquira;Boyaca;2024-08-01;5.875;-73.5;16.14;11.6;0.003989;19963392.0;-0.003214;15.8
Moniquira;Boyaca;2024-09-01;5.875;-73.5;16.39;11.64;0.005724;19461856.0;-0.002886;16.41
Moniquira;Boyaca;2024-10-01;5.875;-73.5;16.1;12.86;0.006699;17654272.0;-0.003152;15.84
Moniquira;Boyaca;2024-11-01;5.875;-73.5;15.46;13.36;0.008926;14858240.0;-0.002798;15.3
Moniquira;Boyaca;2024-12-01;5.875;-73.5;15.86;12.99;0.00382;17292800.0;-0.00292;15.27
Ocamonte;Santander;2007-01-01;6.375;-73.125;17.49;14.38;0.003921;20100096.0;-0.003522;17.5
Ocamonte;Santander;2007-02-01;6.375;-73.125;17.41;12.65;0.002703;22674816.0;-0.003329;17.27
Ocamonte;Santander;2007-03-01;6.375;-73.125;17.22;14.19;0.008783;19163920.0;-0.003242;17.64
Ocamonte;Santander;2007-04-01;6.375;-73.125;17.45;15.34;0.014783;18820224.0;-0.003571;17.55
Ocamonte;Santander;2007-05-01;6.375;-73.125;16.97;15.19;0.017757;17182720.0;-0.003391;17.24
Ocamonte;Santander;2007-06-01;6.375;-73.125;16.85;14.43;0.015691;18366336.0;-0.003508;17.06
Ocamonte;Santander;2007-07-01;6.375;-73.125;16.75;13.89;0.01335;19718144.0;-0.003582;17.1
Ocamonte;Santander;2007-08-01;6.375;-73.125;16.45;14.05;0.017878;18740608.0;-0.003507;16.8
Ocamonte;Santander;2007-09-01;6.375;-73.125;16.63;13.93;0.013567;19986168.0;-0.003637;17.08
Ocamonte;Santander;2007-10-01;6.375;-73.125;16.39;14.36;0.012155;18220672.0;-0.003333;16.9
Ocamonte;Santander;2007-11-01;6.375;-73.125;16.92;14.45;0.008693;18258432.0;-0.003278;16.96
Ocamonte;Santander;2007-12-01;6.375;-73.125;16.2;13.73;0.005448;17626368.0;-0.003038;16.21
Ocamonte;Santander;2008-01-01;6.375;-73.125;16.62;13.65;0.004168;19031808.0;-0.003225;16.6
Ocamonte;Santander;2008-02-01;6.375;-73.125;16.65;13.8;0.006215;19973376.0;-0.00336;16.71
Ocamonte;Santander;2008-03-01;6.375;-73.125;16.8;13.65;0.006524;20844448.0;-0.003381;17.14
Ocamonte;Santander;2008-04-01;6.375;-73.125;16.73;14.32;0.011845;18875520.0;-0.0035;16.98
Ocamonte;Santander;2008-05-01;6.375;-73.125;16.92;14.55;0.013791;17201920.0;-0.003294;16.89
Ocamonte;Santander;2008-06-01;6.375;-73.125;16.71;14.46;0.016125;18135168.0;-0.003516;16.73
Ocamonte;Santander;2008-07-01;6.375;-73.125;16.57;13.94;0.018544;18247552.0;-0.003492;16.66
Ocamonte;Santander;2008-08-01;6.375;-73.125;16.56;13.82;0.012631;18973056.0;-0.003422;16.88
Ocamonte;Santander;2008-09-01;6.375;-73.125;16.82;13.93;0.011609;20001480.0;-0.003576;17.15
Ocamonte;Santander;2008-10-01;6.375;-73.125;16.88;14.04;0.009976;19157120.0;-0.00336;17.04
Ocamonte;Santander;2008-11-01;6.375;-73.125;16.66;14.69;0.015784;15352320.0;-0.002898;16.69
Ocamonte;Santander;2008-12-01;6.375;-73.125;16.59;13.88;0.005249;17399040.0;-0.003028;16.43
Ocamonte;Santander;2009-01-01;6.375;-73.125;16.71;13.98;0.00572;18561280.0;-0.003175;16.71
Ocamonte;Santander;2009-02-01;6.375;-73.125;16.75;13.94;0.007035;19678080.0;-0.003398;17.06
Ocamonte;Santander;2009-03-01;6.375;-73.125;16.72;14.32;0.009205;19290288.0;-0.003494;17.15
Ocamonte;Santander;2009-04-01;6.375;-73.125;17.42;14.84;0.013269;19649664.0;-0.003533;17.68
Ocamonte;Santander;2009-05-01;6.375;-73.125;17.27;14.56;0.0111;18596608.0;-0.003538;17.33
Ocamonte;Santander;2009-06-01;6.375;-73.125;17.02;14.49;0.017758;18109312.0;-0.003464;17.23
Ocamonte;Santander;2009-07-01;6.375;-73.125;17.08;13.97;0.013762;19385728.0;-0.003536;17.35
Ocamonte;Santander;2009-08-01;6.375;-73.125;17.23;14.24;0.016365;19514368.0;-0.003569;17.48
Ocamonte;Santander;2009-09-01;6.375;-73.125;17.67;13.86;0.007732;21633104.0;-0.003736;17.87
Ocamonte;Santander;2009-10-01;6.375;-73.125;17.28;14.3;0.009361;18818944.0;-0.003308;17.4
Ocamonte;Santander;2009-11-01;6.375;-73.125;17.72;14.74;0.006306;18770176.0;-0.003268;17.58
Ocamonte;Santander;2009-12-01;6.375;-73.125;17.47;14.02;0.003743;19248640.0;-0.003088;17.4
Ocamonte;Santander;2010-01-01;6.375;-73.125;17.98;13.26;0.001286;21891840.0;-0.00309;17.85
Ocamonte;Santander;2010-02-01;6.375;-73.125;18.96;14.7;0.003358;21095296.0;-0.002915;19.03
Ocamonte;Santander;2010-03-01;6.375;-73.125;18.73;15.11;0.007132;21180400.0;-0.003467;18.86
Ocamonte;Santander;2010-04-01;6.375;-73.125;18.43;15.76;0.012433;17953664.0;-0.003398;18.29
Ocamonte;Santander;2010-05-01;6.375;-73.125;18.06;15.77;0.017177;17210112.0;-0.003387;18.0
Ocamonte;Santander;2010-06-01;6.375;-73.125;17.32;15.09;0.018378;18221312.0;-0.003626;17.33
Ocamonte;Santander;2010-07-01;6.375;-73.125;16.72;14.83;0.017888;16577664.0;-0.003284;16.82
Ocamonte;Santander;2010-08-01;6.375;-73.125;16.8;14.46;0.019346;18507264.0;-0.003542;17.13
Ocamonte;Santander;2010-09-01;6.375;-73.125;16.81;14.36;0.012378;18276728.0;-0.003429;16.97
Ocamonte;Santander;2010-10-01;6.375;-73.125;17.05;14.52;0.013896;18043648.0;-0.003393;17.02
Ocamonte;Santander;2010-11-01;6.375;-73.125;16.84;14.84;0.0127;14981632.0;-0.002907;16.48
Ocamonte;Santander;2010-12-01;6.375;-73.125;16.76;14.4;0.009847;16350720.0;-0.003092;16.33
Ocamonte;Santander;2011-01-01;6.375;-73.125;17.11;13.5;0.00392;19702016.0;-0.003216;16.74
Ocamonte;Santander;2011-02-01;6.375;-73.125;17.03;13.95;0.006726;19332608.0;-0.003192;16.91
Ocamonte;Santander;2011-03-01;6.375;-73.125;16.62;14.07;0.010506;18193504.0;-0.003376;16.55
Ocamonte;Santander;2011-04-01;6.375;-73.125;17.24;14.68;0.014042;16999552.0;-0.003244;17.03
Ocamonte;Santander;2011-05-01;6.375;-73.125;17.47;15.19;0.016957;16561280.0;-0.003362;17.09
Ocamonte;Santander;2011-06-01;6.375;-73.125;17.4;14.58;0.015016;18163200.0;-0.003516;17.2
Ocamonte;Santander;2011-07-01;6.375;-73.125;16.81;14.0;0.016499;18494464.0;-0.003519;16.98
Ocamonte;Santander;2011-08-01;6.375;-73.125;17.11;13.97;0.013383;20400128.0;-0.003737;17.25
Ocamonte;Santander;2011-09-01;6.375;-73.125;17.17;13.86;0.011376;20134376.0;-0.003602;17.28
Ocamonte;Santander;2011-10-01;6.375;-73.125;16.67;14.47;0.012963;15827328.0;-0.003042;16.55
Ocamonte;Santander;2011-11-01;6.375;-73.125;16.81;14.84;0.013079;15315200.0;-0.002936;16.54
Ocamonte;Santander;2011-12-01;6.375;-73.125;17.19;14.8;0.008636;16609279.25;-0.003134;16.66
Ocamonte;Santander;2012-01-01;6.375;-73.125;16.84;14.22;0.005208;18915584.0;-0.00339;16.69
Ocamonte;Santander;2012-02-01;6.375;-73.125;16.93;13.45;0.00522;20809472.0;-0.003387;16.78
Ocamonte;Santander;2012-03-01;6.375;-73.125;17.09;14.33;0.009655;18745056.0;-0.003412;17.16
Ocamonte;Santander;2012-04-01;6.375;-73.125;17.0;14.72;0.013499;16938752.0;-0.003312;16.87
Ocamonte;Santander;2012-05-01;6.375;-73.125;17.26;14.65;0.015114;18151680.0;-0.003521;17.13
Ocamonte;Santander;2012-06-01;6.375;-73.125;17.1;13.8;0.011735;19722368.0;-0.003593;17.12
Ocamonte;Santander;2012-07-01;6.375;-73.125;16.9;13.97;0.016166;18463104.0;-0.003479;17.15
Ocamonte;Santander;2012-08-01;6.375;-73.125;16.87;14.09;0.01821;19283200.0;-0.00362;17.18
Ocamonte;Santander;2012-09-01;6.375;-73.125;16.78;13.66;0.013581;20470192.0;-0.003744;17.28
Ocamonte;Santander;2012-10-01;6.375;-73.125;17.28;14.45;0.012339;17742208.0;-0.003328;17.12
Ocamonte;Santander;2012-11-01;6.375;-73.125;17.5;14.64;0.006968;18422272.0;-0.003277;17.26
Ocamonte;Santander;2012-12-01;6.375;-73.125;17.4;14.21;0.005285;18603008.0;-0.003188;17.12
Ocamonte;Santander;2013-01-01;6.375;-73.125;18.02;13.65;0.00164;20786944.0;-0.003061;17.72
Ocamonte;Santander;2013-02-01;6.375;-73.125;17.48;14.84;0.008111;19257984.0;-0.003423;17.58
Ocamonte;Santander;2013-03-01;6.375;-73.125;18.18;15.09;0.008777;20107128.0;-0.003507;18.23
Ocamonte;Santander;2013-04-01;6.375;-73.125;18.29;15.14;0.008522;19794944.0;-0.003492;18.3
Ocamonte;Santander;2013-05-01;6.375;-73.125;17.7;15.14;0.015962;16380288.0;-0.003206;17.39
Ocamonte;Santander;2013-06-01;6.375;-73.125;17.48;14.34;0.01464;18344448.0;-0.003428;17.38
Ocamonte;Santander;2013-07-01;6.375;-73.125;17.25;13.79;0.013778;19633280.0;-0.003544;17.26
Ocamonte;Santander;2013-08-01;6.375;-73.125;17.2;14.27;0.017549;19070336.0;-0.00356;17.24
Ocamonte;Santander;2013-09-01;6.375;-73.125;17.24;14.17;0.012398;19511664.0;-0.003487;17.39
Ocamonte;Santander;2013-10-01;6.375;-73.125;17.12;14.06;0.009367;18793472.0;-0.003334;17.13
Ocamonte;Santander;2013-11-01;6.375;-73.125;17.04;14.5;0.007844;17475328.0;-0.00315;16.8
Ocamonte;Santander;2013-12-01;6.375;-73.125;17.14;14.26;0.005668;18710784.0;-0.00332;16.89
Ocamonte;Santander;2014-01-01;6.375;-73.125;17.46;14.01;0.002902;19572992.0;-0.003136;17.29
Ocamonte;Santander;2014-02-01;6.375;-73.125;17.58;14.35;0.005675;19508480.0;-0.003085;17.64
Ocamonte;Santander;2014-03-01;6.375;-73.125;17.7;14.84;0.007453;20287984.0;-0.003486;17.61
Ocamonte;Santander;2014-04-01;6.375;-73.125;18.22;15.04;0.012468;19818112.0;-0.003582;18.12
Ocamonte;Santander;2014-05-01;6.375;-73.125;17.83;15.19;0.012025;18148608.0;-0.003415;17.58
Ocamonte;Santander;2014-06-01;6.375;-73.125;17.86;14.89;0.015534;18312448.0;-0.003489;17.84
Ocamonte;Santander;2014-07-01;6.375;-73.125;17.76;14.25;0.0134;19998208.0;-0.00366;17.79
Ocamonte;Santander;2014-08-01;6.375;-73.125;17.07;13.9;0.015734;20024960.0;-0.003652;17.36
Ocamonte;Santander;2014-09-01;6.375;-73.125;17.18;13.84;0.0109;20341360.0;-0.003562;17.43
Ocamonte;Santander;2014-10-01;6.375;-73.125;16.93;14.57;0.013884;18179072.0;-0.003395;17.09
Ocamonte;Santander;2014-11-01;6.375;-73.125;17.19;14.76;0.00849;17440000.0;-0.003222;16.91
Ocamonte;Santander;2014-12-01;6.375;-73.125;17.44;14.01;0.004469;19694080.0;-0.003279;17.12
Ocamonte;Santander;2015-01-01;6.375;-73.125;17.3;13.36;0.00329;20486144.0;-0.003166;17.24
Ocamonte;Santander;2015-02-01;6.375;-73.125;17.67;14.27;0.004845;19679616.0;-0.003324;17.5
Ocamonte;Santander;2015-03-01;6.375;-73.125;17.77;14.76;0.007641;20124336.0;-0.003424;17.8
Ocamonte;Santander;2015-04-01;6.375;-73.125;17.73;15.08;0.012951;19063296.0;-0.003689;17.74
Ocamonte;Santander;2015-05-01;6.375;-73.125;17.98;14.93;0.012589;19122688.0;-0.003631;17.96
Ocamonte;Santander;2015-06-01;6.375;-73.125;17.96;14.59;0.014225;18598144.0;-0.003539;17.96
Ocamonte;Santander;2015-07-01;6.375;-73.125;17.65;14.45;0.014214;18114816.0;-0.003457;17.56
Ocamonte;Santander;2015-08-01;6.375;-73.125;17.61;14.42;0.014691;19343360.0;-0.003618;17.7
Ocamonte;Santander;2015-09-01;6.375;-73.125;17.92;14.21;0.008947;20402544.0;-0.003641;17.96
Ocamonte;Santander;2015-10-01;6.375;-73.125;17.66;14.83;0.01051;18120064.0;-0.003302;17.69
Ocamonte;Santander;2015-11-01;6.375;-73.125;17.5;15.26;0.01095;16677632.0;-0.00319;17.23
Ocamonte;Santander;2015-12-01;6.375;-73.125;18.22;14.46;0.005741;19333120.0;-0.003421;17.84
Ocamonte;Santander;2016-01-01;6.375;-73.125;18.21;14.56;0.004586;20068352.0;-0.003183;18.1
Ocamonte;Santander;2016-02-01;6.375;-73.125;18.74;15.78;0.007005;20284288.0;-0.003538;18.68
Ocamonte;Santander;2016-03-01;6.375;-73.125;19.04;15.78;0.00771;21701568.0;-0.003708;19.02
Ocamonte;Santander;2016-04-01;6.375;-73.125;18.41;16.05;0.012238;18353920.0;-0.003448;18.63
Ocamonte;Santander;2016-05-01;6.375;-73.125;18.1;15.65;0.015402;16812288.0;-0.003352;17.99
Ocamonte;Santander;2016-06-01;6.375;-73.125;17.54;14.54;0.016398;18773248.0;-0.003584;17.57
Ocamonte;Santander;2016-07-01;6.375;-73.125;17.28;14.37;0.015321;18507648.0;-0.003455;17.4
Ocamonte;Santander;2016-08-01;6.375;-73.125;17.46;14.28;0.012096;20369920.0;-0.003667;17.82
Ocamonte;Santander;2016-09-01;6.375;-73.125;17.28;14.22;0.011128;20017904.0;-0.003554;17.46
Ocamonte;Santander;2016-10-01;6.375;-73.125;17.44;14.82;0.011652;18270848.0;-0.003379;17.55
Ocamonte;Santander;2016-11-01;6.375;-73.125;17.4;15.04;0.009627;17394432.0;-0.003215;17.3
Ocamonte;Santander;2016-12-01;6.375;-73.125;17.46;14.66;0.00696;17714176.0;-0.003254;17.03
Ocamonte;Santander;2017-01-01;6.375;-73.125;17.32;13.95;0.004806;19508480.0;-0.003369;16.84
Ocamonte;Santander;2017-02-01;6.375;-73.125;17.7;13.06;0.003044;22154880.0;-0.003207;17.37
Ocamonte;Santander;2017-03-01;6.375;-73.125;17.09;14.84;0.011935;18174224.0;-0.003331;17.31
Ocamonte;Santander;2017-04-01;6.375;-73.125;17.79;14.88;0.009002;20273536.0;-0.003778;17.71
Ocamonte;Santander;2017-05-01;6.375;-73.125;17.79;15.24;0.01233;18121728.0;-0.003482;17.82
Ocamonte;Santander;2017-06-01;6.375;-73.125;17.45;14.96;0.014772;17760384.0;-0.003439;17.52
Ocamonte;Santander;2017-07-01;6.375;-73.125;17.5;14.5;0.018335;18496256.0;-0.003517;17.65
Ocamonte;Santander;2017-08-01;6.375;-73.125;17.37;14.24;0.010593;20463104.0;-0.003697;17.68
Ocamonte;Santander;2017-09-01;6.375;-73.125;17.21;14.45;0.011659;19847120.0;-0.003625;17.74
Ocamonte;Santander;2017-10-01;6.375;-73.125;17.2;14.54;0.009093;18416512.0;-0.00336;17.38
Ocamonte;Santander;2017-11-01;6.375;-73.125;17.52;14.74;0.006114;18639616.0;-0.003236;17.47
Ocamonte;Santander;2017-12-01;6.375;-73.125;17.4;13.74;0.00426;19847680.0;-0.003258;17.1
Ocamonte;Santander;2018-01-01;6.375;-73.125;17.08;13.79;0.005041;19190784.0;-0.003267;16.97
Ocamonte;Santander;2018-02-01;6.375;-73.125;17.64;13.07;0.003018;20520320.0;-0.002932;17.4
Ocamonte;Santander;2018-03-01;6.375;-73.125;17.63;14.22;0.006506;21057840.0;-0.003292;17.9
Ocamonte;Santander;2018-04-01;6.375;-73.125;16.94;14.78;0.013297;18222720.0;-0.003462;17.2
Ocamonte;Santander;2018-05-01;6.375;-73.125;17.08;15.07;0.015042;16805376.0;-0.00332;17.17
Ocamonte;Santander;2018-06-01;6.375;-73.125;17.13;14.47;0.016602;18390528.0;-0.003548;17.38
Ocamonte;Santander;2018-07-01;6.375;-73.125;17.44;14.24;0.012426;19473792.0;-0.003552;17.56
Ocamonte;Santander;2018-08-01;6.375;-73.125;17.08;13.59;0.010809;20838912.0;-0.003737;17.39
Ocamonte;Santander;2018-09-01;6.375;-73.125;17.12;14.28;0.012424;19524312.0;-0.003562;17.51
Ocamonte;Santander;2018-10-01;6.375;-73.125;17.37;14.94;0.011573;17630848.0;-0.003381;17.26
Ocamonte;Santander;2018-11-01;6.375;-73.125;17.55;15.21;0.006696;17882112.0;-0.003234;17.4
Ocamonte;Santander;2018-12-01;6.375;-73.125;17.44;13.18;0.001613;20910848.0;-0.003116;17.12
Ocamonte;Santander;2019-01-01;6.375;-73.125;17.61;13.54;0.002365;20145408.0;-0.002953;17.49
Ocamonte;Santander;2019-02-01;6.375;-73.125;18.31;14.32;0.003949;20591232.0;-0.002978;18.47
Ocamonte;Santander;2019-03-01;6.375;-73.125;18.02;15.29;0.008765;19267008.0;-0.003239;18.25
Ocamonte;Santander;2019-04-01;6.375;-73.125;18.1;15.39;0.009178;18753664.0;-0.003513;18.13
Ocamonte;Santander;2019-05-01;6.375;-73.125;17.9;15.36;0.013903;17635200.0;-0.003432;17.9
Ocamonte;Santander;2019-06-01;6.375;-73.125;18.28;15.1;0.01511;18612864.0;-0.003592;18.07
Ocamonte;Santander;2019-07-01;6.375;-73.125;17.68;14.44;0.012421;19730048.0;-0.003638;17.8
Ocamonte;Santander;2019-08-01;6.375;-73.125;17.25;14.1;0.013153;20590976.0;-0.003806;17.7
Ocamonte;Santander;2019-09-01;6.375;-73.125;17.51;14.45;0.010653;20469656.0;-0.003672;17.84
Ocamonte;Santander;2019-10-01;6.375;-73.125;16.87;14.47;0.010869;18804224.0;-0.003483;17.18
Ocamonte;Santander;2019-11-01;6.375;-73.125;17.37;14.75;0.006002;18241024.0;-0.003282;17.38
Ocamonte;Santander;2019-12-01;6.375;-73.125;17.68;14.6;0.004458;18904064.0;-0.003177;17.55
Ocamonte;Santander;2020-01-01;6.375;-73.125;17.71;13.4;0.002208;20259584.0;-0.003081;17.4
Ocamonte;Santander;2020-02-01;6.375;-73.125;18.28;13.99;0.004557;20811392.0;-0.003104;18.17
Ocamonte;Santander;2020-03-01;6.375;-73.125;17.77;14.78;0.006114;21658320.0;-0.003774;17.89
Ocamonte;Santander;2020-04-01;6.375;-73.125;17.88;15.3;0.010186;20096640.0;-0.003724;18.06
Ocamonte;Santander;2020-05-01;6.375;-73.125;18.55;15.6;0.013136;18521728.0;-0.003484;18.51
Ocamonte;Santander;2020-06-01;6.375;-73.125;17.5;14.72;0.013941;18098304.0;-0.003415;17.52
Ocamonte;Santander;2020-07-01;6.375;-73.125;17.24;14.45;0.015251;18269824.0;-0.003398;17.26
Ocamonte;Santander;2020-08-01;6.375;-73.125;17.45;14.56;0.01406;19096576.0;-0.003492;17.6
Ocamonte;Santander;2020-09-01;6.375;-73.125;16.92;14.32;0.014178;19577956.0;-0.003626;17.29
Ocamonte;Santander;2020-10-01;6.375;-73.125;16.88;14.57;0.015361;18320640.0;-0.003446;17.13
Ocamonte;Santander;2020-11-01;6.375;-73.125;17.08;14.96;0.009265;17107712.0;-0.003137;16.96
Ocamonte;Santander;2020-12-01;6.375;-73.125;17.11;14.0;0.003754;19385856.0;-0.003214;16.9
Ocamonte;Santander;2021-01-01;6.375;-73.125;17.37;12.38;0.003038;21497600.0;-0.00324;16.84
Ocamonte;Santander;2021-02-01;6.375;-73.125;17.4;13.43;0.005037;20576512.0;-0.003005;17.73
Ocamonte;Santander;2021-03-01;6.375;-73.125;16.73;13.9;0.00952;19075488.0;-0.003383;17.08
Ocamonte;Santander;2021-04-01;6.375;-73.125;17.38;15.03;0.013632;18121216.0;-0.003417;17.48
Ocamonte;Santander;2021-05-01;6.375;-73.125;17.63;15.3;0.014387;17588096.0;-0.003432;17.42
Ocamonte;Santander;2021-06-01;6.375;-73.125;17.05;14.75;0.014161;18265728.0;-0.003482;17.12
Ocamonte;Santander;2021-07-01;6.375;-73.125;17.33;14.29;0.017482;18940544.0;-0.003562;17.36
Ocamonte;Santander;2021-08-01;6.375;-73.125;17.03;14.46;0.016262;19100672.0;-0.003571;17.31
Ocamonte;Santander;2021-09-01;6.375;-73.125;17.12;14.19;0.013021;19903088.0;-0.00358;17.32
Ocamonte;Santander;2021-10-01;6.375;-73.125;17.18;14.76;0.011158;18796160.0;-0.003382;17.42
Ocamonte;Santander;2021-11-01;6.375;-73.125;17.2;14.47;0.00585;18790656.0;-0.003269;17.06
Ocamonte;Santander;2021-12-01;6.375;-73.125;17.4;14.78;0.004712;18470912.0;-0.003144;17.35
Ocamonte;Santander;2022-01-01;6.375;-73.125;17.1;13.6;0.002449;19161344.0;-0.002895;16.97
Ocamonte;Santander;2022-02-01;6.375;-73.125;16.95;13.91;0.006865;18633088.0;-0.002937;17.03
Ocamonte;Santander;2022-03-01;6.375;-73.125;17.14;14.88;0.011122;19753280.0;-0.003598;17.32
Ocamonte;Santander;2022-04-01;6.375;-73.125;17.23;14.98;0.012256;17793408.0;-0.003372;17.49
Ocamonte;Santander;2022-05-01;6.375;-73.125;17.7;15.31;0.015652;17594240.0;-0.003482;17.45
Ocamonte;Santander;2022-06-01;6.375;-73.125;16.46;14.59;0.01641;16633344.0;-0.003251;16.56
Ocamonte;Santander;2022-07-01;6.375;-73.125;16.98;14.39;0.015187;18561664.0;-0.003498;17.02
Ocamonte;Santander;2022-08-01;6.375;-73.125;16.7;14.0;0.014551;18778112.0;-0.003501;16.96
Ocamonte;Santander;2022-09-01;6.375;-73.125;16.54;14.1;0.012757;19613712.0;-0.003576;17.18
Ocamonte;Santander;2022-10-01;6.375;-73.125;16.85;14.46;0.009616;18082816.0;-0.003286;17.03
Ocamonte;Santander;2022-11-01;6.375;-73.125;17.12;14.82;0.009983;16624640.0;-0.003088;17.08
Ocamonte;Santander;2022-12-01;6.375;-73.125;16.99;13.46;0.002801;19307520.0;-0.003034;16.69
Ocamonte;Santander;2023-01-01;6.375;-73.125;16.74;13.31;0.004457;19560704.0;-0.003173;16.41
Ocamonte;Santander;2023-02-01;6.375;-73.125;17.16;13.48;0.00486;20635264.0;-0.003183;17.1
Ocamonte;Santander;2023-03-01;6.375;-73.125;17.06;14.91;0.010849;17860576.0;-0.003315;17.25
Ocamonte;Santander;2023-04-01;6.375;-73.125;17.35;15.24;0.010949;18355456.0;-0.003456;17.42
Ocamonte;Santander;2023-05-01;6.375;-73.125;18.25;15.61;0.012338;17985408.0;-0.003451;17.94
Ocamonte;Santander;2023-06-01;6.375;-73.125;17.84;15.07;0.0167;18374400.0;-0.00358;17.7
Ocamonte;Santander;2023-07-01;6.375;-73.125;18.1;15.1;0.015782;19134976.0;-0.0036;18.15
Ocamonte;Santander;2023-08-01;6.375;-73.125;18.0;14.85;0.013321;20428928.0;-0.003747;18.09
Ocamonte;Santander;2023-09-01;6.375;-73.125;17.99;14.64;0.01039;21326152.0;-0.003773;18.24
Ocamonte;Santander;2023-10-01;6.375;-73.125;17.49;15.21;0.010878;18175616.0;-0.003339;17.94
Ocamonte;Santander;2023-11-01;6.375;-73.125;17.96;15.54;0.008972;17968896.0;-0.003352;17.75
Ocamonte;Santander;2023-12-01;6.375;-73.125;18.35;15.49;0.00405;19379456.0;-0.003281;18.1
Ocamonte;Santander;2024-01-01;6.375;-73.125;18.84;13.9;0.000793;23180288.0;-0.003291;18.14
Ocamonte;Santander;2024-02-01;6.375;-73.125;18.65;15.58;0.005828;20256768.0;-0.003436;18.54
Ocamonte;Santander;2024-03-01;6.375;-73.125;18.84;15.83;0.008762;21840528.0;-0.003658;18.94
Ocamonte;Santander;2024-04-01;6.375;-73.125;18.41;15.97;0.011679;19185280.0;-0.003636;18.48
Ocamonte;Santander;2024-05-01;6.375;-73.125;18.78;16.64;0.019977;16905728.0;-0.003484;18.42
Ocamonte;Santander;2024-06-01;6.375;-73.125;17.82;15.91;0.01965;16786688.0;-0.003426;17.64
Ocamonte;Santander;2024-07-01;6.375;-73.125;17.94;15.36;0.02006;18545280.0;-0.003685;17.74
Ocamonte;Santander;2024-08-01;6.375;-73.125;17.91;14.68;0.013166;20568704.0;-0.003754;17.95
Ocamonte;Santander;2024-09-01;6.375;-73.125;18.01;14.77;0.011662;19840224.0;-0.00361;18.23
Ocamonte;Santander;2024-10-01;6.375;-73.125;17.92;15.16;0.011166;18693632.0;-0.00343;17.84
Ocamonte;Santander;2024-11-01;6.375;-73.125;17.33;15.26;0.013637;16032512.0;-0.003148;17.25
Ocamonte;Santander;2024-12-01;6.375;-73.125;17.8;15.0;0.004944;18503424.0;-0.003201;17.34
Oiba;Santander;2007-01-01;6.25;-73.25;17.36;14.92;0.003502;20104192.0;-0.00358;17.0
Oiba;Santander;2007-02-01;6.25;-73.25;17.48;13.48;0.00141;22345728.0;-0.003333;16.78
Oiba;Santander;2007-03-01;6.25;-73.25;17.06;14.71;0.007343;18989708.0;-0.003341;17.05
Oiba;Santander;2007-04-01;6.25;-73.25;17.43;15.67;0.011395;18491392.0;-0.003542;17.17
Oiba;Santander;2007-05-01;6.25;-73.25;16.96;15.55;0.01689;17171968.0;-0.003502;16.93
Oiba;Santander;2007-06-01;6.25;-73.25;16.8;14.86;0.01446;18772992.0;-0.003778;16.64
Oiba;Santander;2007-07-01;6.25;-73.25;16.63;14.37;0.01194;19921408.0;-0.003913;16.51
Oiba;Santander;2007-08-01;6.25;-73.25;16.45;14.51;0.016315;18840576.0;-0.003795;16.32
Oiba;Santander;2007-09-01;6.25;-73.25;16.58;14.5;0.013266;20060282.0;-0.003963;16.53
Oiba;Santander;2007-10-01;6.25;-73.25;16.35;14.7;0.009987;17848320.0;-0.003394;16.44
Oiba;Santander;2007-11-01;6.25;-73.25;16.81;14.85;0.007359;18156544.0;-0.003397;16.47
Oiba;Santander;2007-12-01;6.25;-73.25;16.19;14.07;0.003967;17612800.0;-0.003083;15.79
Oiba;Santander;2008-01-01;6.25;-73.25;16.55;14.19;0.003155;18980864.0;-0.003266;16.09
Oiba;Santander;2008-02-01;6.25;-73.25;16.54;14.21;0.003685;19874304.0;-0.003428;16.09
Oiba;Santander;2008-03-01;6.25;-73.25;16.7;14.16;0.004263;20518300.0;-0.003444;16.4
Oiba;Santander;2008-04-01;6.25;-73.25;16.69;14.61;0.009327;18741760.0;-0.003515;16.49
Oiba;Santander;2008-05-01;6.25;-73.25;16.87;14.86;0.011332;17196544.0;-0.003384;16.47
Oiba;Santander;2008-06-01;6.25;-73.25;16.67;14.87;0.014904;18200576.0;-0.003632;16.36
Oiba;Santander;2008-07-01;6.25;-73.25;16.58;14.44;0.01688;18456576.0;-0.003729;16.27
Oiba;Santander;2008-08-01;6.25;-73.25;16.46;14.42;0.010616;18853376.0;-0.003681;16.3
Oiba;Santander;2008-09-01;6.25;-73.25;16.76;14.51;0.010328;19807176.0;-0.003808;16.59
Oiba;Santander;2008-10-01;6.25;-73.25;16.74;14.51;0.007898;18904064.0;-0.003522;16.42
Oiba;Santander;2008-11-01;6.25;-73.25;16.71;15.0;0.012238;15345664.0;-0.002928;16.36
Oiba;Santander;2008-12-01;6.25;-73.25;16.67;14.1;0.002558;17310720.0;-0.002945;16.08
Oiba;Santander;2009-01-01;6.25;-73.25;16.6;14.43;0.004409;18377728.0;-0.003218;16.18
Oiba;Santander;2009-02-01;6.25;-73.25;16.52;14.31;0.005911;19674624.0;-0.00354;16.37
Oiba;Santander;2009-03-01;6.25;-73.25;16.63;14.55;0.007021;19166512.0;-0.003496;16.59
Oiba;Santander;2009-04-01;6.25;-73.25;17.31;15.26;0.011667;19701760.0;-0.003694;17.1
Oiba;Santander;2009-05-01;6.25;-73.25;17.23;14.99;0.010128;18714112.0;-0.003709;16.91
Oiba;Santander;2009-06-01;6.25;-73.25;17.0;14.96;0.017958;18263552.0;-0.003672;16.79
Oiba;Santander;2009-07-01;6.25;-73.25;16.91;14.54;0.012466;19826176.0;-0.003928;16.75
Oiba;Santander;2009-08-01;6.25;-73.25;17.1;14.84;0.014919;19540992.0;-0.003891;16.87
Oiba;Santander;2009-09-01;6.25;-73.25;17.49;14.56;0.007513;21777612.0;-0.004098;17.17
Oiba;Santander;2009-10-01;6.25;-73.25;17.17;14.78;0.007917;18750464.0;-0.003454;16.83
Oiba;Santander;2009-11-01;6.25;-73.25;17.55;15.25;0.00507;18501632.0;-0.003378;16.99
Oiba;Santander;2009-12-01;6.25;-73.25;17.18;14.8;0.003229;18957312.0;-0.003256;16.66
Oiba;Santander;2010-01-01;6.25;-73.25;17.92;14.25;0.00078;21600256.0;-0.00322;17.22
Oiba;Santander;2010-02-01;6.25;-73.25;18.84;15.34;0.002251;20831232.0;-0.00297;18.33
Oiba;Santander;2010-03-01;6.25;-73.25;18.53;15.89;0.006407;20822770.0;-0.003681;18.13
Oiba;Santander;2010-04-01;6.25;-73.25;18.43;16.11;0.010048;17900544.0;-0.003461;17.87
Oiba;Santander;2010-05-01;6.25;-73.25;18.13;16.14;0.015442;17084416.0;-0.003406;17.69
Oiba;Santander;2010-06-01;6.25;-73.25;17.43;15.49;0.017008;18163712.0;-0.003699;17.09
Oiba;Santander;2010-07-01;6.25;-73.25;16.8;15.18;0.015194;16694272.0;-0.003396;16.58
Oiba;Santander;2010-08-01;6.25;-73.25;16.82;14.85;0.017462;18633728.0;-0.003816;16.72
Oiba;Santander;2010-09-01;6.25;-73.25;16.86;14.82;0.010584;18037882.0;-0.003571;16.59
Oiba;Santander;2010-10-01;6.25;-73.25;17.16;14.88;0.011318;17860096.0;-0.003442;16.69
Oiba;Santander;2010-11-01;6.25;-73.25;16.96;15.12;0.009701;14653440.0;-0.00286;16.28
Oiba;Santander;2010-12-01;6.25;-73.25;16.9;14.84;0.007906;15917056.0;-0.003032;16.12
Oiba;Santander;2011-01-01;6.25;-73.25;17.14;14.23;0.00271;19271680.0;-0.003297;16.27
Oiba;Santander;2011-02-01;6.25;-73.25;17.07;14.26;0.004348;19405312.0;-0.003206;16.39
Oiba;Santander;2011-03-01;6.25;-73.25;16.68;14.24;0.007799;18266464.0;-0.003393;16.15
Oiba;Santander;2011-04-01;6.25;-73.25;17.29;14.99;0.011723;16811520.0;-0.003277;16.68
Oiba;Santander;2011-05-01;6.25;-73.25;17.57;15.41;0.015902;16736768.0;-0.003431;16.88
Oiba;Santander;2011-06-01;6.25;-73.25;17.51;14.94;0.014044;18368512.0;-0.00363;16.95
Oiba;Santander;2011-07-01;6.25;-73.25;16.88;14.42;0.014645;18689024.0;-0.00377;16.59
Oiba;Santander;2011-08-01;6.25;-73.25;17.17;14.44;0.012493;20400128.0;-0.00401;16.78
Oiba;Santander;2011-09-01;6.25;-73.25;17.14;14.41;0.010454;20000742.0;-0.003886;16.71
Oiba;Santander;2011-10-01;6.25;-73.25;16.8;14.8;0.010948;15713280.0;-0.003104;16.26
Oiba;Santander;2011-11-01;6.25;-73.25;16.9;15.04;0.009356;15045632.0;-0.002897;16.28
Oiba;Santander;2011-12-01;6.25;-73.25;17.29;15.13;0.006311;16567296.0;-0.003089;16.4
Oiba;Santander;2012-01-01;6.25;-73.25;16.87;14.58;0.003422;18693120.0;-0.003306;16.27
Oiba;Santander;2012-02-01;6.25;-73.25;17.0;13.96;0.003073;20513280.0;-0.003325;16.29
Oiba;Santander;2012-03-01;6.25;-73.25;17.05;14.58;0.007433;19036654.0;-0.003491;16.72
Oiba;Santander;2012-04-01;6.25;-73.25;17.07;14.97;0.010331;16787456.0;-0.003312;16.57
Oiba;Santander;2012-05-01;6.25;-73.25;17.26;14.99;0.014606;18167808.0;-0.00367;16.75
Oiba;Santander;2012-06-01;6.25;-73.25;17.01;14.33;0.010643;19976192.0;-0.00393;16.51
Oiba;Santander;2012-07-01;6.25;-73.25;16.86;14.39;0.013838;18949120.0;-0.003853;16.64
Oiba;Santander;2012-08-01;6.25;-73.25;16.91;14.47;0.016348;19472896.0;-0.00391;16.76
Oiba;Santander;2012-09-01;6.25;-73.25;16.75;14.14;0.012716;20607536.0;-0.004069;16.7
Oiba;Santander;2012-10-01;6.25;-73.25;17.33;14.85;0.010387;17648640.0;-0.003439;16.75
Oiba;Santander;2012-11-01;6.25;-73.25;17.5;15.16;0.005222;18185216.0;-0.003318;16.83
Oiba;Santander;2012-12-01;6.25;-73.25;17.29;14.73;0.00356;18691072.0;-0.003321;16.51
Oiba;Santander;2013-01-01;6.25;-73.25;17.94;14.24;0.000891;20765696.0;-0.003099;17.08
Oiba;Santander;2013-02-01;6.25;-73.25;17.41;15.19;0.005835;19206656.0;-0.003475;17.01
Oiba;Santander;2013-03-01;6.25;-73.25;18.0;15.66;0.007717;20029048.0;-0.003707;17.59
Oiba;Santander;2013-04-01;6.25;-73.25;18.07;15.54;0.007078;19729920.0;-0.003721;17.61
Oiba;Santander;2013-05-01;6.25;-73.25;17.69;15.56;0.014423;16472064.0;-0.003352;17.05
Oiba;Santander;2013-06-01;6.25;-73.25;17.41;14.86;0.013233;18698240.0;-0.003751;16.84
Oiba;Santander;2013-07-01;6.25;-73.25;17.14;14.32;0.012672;19975680.0;-0.003908;16.61
Oiba;Santander;2013-08-01;6.25;-73.25;17.14;14.77;0.016716;19202560.0;-0.003847;16.68
Oiba;Santander;2013-09-01;6.25;-73.25;17.18;14.71;0.011406;19548276.0;-0.003788;16.77
Oiba;Santander;2013-10-01;6.25;-73.25;17.03;14.61;0.007372;18616320.0;-0.003501;16.55
Oiba;Santander;2013-11-01;6.25;-73.25;17.05;14.76;0.004826;17547264.0;-0.003193;16.38
Oiba;Santander;2013-12-01;6.25;-73.25;17.05;14.73;0.005013;18868224.0;-0.003441;16.42
Oiba;Santander;2014-01-01;6.25;-73.25;17.3;14.59;0.002054;19373056.0;-0.00332;16.59
Oiba;Santander;2014-02-01;6.25;-73.25;17.38;14.7;0.003973;19503104.0;-0.003199;16.89
Oiba;Santander;2014-03-01;6.25;-73.25;17.71;15.16;0.004438;20147440.0;-0.003421;17.09
Oiba;Santander;2014-04-01;6.25;-73.25;18.1;15.53;0.011244;19831808.0;-0.003786;17.54
Oiba;Santander;2014-05-01;6.25;-73.25;17.8;15.56;0.010204;18125824.0;-0.003468;17.17
Oiba;Santander;2014-06-01;6.25;-73.25;17.74;15.36;0.014793;18872320.0;-0.003844;17.3
Oiba;Santander;2014-07-01;6.25;-73.25;17.68;14.64;0.011724;20602880.0;-0.004054;17.2
Oiba;Santander;2014-08-01;6.25;-73.25;16.98;14.38;0.014751;20300288.0;-0.004038;16.79
Oiba;Santander;2014-09-01;6.25;-73.25;17.06;14.43;0.00956;20398452.0;-0.003891;16.79
Oiba;Santander;2014-10-01;6.25;-73.25;16.92;14.87;0.012163;18270720.0;-0.003494;16.63
Oiba;Santander;2014-11-01;6.25;-73.25;17.19;15.01;0.005904;17349632.0;-0.003215;16.51
Oiba;Santander;2014-12-01;6.25;-73.25;17.41;14.63;0.002991;19712000.0;-0.003389;16.58
Oiba;Santander;2015-01-01;6.25;-73.25;17.11;13.93;0.002462;20357120.0;-0.003231;16.52
Oiba;Santander;2015-02-01;6.25;-73.25;17.65;14.79;0.00351;19579904.0;-0.003377;16.97
Oiba;Santander;2015-03-01;6.25;-73.25;17.72;15.06;0.00532;19988012.0;-0.003416;17.23
Oiba;Santander;2015-04-01;6.25;-73.25;17.77;15.41;0.011171;19249664.0;-0.003808;17.34
Oiba;Santander;2015-05-01;6.25;-73.25;17.86;15.39;0.011353;19375104.0;-0.003863;17.44
Oiba;Santander;2015-06-01;6.25;-73.25;17.89;15.01;0.013662;19283968.0;-0.003927;17.47
Oiba;Santander;2015-07-01;6.25;-73.25;17.53;14.91;0.012835;18556416.0;-0.003816;17.0
Oiba;Santander;2015-08-01;6.25;-73.25;17.5;14.85;0.013721;19766784.0;-0.004011;17.1
Oiba;Santander;2015-09-01;6.25;-73.25;17.76;14.78;0.00839;20545646.0;-0.003994;17.31
Oiba;Santander;2015-10-01;6.25;-73.25;17.6;15.3;0.00967;18033664.0;-0.003446;17.17
Oiba;Santander;2015-11-01;6.25;-73.25;17.53;15.53;0.009462;17021952.0;-0.003283;16.88
Oiba;Santander;2015-12-01;6.25;-73.25;18.02;14.94;0.00548;19668992.0;-0.003648;17.26
Oiba;Santander;2016-01-01;6.25;-73.25;18.26;14.96;0.002996;19851264.0;-0.003148;17.57
Oiba;Santander;2016-02-01;6.25;-73.25;18.69;16.19;0.005461;20058112.0;-0.003551;18.17
Oiba;Santander;2016-03-01;6.25;-73.25;18.92;16.2;0.005161;21248582.0;-0.003692;18.37
Oiba;Santander;2016-04-01;6.25;-73.25;18.38;16.34;0.010221;18192896.0;-0.003559;18.14
Oiba;Santander;2016-05-01;6.25;-73.25;18.08;15.95;0.014647;17153024.0;-0.003558;17.6
Oiba;Santander;2016-06-01;6.25;-73.25;17.51;15.01;0.014851;19249152.0;-0.003906;17.1
Oiba;Santander;2016-07-01;6.25;-73.25;17.14;14.89;0.014227;18913280.0;-0.003822;16.83
Oiba;Santander;2016-08-01;6.25;-73.25;17.35;14.81;0.01111;20605952.0;-0.004044;17.2
Oiba;Santander;2016-09-01;6.25;-73.25;17.18;14.83;0.009932;20023660.0;-0.003885;16.81
Oiba;Santander;2016-10-01;6.25;-73.25;17.45;15.29;0.010473;17890816.0;-0.003443;17.08
Oiba;Santander;2016-11-01;6.25;-73.25;17.5;15.33;0.007294;17363968.0;-0.003261;16.93
Oiba;Santander;2016-12-01;6.25;-73.25;17.48;15.1;0.005777;17537024.0;-0.003238;16.62
Oiba;Santander;2017-01-01;6.25;-73.25;17.35;14.23;0.003756;19812352.0;-0.00346;16.31
Oiba;Santander;2017-02-01;6.25;-73.25;17.65;13.5;0.001509;22150656.0;-0.003204;16.66
Oiba;Santander;2017-03-01;6.25;-73.25;17.13;15.03;0.008883;18257568.0;-0.003315;16.89
Oiba;Santander;2017-04-01;6.25;-73.25;17.93;15.31;0.007559;20178432.0;-0.003791;17.35
Oiba;Santander;2017-05-01;6.25;-73.25;17.82;15.7;0.010639;18120704.0;-0.003652;17.43
Oiba;Santander;2017-06-01;6.25;-73.25;17.52;15.41;0.011314;17921024.0;-0.003617;17.14
Oiba;Santander;2017-07-01;6.25;-73.25;17.56;14.93;0.016064;19072000.0;-0.003913;17.16
Oiba;Santander;2017-08-01;6.25;-73.25;17.35;14.89;0.009111;20454400.0;-0.004022;17.06
Oiba;Santander;2017-09-01;6.25;-73.25;17.14;14.98;0.010101;19779406.0;-0.003913;17.12
Oiba;Santander;2017-10-01;6.25;-73.25;17.25;15.02;0.00737;18365440.0;-0.003468;16.92
Oiba;Santander;2017-11-01;6.25;-73.25;17.48;15.22;0.003969;18264064.0;-0.003304;16.9
Oiba;Santander;2017-12-01;6.25;-73.25;17.43;14.28;0.00178;19743744.0;-0.003285;16.54
Oiba;Santander;2018-01-01;6.25;-73.25;17.06;14.33;0.003474;19128320.0;-0.00338;16.4
Oiba;Santander;2018-02-01;6.25;-73.25;17.88;13.13;0.001376;20798976.0;-0.002741;16.96
Oiba;Santander;2018-03-01;6.25;-73.25;17.71;14.49;0.003906;21005356.0;-0.003176;17.47
Oiba;Santander;2018-04-01;6.25;-73.25;17.08;14.96;0.009327;18326528.0;-0.003474;16.84
Oiba;Santander;2018-05-01;6.25;-73.25;17.15;15.46;0.012894;16801792.0;-0.003403;16.86
Oiba;Santander;2018-06-01;6.25;-73.25;17.14;14.97;0.014973;18960896.0;-0.003873;16.94
Oiba;Santander;2018-07-01;6.25;-73.25;17.28;14.79;0.0112;19947008.0;-0.003938;16.9
Oiba;Santander;2018-08-01;6.25;-73.25;17.02;14.06;0.009161;21167104.0;-0.004112;16.77
Oiba;Santander;2018-09-01;6.25;-73.25;17.05;14.81;0.01091;19379160.0;-0.003809;16.92
Oiba;Santander;2018-10-01;6.25;-73.25;17.48;15.25;0.007827;17506304.0;-0.0034;16.91
Oiba;Santander;2018-11-01;6.25;-73.25;17.59;15.56;0.00493;17920000.0;-0.003295;16.96
Oiba;Santander;2018-12-01;6.25;-73.25;17.34;13.68;0.000769;20847616.0;-0.00316;16.37
Oiba;Santander;2019-01-01;6.25;-73.25;17.55;13.92;0.001395;20088832.0;-0.003015;16.8
Oiba;Santander;2019-02-01;6.25;-73.25;18.28;14.86;0.002304;20329472.0;-0.00297;17.84
Oiba;Santander;2019-03-01;6.25;-73.25;17.95;15.62;0.00592;19212616.0;-0.003292;17.65
Oiba;Santander;2019-04-01;6.25;-73.25;18.09;15.73;0.006842;18620416.0;-0.003637;17.63
Oiba;Santander;2019-05-01;6.25;-73.25;17.89;15.79;0.012066;17438720.0;-0.003542;17.46
Oiba;Santander;2019-06-01;6.25;-73.25;18.21;15.53;0.013779;19137024.0;-0.003935;17.58
Oiba;Santander;2019-07-01;6.25;-73.25;17.6;15.01;0.011032;20094464.0;-0.00399;17.23
Oiba;Santander;2019-08-01;6.25;-73.25;17.27;14.32;0.011841;21007360.0;-0.004109;17.14
Oiba;Santander;2019-09-01;6.25;-73.25;17.56;14.86;0.009701;20242196.0;-0.003747;17.36
Oiba;Santander;2019-10-01;6.25;-73.25;16.9;14.96;0.009256;18551296.0;-0.00359;16.68
Oiba;Santander;2019-11-01;6.25;-73.25;17.44;15.17;0.003437;18241536.0;-0.003371;16.88
Oiba;Santander;2019-12-01;6.25;-73.25;17.67;15.09;0.002989;18968576.0;-0.003234;16.96
Oiba;Santander;2020-01-01;6.25;-73.25;17.76;13.75;0.000765;20325376.0;-0.00307;16.79
Oiba;Santander;2020-02-01;6.25;-73.25;18.39;14.38;0.00271;20751360.0;-0.003014;17.68
Oiba;Santander;2020-03-01;6.25;-73.25;17.86;14.93;0.003569;21528532.0;-0.003591;17.44
Oiba;Santander;2020-04-01;6.25;-73.25;18.0;15.7;0.007317;19890688.0;-0.003682;17.69
Oiba;Santander;2020-05-01;6.25;-73.25;18.46;16.19;0.012297;18616832.0;-0.003764;17.97
Oiba;Santander;2020-06-01;6.25;-73.25;17.44;15.27;0.012085;18222592.0;-0.003659;17.02
Oiba;Santander;2020-07-01;6.25;-73.25;17.21;15.07;0.013451;18398720.0;-0.003719;16.72
Oiba;Santander;2020-08-01;6.25;-73.25;17.46;15.13;0.012123;19181056.0;-0.003789;17.08
Oiba;Santander;2020-09-01;6.25;-73.25;17.02;14.76;0.010874;19575140.0;-0.00377;16.87
Oiba;Santander;2020-10-01;6.25;-73.25;16.94;15.01;0.014147;18388992.0;-0.003627;16.72
Oiba;Santander;2020-11-01;6.25;-73.25;17.17;15.27;0.006102;16914432.0;-0.003128;16.65
Oiba;Santander;2020-12-01;6.25;-73.25;17.08;14.59;0.002287;19049472.0;-0.003256;16.29
Oiba;Santander;2021-01-01;6.25;-73.25;17.44;12.99;0.002092;21303296.0;-0.00326;16.24
Oiba;Santander;2021-02-01;6.25;-73.25;17.46;13.62;0.002458;20779520.0;-0.002924;17.18
Oiba;Santander;2021-03-01;6.25;-73.25;16.78;14.12;0.00649;19100968.0;-0.003396;16.59
Oiba;Santander;2021-04-01;6.25;-73.25;17.32;15.41;0.012121;18096640.0;-0.003569;17.01
Oiba;Santander;2021-05-01;6.25;-73.25;17.71;15.64;0.012041;17773568.0;-0.003502;17.1
Oiba;Santander;2021-06-01;6.25;-73.25;17.08;15.18;0.01273;18284544.0;-0.003613;16.74
Oiba;Santander;2021-07-01;6.25;-73.25;17.27;14.75;0.016413;19332608.0;-0.003919;16.81
Oiba;Santander;2021-08-01;6.25;-73.25;17.0;14.91;0.014259;19149312.0;-0.003858;16.79
Oiba;Santander;2021-09-01;6.25;-73.25;17.04;14.75;0.011265;19817590.0;-0.003861;16.67
Oiba;Santander;2021-10-01;6.25;-73.25;17.13;15.24;0.009621;18569216.0;-0.003501;16.89
Oiba;Santander;2021-11-01;6.25;-73.25;17.21;14.98;0.004181;18451456.0;-0.003303;16.57
Oiba;Santander;2021-12-01;6.25;-73.25;17.4;15.29;0.003168;18212864.0;-0.003208;16.86
Oiba;Santander;2022-01-01;6.25;-73.25;17.19;14.02;0.001162;19274752.0;-0.002935;16.45
Oiba;Santander;2022-02-01;6.25;-73.25;17.06;14.11;0.003443;18516992.0;-0.002834;16.52
Oiba;Santander;2022-03-01;6.25;-73.25;17.19;15.1;0.00752;19523396.0;-0.003507;16.87
Oiba;Santander;2022-04-01;6.25;-73.25;17.24;15.3;0.01045;17739776.0;-0.003479;17.05
Oiba;Santander;2022-05-01;6.25;-73.25;17.77;15.71;0.014923;17588736.0;-0.003538;17.16
Oiba;Santander;2022-06-01;6.25;-73.25;16.53;15.0;0.014515;16601600.0;-0.003361;16.25
Oiba;Santander;2022-07-01;6.25;-73.25;16.94;14.87;0.013861;18705408.0;-0.003752;16.58
Oiba;Santander;2022-08-01;6.25;-73.25;16.68;14.52;0.012928;18891776.0;-0.003758;16.46
Oiba;Santander;2022-09-01;6.25;-73.25;16.51;14.57;0.010509;19491850.0;-0.003833;16.64
Oiba;Santander;2022-10-01;6.25;-73.25;16.84;14.9;0.008474;17878016.0;-0.003415;16.57
Oiba;Santander;2022-11-01;6.25;-73.25;17.19;15.13;0.007149;16571392.0;-0.003156;16.71
Oiba;Santander;2022-12-01;6.25;-73.25;17.04;14.08;0.001621;19050496.0;-0.003122;16.18
Oiba;Santander;2023-01-01;6.25;-73.25;16.82;13.88;0.002832;19378176.0;-0.003238;15.9
Oiba;Santander;2023-02-01;6.25;-73.25;17.2;13.93;0.002894;20530688.0;-0.003169;16.54
Oiba;Santander;2023-03-01;6.25;-73.25;17.16;15.17;0.007411;17789924.0;-0.003313;16.89
Oiba;Santander;2023-04-01;6.25;-73.25;17.44;15.49;0.009285;18297344.0;-0.003476;17.04
Oiba;Santander;2023-05-01;6.25;-73.25;18.37;16.05;0.010777;18035712.0;-0.003549;17.63
Oiba;Santander;2023-06-01;6.25;-73.25;17.99;15.48;0.015635;18680320.0;-0.003806;17.4
Oiba;Santander;2023-07-01;6.25;-73.25;18.06;15.6;0.0142;19469312.0;-0.003965;17.62
Oiba;Santander;2023-08-01;6.25;-73.25;18.0;15.41;0.011782;20549632.0;-0.004042;17.54
Oiba;Santander;2023-09-01;6.25;-73.25;17.9;15.23;0.009207;21410380.0;-0.00414;17.54
Oiba;Santander;2023-10-01;6.25;-73.25;17.45;15.67;0.009798;17859584.0;-0.003519;17.37
Oiba;Santander;2023-11-01;6.25;-73.25;18.03;16.0;0.007769;17891328.0;-0.003378;17.41
Oiba;Santander;2023-12-01;6.25;-73.25;18.36;16.04;0.002913;19253248.0;-0.003315;17.61
Oiba;Santander;2024-01-01;6.25;-73.25;18.87;14.63;0.000399;22892544.0;-0.003272;17.54
Oiba;Santander;2024-02-01;6.25;-73.25;18.68;16.11;0.004385;20108288.0;-0.003474;18.03
Oiba;Santander;2024-03-01;6.25;-73.25;18.85;16.21;0.005163;21768594.0;-0.003642;18.35
Oiba;Santander;2024-04-01;6.25;-73.25;18.55;16.37;0.008587;18872320.0;-0.003572;18.15
Oiba;Santander;2024-05-01;6.25;-73.25;18.86;16.91;0.016964;16948224.0;-0.003525;18.17
Oiba;Santander;2024-06-01;6.25;-73.25;17.94;16.23;0.016129;16954368.0;-0.003496;17.42
Oiba;Santander;2024-07-01;6.25;-73.25;18.19;15.58;0.017738;19159040.0;-0.003827;17.55
Oiba;Santander;2024-08-01;6.25;-73.25;17.92;15.19;0.012056;20620800.0;-0.004047;17.4
Oiba;Santander;2024-09-01;6.25;-73.25;18.05;15.26;0.011314;19912674.0;-0.003853;17.73
Oiba;Santander;2024-10-01;6.25;-73.25;17.98;15.68;0.009647;18584064.0;-0.003565;17.42
Oiba;Santander;2024-11-01;6.25;-73.25;17.45;15.54;0.010375;15887360.0;-0.003134;17.01
Oiba;Santander;2024-12-01;6.25;-73.25;17.89;15.43;0.003674;18296832.0;-0.003156;16.93
Palmas_del_Socorro;Santander;2007-01-01;6.375;-73.25;17.99;15.52;0.004553;20307968.0;-0.003628;18.41
Palmas_del_Socorro;Santander;2007-02-01;6.375;-73.25;18.1;14.04;0.003139;22460672.0;-0.003393;18.29
Palmas_del_Socorro;Santander;2007-03-01;6.375;-73.25;17.76;15.3;0.009144;19255952.0;-0.003326;18.52
Palmas_del_Socorro;Santander;2007-04-01;6.375;-73.25;18.06;16.36;0.012778;18754816.0;-0.003598;18.48
Palmas_del_Socorro;Santander;2007-05-01;6.375;-73.25;17.62;16.14;0.016164;17267968.0;-0.003454;18.19
Palmas_del_Socorro;Santander;2007-06-01;6.375;-73.25;17.45;15.39;0.015196;18676480.0;-0.003611;18.0
Palmas_del_Socorro;Santander;2007-07-01;6.375;-73.25;17.34;14.89;0.013715;19892480.0;-0.003701;18.01
Palmas_del_Socorro;Santander;2007-08-01;6.375;-73.25;17.1;15.01;0.017036;18787584.0;-0.003598;17.74
Palmas_del_Socorro;Santander;2007-09-01;6.375;-73.25;17.3;15.02;0.014634;20035450.0;-0.003732;18.04
Palmas_del_Socorro;Santander;2007-10-01;6.375;-73.25;17.02;15.28;0.011578;18087168.0;-0.003366;17.81
Palmas_del_Socorro;Santander;2007-11-01;6.375;-73.25;17.49;15.45;0.008444;18165760.0;-0.003296;17.86
Palmas_del_Socorro;Santander;2007-12-01;6.375;-73.25;16.77;14.69;0.005196;17411072.0;-0.00303;17.1
Palmas_del_Socorro;Santander;2008-01-01;6.375;-73.25;17.2;14.72;0.003968;19005952.0;-0.003255;17.52
Palmas_del_Socorro;Santander;2008-02-01;6.375;-73.25;17.23;14.8;0.006322;19983360.0;-0.003382;17.6
Palmas_del_Socorro;Santander;2008-03-01;6.375;-73.25;17.35;14.71;0.006474;20736152.0;-0.00336;17.98
Palmas_del_Socorro;Santander;2008-04-01;6.375;-73.25;17.34;15.32;0.011596;18960896.0;-0.003542;17.9
Palmas_del_Socorro;Santander;2008-05-01;6.375;-73.25;17.54;15.49;0.012969;17288192.0;-0.003338;17.82
Palmas_del_Socorro;Santander;2008-06-01;6.375;-73.25;17.31;15.4;0.01513;18298112.0;-0.003588;17.66
Palmas_del_Socorro;Santander;2008-07-01;6.375;-73.25;17.2;14.9;0.017397;18448384.0;-0.003583;17.62
Palmas_del_Socorro;Santander;2008-08-01;6.375;-73.25;17.17;14.85;0.012298;18983424.0;-0.003497;17.79
Palmas_del_Socorro;Santander;2008-09-01;6.375;-73.25;17.47;14.97;0.011682;19892680.0;-0.003626;18.08
Palmas_del_Socorro;Santander;2008-10-01;6.375;-73.25;17.49;15.08;0.010182;19028992.0;-0.003382;17.95
Palmas_del_Socorro;Santander;2008-11-01;6.375;-73.25;17.27;15.58;0.0143;15100928.0;-0.002881;17.56
Palmas_del_Socorro;Santander;2008-12-01;6.375;-73.25;17.23;14.77;0.003402;17178624.0;-0.003016;17.33
Palmas_del_Socorro;Santander;2009-01-01;6.375;-73.25;17.24;14.98;0.005782;18446336.0;-0.003164;17.57
Palmas_del_Socorro;Santander;2009-02-01;6.375;-73.25;17.27;14.96;0.007433;19770368.0;-0.003414;17.92
Palmas_del_Socorro;Santander;2009-03-01;6.375;-73.25;17.31;15.26;0.00888;19397680.0;-0.003534;18.02
Palmas_del_Socorro;Santander;2009-04-01;6.375;-73.25;18.01;15.9;0.013609;19793664.0;-0.003585;18.58
Palmas_del_Socorro;Santander;2009-05-01;6.375;-73.25;17.94;15.66;0.011722;18769408.0;-0.003626;18.29
Palmas_del_Socorro;Santander;2009-06-01;6.375;-73.25;17.69;15.52;0.01845;18333440.0;-0.003561;18.18
Palmas_del_Socorro;Santander;2009-07-01;6.375;-73.25;17.68;15.02;0.013808;19799808.0;-0.003704;18.3
Palmas_del_Socorro;Santander;2009-08-01;6.375;-73.25;17.83;15.33;0.016506;19574784.0;-0.003698;18.4
Palmas_del_Socorro;Santander;2009-09-01;6.375;-73.25;18.25;15.12;0.008872;21647308.0;-0.003903;18.76
Palmas_del_Socorro;Santander;2009-10-01;6.375;-73.25;17.87;15.38;0.00987;18763520.0;-0.003392;18.3
Palmas_del_Socorro;Santander;2009-11-01;6.375;-73.25;18.3;15.84;0.006735;18569728.0;-0.003274;18.45
Palmas_del_Socorro;Santander;2009-12-01;6.375;-73.25;17.98;15.3;0.0042;19056128.0;-0.003137;18.26
Palmas_del_Socorro;Santander;2010-01-01;6.375;-73.25;18.52;14.79;0.001882;21743104.0;-0.003202;18.75
Palmas_del_Socorro;Santander;2010-02-01;6.375;-73.25;19.46;15.94;0.004063;20911616.0;-0.003025;19.81
Palmas_del_Socorro;Santander;2010-03-01;6.375;-73.25;19.23;16.39;0.008167;21038576.0;-0.003593;19.66
Palmas_del_Socorro;Santander;2010-04-01;6.375;-73.25;19.08;16.76;0.01212;18161408.0;-0.003492;19.23
Palmas_del_Socorro;Santander;2010-05-01;6.375;-73.25;18.7;16.71;0.016634;17291520.0;-0.003446;18.93
Palmas_del_Socorro;Santander;2010-06-01;6.375;-73.25;18.02;16.1;0.017401;18266624.0;-0.00369;18.32
Palmas_del_Socorro;Santander;2010-07-01;6.375;-73.25;17.37;15.74;0.014988;16697600.0;-0.003353;17.79
Palmas_del_Socorro;Santander;2010-08-01;6.375;-73.25;17.5;15.41;0.017773;18680832.0;-0.003639;18.1
Palmas_del_Socorro;Santander;2010-09-01;6.375;-73.25;17.48;15.34;0.011463;18207352.0;-0.003497;17.92
Palmas_del_Socorro;Santander;2010-10-01;6.375;-73.25;17.74;15.5;0.014083;17828864.0;-0.003418;17.98
Palmas_del_Socorro;Santander;2010-11-01;6.375;-73.25;17.46;15.68;0.01146;14612992.0;-0.002874;17.36
Palmas_del_Socorro;Santander;2010-12-01;6.375;-73.25;17.42;15.42;0.009236;15860224.0;-0.003038;17.24
Palmas_del_Socorro;Santander;2011-01-01;6.375;-73.25;17.76;14.76;0.003865;19398144.0;-0.003215;17.72
Palmas_del_Socorro;Santander;2011-02-01;6.375;-73.25;17.65;14.94;0.0059;19460096.0;-0.003229;17.8
Palmas_del_Socorro;Santander;2011-03-01;6.375;-73.25;17.26;14.99;0.009799;18336608.0;-0.003435;17.46
Palmas_del_Socorro;Santander;2011-04-01;6.375;-73.25;17.86;15.61;0.012792;16933888.0;-0.003268;17.92
Palmas_del_Socorro;Santander;2011-05-01;6.375;-73.25;18.14;16.06;0.016274;16841216.0;-0.003464;18.06
Palmas_del_Socorro;Santander;2011-06-01;6.375;-73.25;18.06;15.57;0.014076;18363904.0;-0.003622;18.17
Palmas_del_Socorro;Santander;2011-07-01;6.375;-73.25;17.48;14.98;0.01601;18751744.0;-0.00364;17.95
Palmas_del_Socorro;Santander;2011-08-01;6.375;-73.25;17.8;15.0;0.013354;20430592.0;-0.003835;18.2
Palmas_del_Socorro;Santander;2011-09-01;6.375;-73.25;17.85;14.99;0.01219;20114664.0;-0.003686;18.25
Palmas_del_Socorro;Santander;2011-10-01;6.375;-73.25;17.35;15.36;0.012245;15630080.0;-0.003062;17.46
Palmas_del_Socorro;Santander;2011-11-01;6.375;-73.25;17.46;15.7;0.011588;15114752.0;-0.002938;17.44
Palmas_del_Socorro;Santander;2011-12-01;6.375;-73.25;17.79;15.79;0.008555;16448511.0;-0.003134;17.56
Palmas_del_Socorro;Santander;2012-01-01;6.375;-73.25;17.43;15.24;0.004692;18770944.0;-0.003401;17.58
Palmas_del_Socorro;Santander;2012-02-01;6.375;-73.25;17.6;14.63;0.00491;20622592.0;-0.003393;17.74
Palmas_del_Socorro;Santander;2012-03-01;6.375;-73.25;17.71;15.27;0.010812;19223280.0;-0.003549;18.11
Palmas_del_Socorro;Santander;2012-04-01;6.375;-73.25;17.67;15.65;0.013108;17025024.0;-0.003357;17.81
Palmas_del_Socorro;Santander;2012-05-01;6.375;-73.25;17.92;15.63;0.015467;18353152.0;-0.003622;18.11
Palmas_del_Socorro;Santander;2012-06-01;6.375;-73.25;17.77;14.89;0.01221;20014592.0;-0.003721;18.11
Palmas_del_Socorro;Santander;2012-07-01;6.375;-73.25;17.55;14.92;0.015651;18919680.0;-0.003645;18.13
Palmas_del_Socorro;Santander;2012-08-01;6.375;-73.25;17.57;15.08;0.017712;19531264.0;-0.003749;18.2
Palmas_del_Socorro;Santander;2012-09-01;6.375;-73.25;17.45;14.74;0.014631;20568882.0;-0.003862;18.26
Palmas_del_Socorro;Santander;2012-10-01;6.375;-73.25;17.95;15.42;0.011864;17709056.0;-0.00338;18.08
Palmas_del_Socorro;Santander;2012-11-01;6.375;-73.25;18.14;15.74;0.006826;18112512.0;-0.003265;18.18
Palmas_del_Socorro;Santander;2012-12-01;6.375;-73.25;17.98;15.26;0.005151;18605056.0;-0.003194;18.02
Palmas_del_Socorro;Santander;2013-01-01;6.375;-73.25;18.62;14.81;0.001658;20821504.0;-0.003097;18.63
Palmas_del_Socorro;Santander;2013-02-01;6.375;-73.25;18.04;15.84;0.008518;19323136.0;-0.003451;18.44
Palmas_del_Socorro;Santander;2013-03-01;6.375;-73.25;18.72;16.16;0.00923;20176760.0;-0.00356;19.1
Palmas_del_Socorro;Santander;2013-04-01;6.375;-73.25;18.86;16.2;0.009197;19991552.0;-0.003588;19.2
Palmas_del_Socorro;Santander;2013-05-01;6.375;-73.25;18.32;16.1;0.01492;16564224.0;-0.003276;18.34
Palmas_del_Socorro;Santander;2013-06-01;6.375;-73.25;18.1;15.37;0.014606;18587136.0;-0.003528;18.31
Palmas_del_Socorro;Santander;2013-07-01;6.375;-73.25;17.87;14.88;0.01384;19956736.0;-0.00369;18.2
Palmas_del_Socorro;Santander;2013-08-01;6.375;-73.25;17.81;15.26;0.017301;19235584.0;-0.003664;18.16
Palmas_del_Socorro;Santander;2013-09-01;6.375;-73.25;17.94;15.26;0.012712;19536244.0;-0.003577;18.34
Palmas_del_Socorro;Santander;2013-10-01;6.375;-73.25;17.76;15.15;0.009429;18610176.0;-0.003361;18.04
Palmas_del_Socorro;Santander;2013-11-01;6.375;-73.25;17.66;15.42;0.006848;17419776.0;-0.003178;17.7
Palmas_del_Socorro;Santander;2013-12-01;6.375;-73.25;17.72;15.28;0.005574;18803712.0;-0.003367;17.81
Palmas_del_Socorro;Santander;2014-01-01;6.375;-73.25;18.01;15.14;0.003492;19530240.0;-0.003179;18.18
Palmas_del_Socorro;Santander;2014-02-01;6.375;-73.25;18.13;15.38;0.006436;19715840.0;-0.003159;18.52
Palmas_del_Socorro;Santander;2014-03-01;6.375;-73.25;18.26;15.82;0.007114;20232176.0;-0.003492;18.46
Palmas_del_Socorro;Santander;2014-04-01;6.375;-73.25;18.83;16.1;0.013224;20131840.0;-0.00369;19.08
Palmas_del_Socorro;Santander;2014-05-01;6.375;-73.25;18.46;16.21;0.011837;18175744.0;-0.003456;18.52
Palmas_del_Socorro;Santander;2014-06-01;6.375;-73.25;18.46;15.88;0.015909;18871296.0;-0.003655;18.8
Palmas_del_Socorro;Santander;2014-07-01;6.375;-73.25;18.36;15.27;0.014077;20518400.0;-0.003853;18.76
Palmas_del_Socorro;Santander;2014-08-01;6.375;-73.25;17.69;14.96;0.015892;20243200.0;-0.003828;18.31
Palmas_del_Socorro;Santander;2014-09-01;6.375;-73.25;17.8;14.98;0.011305;20305780.0;-0.00369;18.32
Palmas_del_Socorro;Santander;2014-10-01;6.375;-73.25;17.64;15.6;0.014444;18392832.0;-0.003502;18.06
Palmas_del_Socorro;Santander;2014-11-01;6.375;-73.25;17.81;15.7;0.007642;17297408.0;-0.003238;17.83
Palmas_del_Socorro;Santander;2014-12-01;6.375;-73.25;18.08;15.18;0.004288;19670016.0;-0.00331;18.06
Palmas_del_Socorro;Santander;2015-01-01;6.375;-73.25;17.88;14.56;0.00366;20550656.0;-0.003229;18.16
Palmas_del_Socorro;Santander;2015-02-01;6.375;-73.25;18.28;15.36;0.005632;19792384.0;-0.00339;18.44
Palmas_del_Socorro;Santander;2015-03-01;6.375;-73.25;18.38;15.78;0.008946;20200752.0;-0.003472;18.73
Palmas_del_Socorro;Santander;2015-04-01;6.375;-73.25;18.38;16.06;0.012558;19476224.0;-0.00381;18.7
Palmas_del_Socorro;Santander;2015-05-01;6.375;-73.25;18.6;16.0;0.012844;19512320.0;-0.00377;18.92
Palmas_del_Socorro;Santander;2015-06-01;6.375;-73.25;18.56;15.61;0.014992;19216384.0;-0.003738;18.94
Palmas_del_Socorro;Santander;2015-07-01;6.375;-73.25;18.23;15.47;0.01457;18593024.0;-0.003646;18.51
Palmas_del_Socorro;Santander;2015-08-01;6.375;-73.25;18.24;15.48;0.0155;19700992.0;-0.003817;18.66
Palmas_del_Socorro;Santander;2015-09-01;6.375;-73.25;18.52;15.42;0.010234;20485998.0;-0.003827;18.9
Palmas_del_Socorro;Santander;2015-10-01;6.375;-73.25;18.3;15.91;0.0113;18128128.0;-0.003392;18.62
Palmas_del_Socorro;Santander;2015-11-01;6.375;-73.25;18.13;16.18;0.010874;16896512.0;-0.003282;18.16
Palmas_del_Socorro;Santander;2015-12-01;6.375;-73.25;18.77;15.61;0.006826;19672576.0;-0.003561;18.79
Palmas_del_Socorro;Santander;2016-01-01;6.375;-73.25;18.82;15.6;0.004782;19889664.0;-0.003232;18.98
Palmas_del_Socorro;Santander;2016-02-01;6.375;-73.25;19.3;16.81;0.009004;20456448.0;-0.003638;19.59
Palmas_del_Socorro;Santander;2016-03-01;6.375;-73.25;19.58;16.84;0.010098;21641280.0;-0.003758;19.9
Palmas_del_Socorro;Santander;2016-04-01;6.375;-73.25;19.05;16.98;0.01193;18540288.0;-0.003528;19.56
Palmas_del_Socorro;Santander;2016-05-01;6.375;-73.25;18.78;16.6;0.015882;17315072.0;-0.003494;18.99
Palmas_del_Socorro;Santander;2016-06-01;6.375;-73.25;18.19;15.54;0.01634;19218688.0;-0.003724;18.57
Palmas_del_Socorro;Santander;2016-07-01;6.375;-73.25;17.88;15.42;0.015438;18800384.0;-0.003575;18.35
Palmas_del_Socorro;Santander;2016-08-01;6.375;-73.25;18.06;15.34;0.01291;20554752.0;-0.003828;18.76
Palmas_del_Socorro;Santander;2016-09-01;6.375;-73.25;17.92;15.32;0.012002;19995500.0;-0.003672;18.37
Palmas_del_Socorro;Santander;2016-10-01;6.375;-73.25;18.1;15.84;0.011646;18057216.0;-0.003407;18.46
Palmas_del_Socorro;Santander;2016-11-01;6.375;-73.25;18.06;15.92;0.009181;17381376.0;-0.003268;18.22
Palmas_del_Socorro;Santander;2016-12-01;6.375;-73.25;18.08;15.65;0.006452;17623040.0;-0.00327;17.94
Palmas_del_Socorro;Santander;2017-01-01;6.375;-73.25;17.9;14.85;0.00496;19729920.0;-0.003458;17.71
Palmas_del_Socorro;Santander;2017-02-01;6.375;-73.25;18.31;14.16;0.003942;22302208.0;-0.003276;18.32
Palmas_del_Socorro;Santander;2017-03-01;6.375;-73.25;17.74;15.75;0.012596;18593440.0;-0.003436;18.26
Palmas_del_Socorro;Santander;2017-04-01;6.375;-73.25;18.47;15.91;0.008667;20553472.0;-0.003886;18.69
Palmas_del_Socorro;Santander;2017-05-01;6.375;-73.25;18.45;16.22;0.012124;18366720.0;-0.003578;18.77
Palmas_del_Socorro;Santander;2017-06-01;6.375;-73.25;18.12;15.91;0.013222;18031616.0;-0.003531;18.48
Palmas_del_Socorro;Santander;2017-07-01;6.375;-73.25;18.2;15.43;0.017944;19081216.0;-0.003686;18.65
Palmas_del_Socorro;Santander;2017-08-01;6.375;-73.25;18.05;15.34;0.011098;20499456.0;-0.0038;18.63
Palmas_del_Socorro;Santander;2017-09-01;6.375;-73.25;17.9;15.52;0.012033;19947344.0;-0.003724;18.7
Palmas_del_Socorro;Santander;2017-10-01;6.375;-73.25;17.9;15.58;0.009096;18488064.0;-0.003435;18.34
Palmas_del_Socorro;Santander;2017-11-01;6.375;-73.25;18.14;15.78;0.005931;18445824.0;-0.003232;18.38
Palmas_del_Socorro;Santander;2017-12-01;6.375;-73.25;18.05;14.88;0.004496;19809280.0;-0.00326;18.06
Palmas_del_Socorro;Santander;2018-01-01;6.375;-73.25;17.7;14.9;0.005422;19292160.0;-0.0033;17.9
Palmas_del_Socorro;Santander;2018-02-01;6.375;-73.25;18.35;13.93;0.002746;20753152.0;-0.002961;18.38
Palmas_del_Socorro;Santander;2018-03-01;6.375;-73.25;18.29;15.24;0.007492;21323312.0;-0.00336;18.9
Palmas_del_Socorro;Santander;2018-04-01;6.375;-73.25;17.64;15.68;0.012698;18620928.0;-0.003568;18.18
Palmas_del_Socorro;Santander;2018-05-01;6.375;-73.25;17.74;16.0;0.013445;17056256.0;-0.003399;18.12
Palmas_del_Socorro;Santander;2018-06-01;6.375;-73.25;17.77;15.46;0.01657;18950400.0;-0.003703;18.37
Palmas_del_Socorro;Santander;2018-07-01;6.375;-73.25;18.02;15.26;0.012737;19930880.0;-0.003723;18.48
Palmas_del_Socorro;Santander;2018-08-01;6.375;-73.25;17.74;14.65;0.010892;21215232.0;-0.003927;18.38
Palmas_del_Socorro;Santander;2018-09-01;6.375;-73.25;17.76;15.32;0.012734;19632856.0;-0.003669;18.46
Palmas_del_Socorro;Santander;2018-10-01;6.375;-73.25;18.04;15.9;0.010084;17654784.0;-0.003436;18.2
Palmas_del_Socorro;Santander;2018-11-01;6.375;-73.25;18.2;16.2;0.006813;17923584.0;-0.003278;18.34
Palmas_del_Socorro;Santander;2018-12-01;6.375;-73.25;17.99;14.32;0.002098;21010432.0;-0.003165;17.99
Palmas_del_Socorro;Santander;2019-01-01;6.375;-73.25;18.16;14.57;0.003134;20300288.0;-0.003064;18.34
Palmas_del_Socorro;Santander;2019-02-01;6.375;-73.25;18.87;15.36;0.004726;20729088.0;-0.003052;19.36
Palmas_del_Socorro;Santander;2019-03-01;6.375;-73.25;18.58;16.26;0.010129;19639888.0;-0.003338;19.14
Palmas_del_Socorro;Santander;2019-04-01;6.375;-73.25;18.7;16.32;0.009489;19025152.0;-0.003617;19.04
Palmas_del_Socorro;Santander;2019-05-01;6.375;-73.25;18.54;16.31;0.012855;17788928.0;-0.003508;18.83
Palmas_del_Socorro;Santander;2019-06-01;6.375;-73.25;18.89;16.07;0.015091;19205376.0;-0.00376;19.03
Palmas_del_Socorro;Santander;2019-07-01;6.375;-73.25;18.28;15.48;0.01275;20139008.0;-0.003808;18.76
Palmas_del_Socorro;Santander;2019-08-01;6.375;-73.25;17.97;14.98;0.013188;21098496.0;-0.003976;18.73
Palmas_del_Socorro;Santander;2019-09-01;6.375;-73.25;18.2;15.46;0.011307;20488984.0;-0.003745;18.84
Palmas_del_Socorro;Santander;2019-10-01;6.375;-73.25;17.56;15.52;0.010646;18781696.0;-0.003535;18.13
Palmas_del_Socorro;Santander;2019-11-01;6.375;-73.25;18.04;15.74;0.00539;18217472.0;-0.003312;18.3
Palmas_del_Socorro;Santander;2019-12-01;6.375;-73.25;18.3;15.68;0.004956;18944512.0;-0.003186;18.48
Palmas_del_Socorro;Santander;2020-01-01;6.375;-73.25;18.38;14.46;0.002061;20332032.0;-0.003108;18.36
Palmas_del_Socorro;Santander;2020-02-01;6.375;-73.25;18.93;15.08;0.005092;20934656.0;-0.003158;19.14
Palmas_del_Socorro;Santander;2020-03-01;6.375;-73.25;18.4;15.68;0.00696;21934544.0;-0.003874;18.84
Palmas_del_Socorro;Santander;2020-04-01;6.375;-73.25;18.56;16.39;0.010036;20159488.0;-0.003792;19.04
Palmas_del_Socorro;Santander;2020-05-01;6.375;-73.25;19.14;16.68;0.013874;18788352.0;-0.003604;19.44
Palmas_del_Socorro;Santander;2020-06-01;6.375;-73.25;18.12;15.73;0.013546;18355456.0;-0.003516;18.45
Palmas_del_Socorro;Santander;2020-07-01;6.375;-73.25;17.87;15.44;0.014732;18468352.0;-0.003506;18.18
Palmas_del_Socorro;Santander;2020-08-01;6.375;-73.25;18.1;15.56;0.013864;19211520.0;-0.003586;18.54
Palmas_del_Socorro;Santander;2020-09-01;6.375;-73.25;17.63;15.36;0.014152;19608418.0;-0.003708;18.26
Palmas_del_Socorro;Santander;2020-10-01;6.375;-73.25;17.55;15.58;0.015865;18400768.0;-0.003548;18.08
Palmas_del_Socorro;Santander;2020-11-01;6.375;-73.25;17.72;15.86;0.008106;17103360.0;-0.003172;17.88
Palmas_del_Socorro;Santander;2020-12-01;6.375;-73.25;17.7;15.12;0.003738;19220992.0;-0.003218;17.8
Palmas_del_Socorro;Santander;2021-01-01;6.375;-73.25;18.02;13.54;0.0028;21488128.0;-0.003264;17.78
Palmas_del_Socorro;Santander;2021-02-01;6.375;-73.25;18.02;14.37;0.006127;20961280.0;-0.003113;18.66
Palmas_del_Socorro;Santander;2021-03-01;6.375;-73.25;17.37;14.8;0.009692;19490608.0;-0.003483;18.02
Palmas_del_Socorro;Santander;2021-04-01;6.375;-73.25;18.0;16.04;0.014542;18366720.0;-0.0035;18.44
Palmas_del_Socorro;Santander;2021-05-01;6.375;-73.25;18.27;16.24;0.013485;17924352.0;-0.00353;18.37
Palmas_del_Socorro;Santander;2021-06-01;6.375;-73.25;17.7;15.74;0.013527;18468864.0;-0.003568;18.07
Palmas_del_Socorro;Santander;2021-07-01;6.375;-73.25;17.94;15.24;0.017274;19340032.0;-0.003705;18.29
Palmas_del_Socorro;Santander;2021-08-01;6.375;-73.25;17.66;15.38;0.015446;19241472.0;-0.003664;18.24
Palmas_del_Socorro;Santander;2021-09-01;6.375;-73.25;17.78;15.23;0.012662;20055416.0;-0.003681;18.26
Palmas_del_Socorro;Santander;2021-10-01;6.375;-73.25;17.81;15.76;0.011212;18765568.0;-0.003431;18.34
Palmas_del_Socorro;Santander;2021-11-01;6.375;-73.25;17.84;15.5;0.00538;18568192.0;-0.003266;17.99
Palmas_del_Socorro;Santander;2021-12-01;6.375;-73.25;18.03;15.84;0.004545;18260480.0;-0.00315;18.28
Palmas_del_Socorro;Santander;2022-01-01;6.375;-73.25;17.76;14.64;0.002508;19081728.0;-0.002906;17.92
Palmas_del_Socorro;Santander;2022-02-01;6.375;-73.25;17.6;14.77;0.005484;18855424.0;-0.002967;17.95
Palmas_del_Socorro;Santander;2022-03-01;6.375;-73.25;17.78;15.85;0.010166;19889728.0;-0.003643;18.25
Palmas_del_Socorro;Santander;2022-04-01;6.375;-73.25;17.85;15.9;0.012311;18002432.0;-0.003455;18.39
Palmas_del_Socorro;Santander;2022-05-01;6.375;-73.25;18.34;16.31;0.015322;17726464.0;-0.003552;18.4
Palmas_del_Socorro;Santander;2022-06-01;6.375;-73.25;17.12;15.5;0.014468;16797184.0;-0.003322;17.51
Palmas_del_Socorro;Santander;2022-07-01;6.375;-73.25;17.58;15.33;0.014479;18670336.0;-0.00357;17.96
Palmas_del_Socorro;Santander;2022-08-01;6.375;-73.25;17.36;14.99;0.01362;18954496.0;-0.003604;17.9
Palmas_del_Socorro;Santander;2022-09-01;6.375;-73.25;17.23;15.07;0.012128;19766800.0;-0.003689;18.13
Palmas_del_Socorro;Santander;2022-10-01;6.375;-73.25;17.51;15.4;0.00981;18053120.0;-0.00334;17.95
Palmas_del_Socorro;Santander;2022-11-01;6.375;-73.25;17.76;15.66;0.008512;16703488.0;-0.003134;18.0
Palmas_del_Socorro;Santander;2022-12-01;6.375;-73.25;17.62;14.55;0.002714;19231232.0;-0.003065;17.64
Palmas_del_Socorro;Santander;2023-01-01;6.375;-73.25;17.42;14.45;0.003779;19522560.0;-0.003203;17.39
Palmas_del_Socorro;Santander;2023-02-01;6.375;-73.25;17.8;14.51;0.004987;20774656.0;-0.003285;18.02
Palmas_del_Socorro;Santander;2023-03-01;6.375;-73.25;17.69;15.82;0.009796;18001632.0;-0.003368;18.16
Palmas_del_Socorro;Santander;2023-04-01;6.375;-73.25;18.03;16.19;0.01141;18615808.0;-0.003547;18.37
Palmas_del_Socorro;Santander;2023-05-01;6.375;-73.25;18.94;16.62;0.012259;18220288.0;-0.003554;18.91
Palmas_del_Socorro;Santander;2023-06-01;6.375;-73.25;18.55;16.04;0.01636;18674688.0;-0.003706;18.68
Palmas_del_Socorro;Santander;2023-07-01;6.375;-73.25;18.72;16.07;0.015717;19562240.0;-0.003765;19.1
Palmas_del_Socorro;Santander;2023-08-01;6.375;-73.25;18.66;15.92;0.014381;20556032.0;-0.00387;19.06
Palmas_del_Socorro;Santander;2023-09-01;6.375;-73.25;18.64;15.82;0.012058;21453644.0;-0.003935;19.18
Palmas_del_Socorro;Santander;2023-10-01;6.375;-73.25;18.19;16.24;0.011734;18186752.0;-0.003425;18.88
Palmas_del_Socorro;Santander;2023-11-01;6.375;-73.25;18.6;16.56;0.009066;17958912.0;-0.003406;18.7
Palmas_del_Socorro;Santander;2023-12-01;6.375;-73.25;18.94;16.56;0.003981;19369984.0;-0.003328;19.0
Palmas_del_Socorro;Santander;2024-01-01;6.375;-73.25;19.45;15.2;0.000856;23088640.0;-0.003324;19.11
Palmas_del_Socorro;Santander;2024-02-01;6.375;-73.25;19.23;16.56;0.00591;20264192.0;-0.003497;19.44
Palmas_del_Socorro;Santander;2024-03-01;6.375;-73.25;19.43;16.84;0.011775;22018448.0;-0.003744;19.86
Palmas_del_Socorro;Santander;2024-04-01;6.375;-73.25;19.05;16.92;0.010751;19265280.0;-0.003719;19.42
Palmas_del_Socorro;Santander;2024-05-01;6.375;-73.25;19.42;17.55;0.018294;17065984.0;-0.003569;19.36
Palmas_del_Socorro;Santander;2024-06-01;6.375;-73.25;18.48;16.8;0.01673;16979200.0;-0.003511;18.61
Palmas_del_Socorro;Santander;2024-07-01;6.375;-73.25;18.63;16.23;0.018488;19083008.0;-0.003829;18.77
Palmas_del_Socorro;Santander;2024-08-01;6.375;-73.25;18.56;15.71;0.013588;20701696.0;-0.003869;18.93
Palmas_del_Socorro;Santander;2024-09-01;6.375;-73.25;18.65;15.76;0.013126;19930082.0;-0.003717;19.21
Palmas_del_Socorro;Santander;2024-10-01;6.375;-73.25;18.56;16.18;0.012077;18691072.0;-0.003496;18.78
Palmas_del_Socorro;Santander;2024-11-01;6.375;-73.25;17.95;16.12;0.011683;15952384.0;-0.003177;18.16
Palmas_del_Socorro;Santander;2024-12-01;6.375;-73.25;18.43;16.02;0.004724;18334720.0;-0.003209;18.26
Paramo;Santander;2007-01-01;6.375;-73.25;17.99;15.52;0.004553;20307968.0;-0.003628;18.41
Paramo;Santander;2007-02-01;6.375;-73.25;18.1;14.04;0.003139;22460672.0;-0.003393;18.29
Paramo;Santander;2007-03-01;6.375;-73.25;17.76;15.3;0.009144;19255952.0;-0.003326;18.52
Paramo;Santander;2007-04-01;6.375;-73.25;18.06;16.36;0.012778;18754816.0;-0.003598;18.48
Paramo;Santander;2007-05-01;6.375;-73.25;17.62;16.14;0.016164;17267968.0;-0.003454;18.19
Paramo;Santander;2007-06-01;6.375;-73.25;17.45;15.39;0.015196;18676480.0;-0.003611;18.0
Paramo;Santander;2007-07-01;6.375;-73.25;17.34;14.89;0.013715;19892480.0;-0.003701;18.01
Paramo;Santander;2007-08-01;6.375;-73.25;17.1;15.01;0.017036;18787584.0;-0.003598;17.74
Paramo;Santander;2007-09-01;6.375;-73.25;17.3;15.02;0.014634;20035450.0;-0.003732;18.04
Paramo;Santander;2007-10-01;6.375;-73.25;17.02;15.28;0.011578;18087168.0;-0.003366;17.81
Paramo;Santander;2007-11-01;6.375;-73.25;17.49;15.45;0.008444;18165760.0;-0.003296;17.86
Paramo;Santander;2007-12-01;6.375;-73.25;16.77;14.69;0.005196;17411072.0;-0.00303;17.1
Paramo;Santander;2008-01-01;6.375;-73.25;17.2;14.72;0.003968;19005952.0;-0.003255;17.52
Paramo;Santander;2008-02-01;6.375;-73.25;17.23;14.8;0.006322;19983360.0;-0.003382;17.6
Paramo;Santander;2008-03-01;6.375;-73.25;17.35;14.71;0.006474;20736152.0;-0.00336;17.98
Paramo;Santander;2008-04-01;6.375;-73.25;17.34;15.32;0.011596;18960896.0;-0.003542;17.9
Paramo;Santander;2008-05-01;6.375;-73.25;17.54;15.49;0.012969;17288192.0;-0.003338;17.82
Paramo;Santander;2008-06-01;6.375;-73.25;17.31;15.4;0.01513;18298112.0;-0.003588;17.66
Paramo;Santander;2008-07-01;6.375;-73.25;17.2;14.9;0.017397;18448384.0;-0.003583;17.62
Paramo;Santander;2008-08-01;6.375;-73.25;17.17;14.85;0.012298;18983424.0;-0.003497;17.79
Paramo;Santander;2008-09-01;6.375;-73.25;17.47;14.97;0.011682;19892680.0;-0.003626;18.08
Paramo;Santander;2008-10-01;6.375;-73.25;17.49;15.08;0.010182;19028992.0;-0.003382;17.95
Paramo;Santander;2008-11-01;6.375;-73.25;17.27;15.58;0.0143;15100928.0;-0.002881;17.56
Paramo;Santander;2008-12-01;6.375;-73.25;17.23;14.77;0.003402;17178624.0;-0.003016;17.33
Paramo;Santander;2009-01-01;6.375;-73.25;17.24;14.98;0.005782;18446336.0;-0.003164;17.57
Paramo;Santander;2009-02-01;6.375;-73.25;17.27;14.96;0.007433;19770368.0;-0.003414;17.92
Paramo;Santander;2009-03-01;6.375;-73.25;17.31;15.26;0.00888;19397680.0;-0.003534;18.02
Paramo;Santander;2009-04-01;6.375;-73.25;18.01;15.9;0.013609;19793664.0;-0.003585;18.58
Paramo;Santander;2009-05-01;6.375;-73.25;17.94;15.66;0.011722;18769408.0;-0.003626;18.29
Paramo;Santander;2009-06-01;6.375;-73.25;17.69;15.52;0.01845;18333440.0;-0.003561;18.18
Paramo;Santander;2009-07-01;6.375;-73.25;17.68;15.02;0.013808;19799808.0;-0.003704;18.3
Paramo;Santander;2009-08-01;6.375;-73.25;17.83;15.33;0.016506;19574784.0;-0.003698;18.4
Paramo;Santander;2009-09-01;6.375;-73.25;18.25;15.12;0.008872;21647308.0;-0.003903;18.76
Paramo;Santander;2009-10-01;6.375;-73.25;17.87;15.38;0.00987;18763520.0;-0.003392;18.3
Paramo;Santander;2009-11-01;6.375;-73.25;18.3;15.84;0.006735;18569728.0;-0.003274;18.45
Paramo;Santander;2009-12-01;6.375;-73.25;17.98;15.3;0.0042;19056128.0;-0.003137;18.26
Paramo;Santander;2010-01-01;6.375;-73.25;18.52;14.79;0.001882;21743104.0;-0.003202;18.75
Paramo;Santander;2010-02-01;6.375;-73.25;19.46;15.94;0.004063;20911616.0;-0.003025;19.81
Paramo;Santander;2010-03-01;6.375;-73.25;19.23;16.39;0.008167;21038576.0;-0.003593;19.66
Paramo;Santander;2010-04-01;6.375;-73.25;19.08;16.76;0.01212;18161408.0;-0.003492;19.23
Paramo;Santander;2010-05-01;6.375;-73.25;18.7;16.71;0.016634;17291520.0;-0.003446;18.93
Paramo;Santander;2010-06-01;6.375;-73.25;18.02;16.1;0.017401;18266624.0;-0.00369;18.32
Paramo;Santander;2010-07-01;6.375;-73.25;17.37;15.74;0.014988;16697600.0;-0.003353;17.79
Paramo;Santander;2010-08-01;6.375;-73.25;17.5;15.41;0.017773;18680832.0;-0.003639;18.1
Paramo;Santander;2010-09-01;6.375;-73.25;17.48;15.34;0.011463;18207352.0;-0.003497;17.92
Paramo;Santander;2010-10-01;6.375;-73.25;17.74;15.5;0.014083;17828864.0;-0.003418;17.98
Paramo;Santander;2010-11-01;6.375;-73.25;17.46;15.68;0.01146;14612992.0;-0.002874;17.36
Paramo;Santander;2010-12-01;6.375;-73.25;17.42;15.42;0.009236;15860224.0;-0.003038;17.24
Paramo;Santander;2011-01-01;6.375;-73.25;17.76;14.76;0.003865;19398144.0;-0.003215;17.72
Paramo;Santander;2011-02-01;6.375;-73.25;17.65;14.94;0.0059;19460096.0;-0.003229;17.8
Paramo;Santander;2011-03-01;6.375;-73.25;17.26;14.99;0.009799;18336608.0;-0.003435;17.46
Paramo;Santander;2011-04-01;6.375;-73.25;17.86;15.61;0.012792;16933888.0;-0.003268;17.92
Paramo;Santander;2011-05-01;6.375;-73.25;18.14;16.06;0.016274;16841216.0;-0.003464;18.06
Paramo;Santander;2011-06-01;6.375;-73.25;18.06;15.57;0.014076;18363904.0;-0.003622;18.17
Paramo;Santander;2011-07-01;6.375;-73.25;17.48;14.98;0.01601;18751744.0;-0.00364;17.95
Paramo;Santander;2011-08-01;6.375;-73.25;17.8;15.0;0.013354;20430592.0;-0.003835;18.2
Paramo;Santander;2011-09-01;6.375;-73.25;17.85;14.99;0.01219;20114664.0;-0.003686;18.25
Paramo;Santander;2011-10-01;6.375;-73.25;17.35;15.36;0.012245;15630080.0;-0.003062;17.46
Paramo;Santander;2011-11-01;6.375;-73.25;17.46;15.7;0.011588;15114752.0;-0.002938;17.44
Paramo;Santander;2011-12-01;6.375;-73.25;17.79;15.79;0.008555;16448511.0;-0.003134;17.56
Paramo;Santander;2012-01-01;6.375;-73.25;17.43;15.24;0.004692;18770944.0;-0.003401;17.58
Paramo;Santander;2012-02-01;6.375;-73.25;17.6;14.63;0.00491;20622592.0;-0.003393;17.74
Paramo;Santander;2012-03-01;6.375;-73.25;17.71;15.27;0.010812;19223280.0;-0.003549;18.11
Paramo;Santander;2012-04-01;6.375;-73.25;17.67;15.65;0.013108;17025024.0;-0.003357;17.81
Paramo;Santander;2012-05-01;6.375;-73.25;17.92;15.63;0.015467;18353152.0;-0.003622;18.11
Paramo;Santander;2012-06-01;6.375;-73.25;17.77;14.89;0.01221;20014592.0;-0.003721;18.11
Paramo;Santander;2012-07-01;6.375;-73.25;17.55;14.92;0.015651;18919680.0;-0.003645;18.13
Paramo;Santander;2012-08-01;6.375;-73.25;17.57;15.08;0.017712;19531264.0;-0.003749;18.2
Paramo;Santander;2012-09-01;6.375;-73.25;17.45;14.74;0.014631;20568882.0;-0.003862;18.26
Paramo;Santander;2012-10-01;6.375;-73.25;17.95;15.42;0.011864;17709056.0;-0.00338;18.08
Paramo;Santander;2012-11-01;6.375;-73.25;18.14;15.74;0.006826;18112512.0;-0.003265;18.18
Paramo;Santander;2012-12-01;6.375;-73.25;17.98;15.26;0.005151;18605056.0;-0.003194;18.02
Paramo;Santander;2013-01-01;6.375;-73.25;18.62;14.81;0.001658;20821504.0;-0.003097;18.63
Paramo;Santander;2013-02-01;6.375;-73.25;18.04;15.84;0.008518;19323136.0;-0.003451;18.44
Paramo;Santander;2013-03-01;6.375;-73.25;18.72;16.16;0.00923;20176760.0;-0.00356;19.1
Paramo;Santander;2013-04-01;6.375;-73.25;18.86;16.2;0.009197;19991552.0;-0.003588;19.2
Paramo;Santander;2013-05-01;6.375;-73.25;18.32;16.1;0.01492;16564224.0;-0.003276;18.34
Paramo;Santander;2013-06-01;6.375;-73.25;18.1;15.37;0.014606;18587136.0;-0.003528;18.31
Paramo;Santander;2013-07-01;6.375;-73.25;17.87;14.88;0.01384;19956736.0;-0.00369;18.2
Paramo;Santander;2013-08-01;6.375;-73.25;17.81;15.26;0.017301;19235584.0;-0.003664;18.16
Paramo;Santander;2013-09-01;6.375;-73.25;17.94;15.26;0.012712;19536244.0;-0.003577;18.34
Paramo;Santander;2013-10-01;6.375;-73.25;17.76;15.15;0.009429;18610176.0;-0.003361;18.04
Paramo;Santander;2013-11-01;6.375;-73.25;17.66;15.42;0.006848;17419776.0;-0.003178;17.7
Paramo;Santander;2013-12-01;6.375;-73.25;17.72;15.28;0.005574;18803712.0;-0.003367;17.81
Paramo;Santander;2014-01-01;6.375;-73.25;18.01;15.14;0.003492;19530240.0;-0.003179;18.18
Paramo;Santander;2014-02-01;6.375;-73.25;18.13;15.38;0.006436;19715840.0;-0.003159;18.52
Paramo;Santander;2014-03-01;6.375;-73.25;18.26;15.82;0.007114;20232176.0;-0.003492;18.46
Paramo;Santander;2014-04-01;6.375;-73.25;18.83;16.1;0.013224;20131840.0;-0.00369;19.08
Paramo;Santander;2014-05-01;6.375;-73.25;18.46;16.21;0.011837;18175744.0;-0.003456;18.52
Paramo;Santander;2014-06-01;6.375;-73.25;18.46;15.88;0.015909;18871296.0;-0.003655;18.8
Paramo;Santander;2014-07-01;6.375;-73.25;18.36;15.27;0.014077;20518400.0;-0.003853;18.76
Paramo;Santander;2014-08-01;6.375;-73.25;17.69;14.96;0.015892;20243200.0;-0.003828;18.31
Paramo;Santander;2014-09-01;6.375;-73.25;17.8;14.98;0.011305;20305780.0;-0.00369;18.32
Paramo;Santander;2014-10-01;6.375;-73.25;17.64;15.6;0.014444;18392832.0;-0.003502;18.06
Paramo;Santander;2014-11-01;6.375;-73.25;17.81;15.7;0.007642;17297408.0;-0.003238;17.83
Paramo;Santander;2014-12-01;6.375;-73.25;18.08;15.18;0.004288;19670016.0;-0.00331;18.06
Paramo;Santander;2015-01-01;6.375;-73.25;17.88;14.56;0.00366;20550656.0;-0.003229;18.16
Paramo;Santander;2015-02-01;6.375;-73.25;18.28;15.36;0.005632;19792384.0;-0.00339;18.44
Paramo;Santander;2015-03-01;6.375;-73.25;18.38;15.78;0.008946;20200752.0;-0.003472;18.73
Paramo;Santander;2015-04-01;6.375;-73.25;18.38;16.06;0.012558;19476224.0;-0.00381;18.7
Paramo;Santander;2015-05-01;6.375;-73.25;18.6;16.0;0.012844;19512320.0;-0.00377;18.92
Paramo;Santander;2015-06-01;6.375;-73.25;18.56;15.61;0.014992;19216384.0;-0.003738;18.94
Paramo;Santander;2015-07-01;6.375;-73.25;18.23;15.47;0.01457;18593024.0;-0.003646;18.51
Paramo;Santander;2015-08-01;6.375;-73.25;18.24;15.48;0.0155;19700992.0;-0.003817;18.66
Paramo;Santander;2015-09-01;6.375;-73.25;18.52;15.42;0.010234;20485998.0;-0.003827;18.9
Paramo;Santander;2015-10-01;6.375;-73.25;18.3;15.91;0.0113;18128128.0;-0.003392;18.62
Paramo;Santander;2015-11-01;6.375;-73.25;18.13;16.18;0.010874;16896512.0;-0.003282;18.16
Paramo;Santander;2015-12-01;6.375;-73.25;18.77;15.61;0.006826;19672576.0;-0.003561;18.79
Paramo;Santander;2016-01-01;6.375;-73.25;18.82;15.6;0.004782;19889664.0;-0.003232;18.98
Paramo;Santander;2016-02-01;6.375;-73.25;19.3;16.81;0.009004;20456448.0;-0.003638;19.59
Paramo;Santander;2016-03-01;6.375;-73.25;19.58;16.84;0.010098;21641280.0;-0.003758;19.9
Paramo;Santander;2016-04-01;6.375;-73.25;19.05;16.98;0.01193;18540288.0;-0.003528;19.56
Paramo;Santander;2016-05-01;6.375;-73.25;18.78;16.6;0.015882;17315072.0;-0.003494;18.99
Paramo;Santander;2016-06-01;6.375;-73.25;18.19;15.54;0.01634;19218688.0;-0.003724;18.57
Paramo;Santander;2016-07-01;6.375;-73.25;17.88;15.42;0.015438;18800384.0;-0.003575;18.35
Paramo;Santander;2016-08-01;6.375;-73.25;18.06;15.34;0.01291;20554752.0;-0.003828;18.76
Paramo;Santander;2016-09-01;6.375;-73.25;17.92;15.32;0.012002;19995500.0;-0.003672;18.37
Paramo;Santander;2016-10-01;6.375;-73.25;18.1;15.84;0.011646;18057216.0;-0.003407;18.46
Paramo;Santander;2016-11-01;6.375;-73.25;18.06;15.92;0.009181;17381376.0;-0.003268;18.22
Paramo;Santander;2016-12-01;6.375;-73.25;18.08;15.65;0.006452;17623040.0;-0.00327;17.94
Paramo;Santander;2017-01-01;6.375;-73.25;17.9;14.85;0.00496;19729920.0;-0.003458;17.71
Paramo;Santander;2017-02-01;6.375;-73.25;18.31;14.16;0.003942;22302208.0;-0.003276;18.32
Paramo;Santander;2017-03-01;6.375;-73.25;17.74;15.75;0.012596;18593440.0;-0.003436;18.26
Paramo;Santander;2017-04-01;6.375;-73.25;18.47;15.91;0.008667;20553472.0;-0.003886;18.69
Paramo;Santander;2017-05-01;6.375;-73.25;18.45;16.22;0.012124;18366720.0;-0.003578;18.77
Paramo;Santander;2017-06-01;6.375;-73.25;18.12;15.91;0.013222;18031616.0;-0.003531;18.48
Paramo;Santander;2017-07-01;6.375;-73.25;18.2;15.43;0.017944;19081216.0;-0.003686;18.65
Paramo;Santander;2017-08-01;6.375;-73.25;18.05;15.34;0.011098;20499456.0;-0.0038;18.63
Paramo;Santander;2017-09-01;6.375;-73.25;17.9;15.52;0.012033;19947344.0;-0.003724;18.7
Paramo;Santander;2017-10-01;6.375;-73.25;17.9;15.58;0.009096;18488064.0;-0.003435;18.34
Paramo;Santander;2017-11-01;6.375;-73.25;18.14;15.78;0.005931;18445824.0;-0.003232;18.38
Paramo;Santander;2017-12-01;6.375;-73.25;18.05;14.88;0.004496;19809280.0;-0.00326;18.06
Paramo;Santander;2018-01-01;6.375;-73.25;17.7;14.9;0.005422;19292160.0;-0.0033;17.9
Paramo;Santander;2018-02-01;6.375;-73.25;18.35;13.93;0.002746;20753152.0;-0.002961;18.38
Paramo;Santander;2018-03-01;6.375;-73.25;18.29;15.24;0.007492;21323312.0;-0.00336;18.9
Paramo;Santander;2018-04-01;6.375;-73.25;17.64;15.68;0.012698;18620928.0;-0.003568;18.18
Paramo;Santander;2018-05-01;6.375;-73.25;17.74;16.0;0.013445;17056256.0;-0.003399;18.12
Paramo;Santander;2018-06-01;6.375;-73.25;17.77;15.46;0.01657;18950400.0;-0.003703;18.37
Paramo;Santander;2018-07-01;6.375;-73.25;18.02;15.26;0.012737;19930880.0;-0.003723;18.48
Paramo;Santander;2018-08-01;6.375;-73.25;17.74;14.65;0.010892;21215232.0;-0.003927;18.38
Paramo;Santander;2018-09-01;6.375;-73.25;17.76;15.32;0.012734;19632856.0;-0.003669;18.46
Paramo;Santander;2018-10-01;6.375;-73.25;18.04;15.9;0.010084;17654784.0;-0.003436;18.2
Paramo;Santander;2018-11-01;6.375;-73.25;18.2;16.2;0.006813;17923584.0;-0.003278;18.34
Paramo;Santander;2018-12-01;6.375;-73.25;17.99;14.32;0.002098;21010432.0;-0.003165;17.99
Paramo;Santander;2019-01-01;6.375;-73.25;18.16;14.57;0.003134;20300288.0;-0.003064;18.34
Paramo;Santander;2019-02-01;6.375;-73.25;18.87;15.36;0.004726;20729088.0;-0.003052;19.36
Paramo;Santander;2019-03-01;6.375;-73.25;18.58;16.26;0.010129;19639888.0;-0.003338;19.14
Paramo;Santander;2019-04-01;6.375;-73.25;18.7;16.32;0.009489;19025152.0;-0.003617;19.04
Paramo;Santander;2019-05-01;6.375;-73.25;18.54;16.31;0.012855;17788928.0;-0.003508;18.83
Paramo;Santander;2019-06-01;6.375;-73.25;18.89;16.07;0.015091;19205376.0;-0.00376;19.03
Paramo;Santander;2019-07-01;6.375;-73.25;18.28;15.48;0.01275;20139008.0;-0.003808;18.76
Paramo;Santander;2019-08-01;6.375;-73.25;17.97;14.98;0.013188;21098496.0;-0.003976;18.73
Paramo;Santander;2019-09-01;6.375;-73.25;18.2;15.46;0.011307;20488984.0;-0.003745;18.84
Paramo;Santander;2019-10-01;6.375;-73.25;17.56;15.52;0.010646;18781696.0;-0.003535;18.13
Paramo;Santander;2019-11-01;6.375;-73.25;18.04;15.74;0.00539;18217472.0;-0.003312;18.3
Paramo;Santander;2019-12-01;6.375;-73.25;18.3;15.68;0.004956;18944512.0;-0.003186;18.48
Paramo;Santander;2020-01-01;6.375;-73.25;18.38;14.46;0.002061;20332032.0;-0.003108;18.36
Paramo;Santander;2020-02-01;6.375;-73.25;18.93;15.08;0.005092;20934656.0;-0.003158;19.14
Paramo;Santander;2020-03-01;6.375;-73.25;18.4;15.68;0.00696;21934544.0;-0.003874;18.84
Paramo;Santander;2020-04-01;6.375;-73.25;18.56;16.39;0.010036;20159488.0;-0.003792;19.04
Paramo;Santander;2020-05-01;6.375;-73.25;19.14;16.68;0.013874;18788352.0;-0.003604;19.44
Paramo;Santander;2020-06-01;6.375;-73.25;18.12;15.73;0.013546;18355456.0;-0.003516;18.45
Paramo;Santander;2020-07-01;6.375;-73.25;17.87;15.44;0.014732;18468352.0;-0.003506;18.18
Paramo;Santander;2020-08-01;6.375;-73.25;18.1;15.56;0.013864;19211520.0;-0.003586;18.54
Paramo;Santander;2020-09-01;6.375;-73.25;17.63;15.36;0.014152;19608418.0;-0.003708;18.26
Paramo;Santander;2020-10-01;6.375;-73.25;17.55;15.58;0.015865;18400768.0;-0.003548;18.08
Paramo;Santander;2020-11-01;6.375;-73.25;17.72;15.86;0.008106;17103360.0;-0.003172;17.88
Paramo;Santander;2020-12-01;6.375;-73.25;17.7;15.12;0.003738;19220992.0;-0.003218;17.8
Paramo;Santander;2021-01-01;6.375;-73.25;18.02;13.54;0.0028;21488128.0;-0.003264;17.78
Paramo;Santander;2021-02-01;6.375;-73.25;18.02;14.37;0.006127;20961280.0;-0.003113;18.66
Paramo;Santander;2021-03-01;6.375;-73.25;17.37;14.8;0.009692;19490608.0;-0.003483;18.02
Paramo;Santander;2021-04-01;6.375;-73.25;18.0;16.04;0.014542;18366720.0;-0.0035;18.44
Paramo;Santander;2021-05-01;6.375;-73.25;18.27;16.24;0.013485;17924352.0;-0.00353;18.37
Paramo;Santander;2021-06-01;6.375;-73.25;17.7;15.74;0.013527;18468864.0;-0.003568;18.07
Paramo;Santander;2021-07-01;6.375;-73.25;17.94;15.24;0.017274;19340032.0;-0.003705;18.29
Paramo;Santander;2021-08-01;6.375;-73.25;17.66;15.38;0.015446;19241472.0;-0.003664;18.24
Paramo;Santander;2021-09-01;6.375;-73.25;17.78;15.23;0.012662;20055416.0;-0.003681;18.26
Paramo;Santander;2021-10-01;6.375;-73.25;17.81;15.76;0.011212;18765568.0;-0.003431;18.34
Paramo;Santander;2021-11-01;6.375;-73.25;17.84;15.5;0.00538;18568192.0;-0.003266;17.99
Paramo;Santander;2021-12-01;6.375;-73.25;18.03;15.84;0.004545;18260480.0;-0.00315;18.28
Paramo;Santander;2022-01-01;6.375;-73.25;17.76;14.64;0.002508;19081728.0;-0.002906;17.92
Paramo;Santander;2022-02-01;6.375;-73.25;17.6;14.77;0.005484;18855424.0;-0.002967;17.95
Paramo;Santander;2022-03-01;6.375;-73.25;17.78;15.85;0.010166;19889728.0;-0.003643;18.25
Paramo;Santander;2022-04-01;6.375;-73.25;17.85;15.9;0.012311;18002432.0;-0.003455;18.39
Paramo;Santander;2022-05-01;6.375;-73.25;18.34;16.31;0.015322;17726464.0;-0.003552;18.4
Paramo;Santander;2022-06-01;6.375;-73.25;17.12;15.5;0.014468;16797184.0;-0.003322;17.51
Paramo;Santander;2022-07-01;6.375;-73.25;17.58;15.33;0.014479;18670336.0;-0.00357;17.96
Paramo;Santander;2022-08-01;6.375;-73.25;17.36;14.99;0.01362;18954496.0;-0.003604;17.9
Paramo;Santander;2022-09-01;6.375;-73.25;17.23;15.07;0.012128;19766800.0;-0.003689;18.13
Paramo;Santander;2022-10-01;6.375;-73.25;17.51;15.4;0.00981;18053120.0;-0.00334;17.95
Paramo;Santander;2022-11-01;6.375;-73.25;17.76;15.66;0.008512;16703488.0;-0.003134;18.0
Paramo;Santander;2022-12-01;6.375;-73.25;17.62;14.55;0.002714;19231232.0;-0.003065;17.64
Paramo;Santander;2023-01-01;6.375;-73.25;17.42;14.45;0.003779;19522560.0;-0.003203;17.39
Paramo;Santander;2023-02-01;6.375;-73.25;17.8;14.51;0.004987;20774656.0;-0.003285;18.02
Paramo;Santander;2023-03-01;6.375;-73.25;17.69;15.82;0.009796;18001632.0;-0.003368;18.16
Paramo;Santander;2023-04-01;6.375;-73.25;18.03;16.19;0.01141;18615808.0;-0.003547;18.37
Paramo;Santander;2023-05-01;6.375;-73.25;18.94;16.62;0.012259;18220288.0;-0.003554;18.91
Paramo;Santander;2023-06-01;6.375;-73.25;18.55;16.04;0.01636;18674688.0;-0.003706;18.68
Paramo;Santander;2023-07-01;6.375;-73.25;18.72;16.07;0.015717;19562240.0;-0.003765;19.1
Paramo;Santander;2023-08-01;6.375;-73.25;18.66;15.92;0.014381;20556032.0;-0.00387;19.06
Paramo;Santander;2023-09-01;6.375;-73.25;18.64;15.82;0.012058;21453644.0;-0.003935;19.18
Paramo;Santander;2023-10-01;6.375;-73.25;18.19;16.24;0.011734;18186752.0;-0.003425;18.88
Paramo;Santander;2023-11-01;6.375;-73.25;18.6;16.56;0.009066;17958912.0;-0.003406;18.7
Paramo;Santander;2023-12-01;6.375;-73.25;18.94;16.56;0.003981;19369984.0;-0.003328;19.0
Paramo;Santander;2024-01-01;6.375;-73.25;19.45;15.2;0.000856;23088640.0;-0.003324;19.11
Paramo;Santander;2024-02-01;6.375;-73.25;19.23;16.56;0.00591;20264192.0;-0.003497;19.44
Paramo;Santander;2024-03-01;6.375;-73.25;19.43;16.84;0.011775;22018448.0;-0.003744;19.86
Paramo;Santander;2024-04-01;6.375;-73.25;19.05;16.92;0.010751;19265280.0;-0.003719;19.42
Paramo;Santander;2024-05-01;6.375;-73.25;19.42;17.55;0.018294;17065984.0;-0.003569;19.36
Paramo;Santander;2024-06-01;6.375;-73.25;18.48;16.8;0.01673;16979200.0;-0.003511;18.61
Paramo;Santander;2024-07-01;6.375;-73.25;18.63;16.23;0.018488;19083008.0;-0.003829;18.77
Paramo;Santander;2024-08-01;6.375;-73.25;18.56;15.71;0.013588;20701696.0;-0.003869;18.93
Paramo;Santander;2024-09-01;6.375;-73.25;18.65;15.76;0.013126;19930082.0;-0.003717;19.21
Paramo;Santander;2024-10-01;6.375;-73.25;18.56;16.18;0.012077;18691072.0;-0.003496;18.78
Paramo;Santander;2024-11-01;6.375;-73.25;17.95;16.12;0.011683;15952384.0;-0.003177;18.16
Paramo;Santander;2024-12-01;6.375;-73.25;18.43;16.02;0.004724;18334720.0;-0.003209;18.26
Pinchote;Santander;2007-01-01;6.5;-73.25;18.63;16.11;0.005604;20511744.0;-0.003676;19.82
Pinchote;Santander;2007-02-01;6.5;-73.25;18.72;14.6;0.004868;22575616.0;-0.003453;19.8
Pinchote;Santander;2007-03-01;6.5;-73.25;18.46;15.88;0.010946;19522188.0;-0.003312;20.0
Pinchote;Santander;2007-04-01;6.5;-73.25;18.69;17.05;0.014162;19018240.0;-0.003655;19.79
Pinchote;Santander;2007-05-01;6.5;-73.25;18.27;16.74;0.015438;17363968.0;-0.003405;19.45
Pinchote;Santander;2007-06-01;6.5;-73.25;18.11;15.92;0.015932;18579968.0;-0.003444;19.36
Pinchote;Santander;2007-07-01;6.5;-73.25;18.04;15.41;0.015491;19863552.0;-0.003489;19.51
Pinchote;Santander;2007-08-01;6.5;-73.25;17.75;15.51;0.017757;18734592.0;-0.003401;19.16
Pinchote;Santander;2007-09-01;6.5;-73.25;18.01;15.54;0.016003;20010618.0;-0.003502;19.55
Pinchote;Santander;2007-10-01;6.5;-73.25;17.68;15.87;0.013168;18326016.0;-0.003338;19.18
Pinchote;Santander;2007-11-01;6.5;-73.25;18.17;16.05;0.009529;18174976.0;-0.003196;19.25
Pinchote;Santander;2007-12-01;6.5;-73.25;17.36;15.31;0.006424;17209344.0;-0.002978;18.41
Pinchote;Santander;2008-01-01;6.5;-73.25;17.84;15.25;0.00478;19031040.0;-0.003245;18.94
Pinchote;Santander;2008-02-01;6.5;-73.25;17.91;15.39;0.008959;20092416.0;-0.003335;19.11
Pinchote;Santander;2008-03-01;6.5;-73.25;18.0;15.26;0.008686;20954012.0;-0.003276;19.55
Pinchote;Santander;2008-04-01;6.5;-73.25;18.0;16.03;0.013866;19180032.0;-0.00357;19.3
Pinchote;Santander;2008-05-01;6.5;-73.25;18.2;16.12;0.014606;17379840.0;-0.003291;19.17
Pinchote;Santander;2008-06-01;6.5;-73.25;17.95;15.92;0.015356;18395648.0;-0.003543;18.96
Pinchote;Santander;2008-07-01;6.5;-73.25;17.81;15.37;0.017914;18440192.0;-0.003437;18.96
Pinchote;Santander;2008-08-01;6.5;-73.25;17.87;15.28;0.013979;19113472.0;-0.003313;19.28
Pinchote;Santander;2008-09-01;6.5;-73.25;18.17;15.43;0.013037;19978184.0;-0.003444;19.57
Pinchote;Santander;2008-10-01;6.5;-73.25;18.24;15.65;0.012465;19153920.0;-0.003242;19.48
Pinchote;Santander;2008-11-01;6.5;-73.25;17.83;16.16;0.016363;14856192.0;-0.002834;18.76
Pinchote;Santander;2008-12-01;6.5;-73.25;17.78;15.45;0.004246;17046528.0;-0.003086;18.58
Pinchote;Santander;2009-01-01;6.5;-73.25;17.89;15.52;0.007154;18514944.0;-0.003111;18.96
Pinchote;Santander;2009-02-01;6.5;-73.25;18.03;15.61;0.008955;19866112.0;-0.003288;19.47
Pinchote;Santander;2009-03-01;6.5;-73.25;18.0;15.97;0.01074;19628848.0;-0.003571;19.46
Pinchote;Santander;2009-04-01;6.5;-73.25;18.71;16.53;0.015551;19885568.0;-0.003476;20.05
Pinchote;Santander;2009-05-01;6.5;-73.25;18.64;16.33;0.013315;18824704.0;-0.003542;19.67
Pinchote;Santander;2009-06-01;6.5;-73.25;18.37;16.08;0.018942;18403328.0;-0.00345;19.57
Pinchote;Santander;2009-07-01;6.5;-73.25;18.45;15.51;0.01515;19773440.0;-0.003479;19.85
Pinchote;Santander;2009-08-01;6.5;-73.25;18.55;15.82;0.018093;19608576.0;-0.003506;19.92
Pinchote;Santander;2009-09-01;6.5;-73.25;19.01;15.67;0.010231;21517004.0;-0.003708;20.35
Pinchote;Santander;2009-10-01;6.5;-73.25;18.57;15.99;0.011822;18776576.0;-0.003329;19.78
Pinchote;Santander;2009-11-01;6.5;-73.25;19.05;16.42;0.0084;18637824.0;-0.00317;19.92
Pinchote;Santander;2009-12-01;6.5;-73.25;18.77;15.81;0.005171;19154944.0;-0.003018;19.87
Pinchote;Santander;2010-01-01;6.5;-73.25;19.13;15.33;0.002985;21885952.0;-0.003185;20.28
Pinchote;Santander;2010-02-01;6.5;-73.25;20.08;16.54;0.005875;20992000.0;-0.00308;21.3
Pinchote;Santander;2010-03-01;6.5;-73.25;19.92;16.89;0.009928;21254386.0;-0.003505;21.18
Pinchote;Santander;2010-04-01;6.5;-73.25;19.72;17.4;0.014193;18422272.0;-0.003523;20.58
Pinchote;Santander;2010-05-01;6.5;-73.25;19.27;17.28;0.017826;17498624.0;-0.003486;20.17
Pinchote;Santander;2010-06-01;6.5;-73.25;18.61;16.72;0.017794;18369536.0;-0.003682;19.56
Pinchote;Santander;2010-07-01;6.5;-73.25;17.94;16.31;0.014782;16700928.0;-0.00331;19.0
Pinchote;Santander;2010-08-01;6.5;-73.25;18.17;15.96;0.018085;18727936.0;-0.003461;19.48
Pinchote;Santander;2010-09-01;6.5;-73.25;18.11;15.87;0.012342;18376826.0;-0.003423;19.26
Pinchote;Santander;2010-10-01;6.5;-73.25;18.31;16.12;0.016848;17797632.0;-0.003394;19.26
Pinchote;Santander;2010-11-01;6.5;-73.25;17.96;16.24;0.01322;14572544.0;-0.002888;18.44
Pinchote;Santander;2010-12-01;6.5;-73.25;17.95;16.01;0.010565;15803392.0;-0.003044;18.37
Pinchote;Santander;2011-01-01;6.5;-73.25;18.38;15.3;0.00502;19524608.0;-0.003133;19.16
Pinchote;Santander;2011-02-01;6.5;-73.25;18.23;15.62;0.007451;19514880.0;-0.003252;19.22
Pinchote;Santander;2011-03-01;6.5;-73.25;17.84;15.74;0.011799;18406752.0;-0.003477;18.77
Pinchote;Santander;2011-04-01;6.5;-73.25;18.42;16.24;0.013861;17056256.0;-0.003259;19.15
Pinchote;Santander;2011-05-01;6.5;-73.25;18.72;16.72;0.016647;16945664.0;-0.003497;19.25
Pinchote;Santander;2011-06-01;6.5;-73.25;18.6;16.19;0.014109;18359296.0;-0.003615;19.39
Pinchote;Santander;2011-07-01;6.5;-73.25;18.08;15.53;0.017376;18814464.0;-0.003511;19.31
Pinchote;Santander;2011-08-01;6.5;-73.25;18.42;15.56;0.014214;20461056.0;-0.00366;19.63
Pinchote;Santander;2011-09-01;6.5;-73.25;18.56;15.57;0.013927;20228582.0;-0.003487;19.79
Pinchote;Santander;2011-10-01;6.5;-73.25;17.9;15.92;0.013542;15546880.0;-0.003021;18.66
Pinchote;Santander;2011-11-01;6.5;-73.25;18.02;16.36;0.013819;15183872.0;-0.00298;18.61
Pinchote;Santander;2011-12-01;6.5;-73.25;18.29;16.45;0.010799;16329728.0;-0.003179;18.71
Pinchote;Santander;2012-01-01;6.5;-73.25;17.99;15.89;0.005962;18848768.0;-0.003496;18.88
Pinchote;Santander;2012-02-01;6.5;-73.25;18.2;15.3;0.006748;20731904.0;-0.003461;19.18
Pinchote;Santander;2012-03-01;6.5;-73.25;18.37;15.96;0.014191;19409902.0;-0.003607;19.5
Pinchote;Santander;2012-04-01;6.5;-73.25;18.27;16.33;0.015884;17262592.0;-0.003402;19.05
Pinchote;Santander;2012-05-01;6.5;-73.25;18.59;16.27;0.016327;18538496.0;-0.003574;19.47
Pinchote;Santander;2012-06-01;6.5;-73.25;18.53;15.45;0.013777;20052992.0;-0.003512;19.71
Pinchote;Santander;2012-07-01;6.5;-73.25;18.24;15.45;0.017464;18890240.0;-0.003437;19.62
Pinchote;Santander;2012-08-01;6.5;-73.25;18.23;15.69;0.019077;19589632.0;-0.003588;19.63
Pinchote;Santander;2012-09-01;6.5;-73.25;18.16;15.34;0.016546;20530224.0;-0.003655;19.81
Pinchote;Santander;2012-10-01;6.5;-73.25;18.57;16.0;0.013342;17769472.0;-0.003321;19.41
Pinchote;Santander;2012-11-01;6.5;-73.25;18.79;16.32;0.008429;18039808.0;-0.003212;19.54
Pinchote;Santander;2012-12-01;6.5;-73.25;18.66;15.79;0.006742;18519040.0;-0.003066;19.52
Pinchote;Santander;2013-01-01;6.5;-73.25;19.29;15.38;0.002424;20877312.0;-0.003095;20.18
Pinchote;Santander;2013-02-01;6.5;-73.25;18.67;16.5;0.0112;19439616.0;-0.003428;19.88
Pinchote;Santander;2013-03-01;6.5;-73.25;19.43;16.67;0.010744;20324472.0;-0.003412;20.61
Pinchote;Santander;2013-04-01;6.5;-73.25;19.65;16.87;0.011316;20253184.0;-0.003454;20.8
Pinchote;Santander;2013-05-01;6.5;-73.25;18.95;16.63;0.015417;16656384.0;-0.0032;19.63
Pinchote;Santander;2013-06-01;6.5;-73.25;18.79;15.88;0.015978;18476032.0;-0.003304;19.78
Pinchote;Santander;2013-07-01;6.5;-73.25;18.6;15.45;0.015007;19937792.0;-0.003471;19.78
Pinchote;Santander;2013-08-01;6.5;-73.25;18.48;15.76;0.017885;19268608.0;-0.00348;19.64
Pinchote;Santander;2013-09-01;6.5;-73.25;18.7;15.81;0.014019;19524212.0;-0.003366;19.92
Pinchote;Santander;2013-10-01;6.5;-73.25;18.48;15.69;0.011486;18604032.0;-0.003221;19.53
Pinchote;Santander;2013-11-01;6.5;-73.25;18.26;16.07;0.008871;17292288.0;-0.003164;19.02
Pinchote;Santander;2013-12-01;6.5;-73.25;18.39;15.83;0.006136;18739200.0;-0.003293;19.19
Pinchote;Santander;2014-01-01;6.5;-73.25;18.71;15.69;0.004929;19687424.0;-0.003038;19.77
Pinchote;Santander;2014-02-01;6.5;-73.25;18.89;16.06;0.008898;19928576.0;-0.003119;20.15
Pinchote;Santander;2014-03-01;6.5;-73.25;18.82;16.48;0.00979;20316912.0;-0.003562;19.84
Pinchote;Santander;2014-04-01;6.5;-73.25;19.55;16.68;0.015203;20431872.0;-0.003594;20.62
Pinchote;Santander;2014-05-01;6.5;-73.25;19.12;16.86;0.01347;18225664.0;-0.003443;19.86
Pinchote;Santander;2014-06-01;6.5;-73.25;19.18;16.39;0.017025;18870272.0;-0.003466;20.29
Pinchote;Santander;2014-07-01;6.5;-73.25;19.04;15.9;0.01643;20433920.0;-0.003652;20.31
Pinchote;Santander;2014-08-01;6.5;-73.25;18.39;15.54;0.017033;20186112.0;-0.003618;19.83
Pinchote;Santander;2014-09-01;6.5;-73.25;18.53;15.54;0.01305;20213108.0;-0.003489;19.86
Pinchote;Santander;2014-10-01;6.5;-73.25;18.36;16.33;0.016724;18514944.0;-0.003511;19.5
Pinchote;Santander;2014-11-01;6.5;-73.25;18.42;16.39;0.00938;17245184.0;-0.003261;19.14
Pinchote;Santander;2014-12-01;6.5;-73.25;18.75;15.73;0.005585;19628032.0;-0.003231;19.55
Pinchote;Santander;2015-01-01;6.5;-73.25;18.64;15.19;0.004858;20744192.0;-0.003228;19.79
Pinchote;Santander;2015-02-01;6.5;-73.25;18.92;15.92;0.007755;20004864.0;-0.003404;19.91
Pinchote;Santander;2015-03-01;6.5;-73.25;19.03;16.51;0.012573;20413484.0;-0.003528;20.22
Pinchote;Santander;2015-04-01;6.5;-73.25;19.0;16.7;0.013945;19702784.0;-0.003812;20.06
Pinchote;Santander;2015-05-01;6.5;-73.25;19.33;16.61;0.014334;19649536.0;-0.003676;20.41
Pinchote;Santander;2015-06-01;6.5;-73.25;19.24;16.21;0.016321;19148800.0;-0.003548;20.41
Pinchote;Santander;2015-07-01;6.5;-73.25;18.93;16.03;0.016306;18629632.0;-0.003477;20.02
Pinchote;Santander;2015-08-01;6.5;-73.25;18.97;16.1;0.017279;19635200.0;-0.003623;20.21
Pinchote;Santander;2015-09-01;6.5;-73.25;19.27;16.07;0.012079;20426350.0;-0.00366;20.48
Pinchote;Santander;2015-10-01;6.5;-73.25;18.99;16.52;0.01293;18222592.0;-0.003338;20.06
Pinchote;Santander;2015-11-01;6.5;-73.25;18.73;16.82;0.012285;16771072.0;-0.003281;19.43
Pinchote;Santander;2015-12-01;6.5;-73.25;19.52;16.28;0.008173;19676160.0;-0.003473;20.32
Pinchote;Santander;2016-01-01;6.5;-73.25;19.37;16.24;0.006567;19928064.0;-0.003316;20.4
Pinchote;Santander;2016-02-01;6.5;-73.25;19.9;17.43;0.012548;20854784.0;-0.003725;21.01
Pinchote;Santander;2016-03-01;6.5;-73.25;20.24;17.49;0.015036;22033990.0;-0.003823;21.42
Pinchote;Santander;2016-04-01;6.5;-73.25;19.72;17.61;0.013638;18887680.0;-0.003498;20.99
Pinchote;Santander;2016-05-01;6.5;-73.25;19.48;17.25;0.017117;17477120.0;-0.003429;20.38
Pinchote;Santander;2016-06-01;6.5;-73.25;18.87;16.08;0.01783;19188224.0;-0.003542;20.03
Pinchote;Santander;2016-07-01;6.5;-73.25;18.63;15.94;0.016649;18687488.0;-0.003328;19.87
Pinchote;Santander;2016-08-01;6.5;-73.25;18.77;15.88;0.014711;20503552.0;-0.003613;20.33
Pinchote;Santander;2016-09-01;6.5;-73.25;18.65;15.81;0.014071;19967340.0;-0.00346;19.93
Pinchote;Santander;2016-10-01;6.5;-73.25;18.74;16.38;0.012819;18223616.0;-0.003371;19.85
Pinchote;Santander;2016-11-01;6.5;-73.25;18.63;16.51;0.011068;17398784.0;-0.003276;19.51
Pinchote;Santander;2016-12-01;6.5;-73.25;18.67;16.2;0.007126;17709056.0;-0.003301;19.27
Pinchote;Santander;2017-01-01;6.5;-73.25;18.44;15.47;0.006165;19647488.0;-0.003455;19.11
Pinchote;Santander;2017-02-01;6.5;-73.25;18.98;14.82;0.006374;22453760.0;-0.003348;19.99
Pinchote;Santander;2017-03-01;6.5;-73.25;18.34;16.47;0.016309;18929312.0;-0.003558;19.64
Pinchote;Santander;2017-04-01;6.5;-73.25;19.01;16.51;0.009775;20928512.0;-0.00398;20.03
Pinchote;Santander;2017-05-01;6.5;-73.25;19.08;16.74;0.013609;18612736.0;-0.003504;20.12
Pinchote;Santander;2017-06-01;6.5;-73.25;18.71;16.41;0.015129;18142208.0;-0.003445;19.82
Pinchote;Santander;2017-07-01;6.5;-73.25;18.84;15.94;0.019825;19090432.0;-0.003459;20.14
Pinchote;Santander;2017-08-01;6.5;-73.25;18.75;15.78;0.013084;20544512.0;-0.003579;20.19
Pinchote;Santander;2017-09-01;6.5;-73.25;18.66;16.06;0.013966;20115278.0;-0.003535;20.28
Pinchote;Santander;2017-10-01;6.5;-73.25;18.55;16.13;0.010822;18610688.0;-0.003402;19.76
Pinchote;Santander;2017-11-01;6.5;-73.25;18.81;16.34;0.007893;18627584.0;-0.00316;19.85
Pinchote;Santander;2017-12-01;6.5;-73.25;18.66;15.48;0.007212;19874816.0;-0.003235;19.58
Pinchote;Santander;2018-01-01;6.5;-73.25;18.34;15.47;0.007371;19456000.0;-0.00322;19.4
Pinchote;Santander;2018-02-01;6.5;-73.25;18.83;14.73;0.004117;20707328.0;-0.003181;19.81
Pinchote;Santander;2018-03-01;6.5;-73.25;18.87;16.0;0.011078;21641260.0;-0.003543;20.34
Pinchote;Santander;2018-04-01;6.5;-73.25;18.2;16.4;0.016068;18915328.0;-0.003663;19.52
Pinchote;Santander;2018-05-01;6.5;-73.25;18.34;16.54;0.013996;17310720.0;-0.003395;19.39
Pinchote;Santander;2018-06-01;6.5;-73.25;18.41;15.94;0.018167;18939904.0;-0.003533;19.79
Pinchote;Santander;2018-07-01;6.5;-73.25;18.75;15.72;0.014275;19914752.0;-0.003508;20.06
Pinchote;Santander;2018-08-01;6.5;-73.25;18.46;15.24;0.012623;21263360.0;-0.003741;19.99
Pinchote;Santander;2018-09-01;6.5;-73.25;18.48;15.82;0.014559;19886552.0;-0.003529;20.0
Pinchote;Santander;2018-10-01;6.5;-73.25;18.59;16.54;0.012342;17803264.0;-0.003471;19.5
Pinchote;Santander;2018-11-01;6.5;-73.25;18.8;16.84;0.008696;17927168.0;-0.00326;19.72
Pinchote;Santander;2018-12-01;6.5;-73.25;18.64;14.95;0.003428;21173248.0;-0.00317;19.6
Pinchote;Santander;2019-01-01;6.5;-73.25;18.76;15.22;0.004874;20511744.0;-0.003114;19.88
Pinchote;Santander;2019-02-01;6.5;-73.25;19.45;15.87;0.007147;21128704.0;-0.003133;20.86
Pinchote;Santander;2019-03-01;6.5;-73.25;19.22;16.89;0.014338;20067144.0;-0.003383;20.64
Pinchote;Santander;2019-04-01;6.5;-73.25;19.31;16.91;0.012136;19429888.0;-0.003597;20.45
Pinchote;Santander;2019-05-01;6.5;-73.25;19.19;16.83;0.013643;18139136.0;-0.003475;20.2
Pinchote;Santander;2019-06-01;6.5;-73.25;19.57;16.6;0.016403;19273728.0;-0.003586;20.49
Pinchote;Santander;2019-07-01;6.5;-73.25;18.96;15.95;0.014469;20183552.0;-0.003627;20.28
Pinchote;Santander;2019-08-01;6.5;-73.25;18.67;15.65;0.014536;21189632.0;-0.003843;20.32
Pinchote;Santander;2019-09-01;6.5;-73.25;18.84;16.06;0.012913;20735764.0;-0.003743;20.31
Pinchote;Santander;2019-10-01;6.5;-73.25;18.23;16.09;0.012035;19012096.0;-0.00348;19.58
Pinchote;Santander;2019-11-01;6.5;-73.25;18.64;16.31;0.007343;18193408.0;-0.003253;19.72
Pinchote;Santander;2019-12-01;6.5;-73.25;18.94;16.26;0.006924;18920448.0;-0.003139;19.99
Pinchote;Santander;2020-01-01;6.5;-73.25;18.99;15.16;0.003357;20338688.0;-0.003147;19.92
Pinchote;Santander;2020-02-01;6.5;-73.25;19.47;15.77;0.007475;21117952.0;-0.003301;20.61
Pinchote;Santander;2020-03-01;6.5;-73.25;18.95;16.44;0.010351;22340564.0;-0.004156;20.24
Pinchote;Santander;2020-04-01;6.5;-73.25;19.13;17.08;0.012754;20428288.0;-0.003903;20.38
Pinchote;Santander;2020-05-01;6.5;-73.25;19.83;17.16;0.015451;18959872.0;-0.003444;20.91
Pinchote;Santander;2020-06-01;6.5;-73.25;18.8;16.19;0.015007;18488320.0;-0.003374;19.88
Pinchote;Santander;2020-07-01;6.5;-73.25;18.53;15.82;0.016014;18537984.0;-0.003292;19.65
Pinchote;Santander;2020-08-01;6.5;-73.25;18.73;15.99;0.015606;19241984.0;-0.003382;20.0
Pinchote;Santander;2020-09-01;6.5;-73.25;18.25;15.97;0.017429;19641700.0;-0.003647;19.64
Pinchote;Santander;2020-10-01;6.5;-73.25;18.15;16.15;0.017584;18412544.0;-0.003468;19.43
Pinchote;Santander;2020-11-01;6.5;-73.25;18.26;16.45;0.010111;17292288.0;-0.003216;19.11
Pinchote;Santander;2020-12-01;6.5;-73.25;18.33;15.65;0.005188;19392512.0;-0.00318;19.3
Pinchote;Santander;2021-01-01;6.5;-73.25;18.6;14.09;0.003508;21672960.0;-0.003267;19.33
Pinchote;Santander;2021-02-01;6.5;-73.25;18.58;15.12;0.009796;21143040.0;-0.003302;20.13
Pinchote;Santander;2021-03-01;6.5;-73.25;17.96;15.49;0.012895;19880232.0;-0.00357;19.45
Pinchote;Santander;2021-04-01;6.5;-73.25;18.68;16.67;0.016962;18636800.0;-0.003431;19.85
Pinchote;Santander;2021-05-01;6.5;-73.25;18.84;16.84;0.014929;18075136.0;-0.003558;19.64
Pinchote;Santander;2021-06-01;6.5;-73.25;18.33;16.29;0.014324;18653184.0;-0.003524;19.4
Pinchote;Santander;2021-07-01;6.5;-73.25;18.61;15.73;0.018135;19347456.0;-0.003491;19.77
Pinchote;Santander;2021-08-01;6.5;-73.25;18.32;15.86;0.016632;19333632.0;-0.003469;19.69
Pinchote;Santander;2021-09-01;6.5;-73.25;18.52;15.71;0.014059;20293238.0;-0.003501;19.86
Pinchote;Santander;2021-10-01;6.5;-73.25;18.49;16.29;0.012804;18961920.0;-0.00336;19.78
Pinchote;Santander;2021-11-01;6.5;-73.25;18.47;16.03;0.00658;18684928.0;-0.00323;19.41
Pinchote;Santander;2021-12-01;6.5;-73.25;18.66;16.38;0.005922;18308096.0;-0.003091;19.7
Pinchote;Santander;2022-01-01;6.5;-73.25;18.34;15.27;0.003855;18888704.0;-0.002876;19.38
Pinchote;Santander;2022-02-01;6.5;-73.25;18.14;15.44;0.007524;19193856.0;-0.003099;19.38
Pinchote;Santander;2022-03-01;6.5;-73.25;18.37;16.6;0.012813;20256068.0;-0.003779;19.63
Pinchote;Santander;2022-04-01;6.5;-73.25;18.46;16.51;0.014172;18265088.0;-0.003431;19.73
Pinchote;Santander;2022-05-01;6.5;-73.25;18.9;16.91;0.015722;17864192.0;-0.003566;19.64
Pinchote;Santander;2022-06-01;6.5;-73.25;17.7;15.99;0.01442;16992768.0;-0.003283;18.76
Pinchote;Santander;2022-07-01;6.5;-73.25;18.23;15.78;0.015097;18635264.0;-0.003388;19.35
Pinchote;Santander;2022-08-01;6.5;-73.25;18.04;15.46;0.014313;19017216.0;-0.003449;19.35
Pinchote;Santander;2022-09-01;6.5;-73.25;17.94;15.56;0.013748;20041738.0;-0.003545;19.63
Pinchote;Santander;2022-10-01;6.5;-73.25;18.17;15.91;0.011145;18228224.0;-0.003265;19.34
Pinchote;Santander;2022-11-01;6.5;-73.25;18.34;16.2;0.009874;16835584.0;-0.003112;19.28
Pinchote;Santander;2022-12-01;6.5;-73.25;18.21;15.02;0.003807;19411968.0;-0.003008;19.11
Pinchote;Santander;2023-01-01;6.5;-73.25;18.03;15.02;0.004726;19666944.0;-0.003168;18.87
Pinchote;Santander;2023-02-01;6.5;-73.25;18.41;15.09;0.00708;21018624.0;-0.003401;19.51
Pinchote;Santander;2023-03-01;6.5;-73.25;18.22;16.46;0.012181;18213348.0;-0.003422;19.43
Pinchote;Santander;2023-04-01;6.5;-73.25;18.62;16.89;0.013536;18934272.0;-0.003618;19.7
Pinchote;Santander;2023-05-01;6.5;-73.25;19.52;17.18;0.013741;18404864.0;-0.003558;20.19
Pinchote;Santander;2023-06-01;6.5;-73.25;19.11;16.6;0.017086;18669056.0;-0.003606;19.97
Pinchote;Santander;2023-07-01;6.5;-73.25;19.38;16.54;0.017233;19655168.0;-0.003565;20.59
Pinchote;Santander;2023-08-01;6.5;-73.25;19.32;16.44;0.016979;20562432.0;-0.003699;20.57
Pinchote;Santander;2023-09-01;6.5;-73.25;19.39;16.4;0.01491;21496908.0;-0.00373;20.83
Pinchote;Santander;2023-10-01;6.5;-73.25;18.92;16.8;0.01367;18513920.0;-0.003332;20.39
Pinchote;Santander;2023-11-01;6.5;-73.25;19.18;17.13;0.010363;18026496.0;-0.003435;19.98
Pinchote;Santander;2023-12-01;6.5;-73.25;19.53;17.08;0.005049;19486720.0;-0.003342;20.4
Pinchote;Santander;2024-01-01;6.5;-73.25;20.03;15.77;0.001312;23284736.0;-0.003377;20.68
Pinchote;Santander;2024-02-01;6.5;-73.25;19.78;17.0;0.007435;20420096.0;-0.003521;20.86
Pinchote;Santander;2024-03-01;6.5;-73.25;20.01;17.47;0.018387;22268306.0;-0.003845;21.37
Pinchote;Santander;2024-04-01;6.5;-73.25;19.55;17.47;0.012915;19658240.0;-0.003866;20.68
Pinchote;Santander;2024-05-01;6.5;-73.25;19.97;18.18;0.019623;17183744.0;-0.003613;20.54
Pinchote;Santander;2024-06-01;6.5;-73.25;19.03;17.37;0.01733;17004032.0;-0.003526;19.8
Pinchote;Santander;2024-07-01;6.5;-73.25;19.07;16.87;0.019238;19006976.0;-0.00383;19.99
Pinchote;Santander;2024-08-01;6.5;-73.25;19.19;16.23;0.015121;20782592.0;-0.00369;20.47
Pinchote;Santander;2024-09-01;6.5;-73.25;19.25;16.27;0.014938;19947490.0;-0.003581;20.69
Pinchote;Santander;2024-10-01;6.5;-73.25;19.13;16.68;0.014507;18798080.0;-0.003427;20.15
Pinchote;Santander;2024-11-01;6.5;-73.25;18.45;16.69;0.012991;16017408.0;-0.003221;19.32
Pinchote;Santander;2024-12-01;6.5;-73.25;18.97;16.62;0.005774;18372608.0;-0.003263;19.6
Puente_Nacional;Santander;2007-01-01;5.875;-73.625;16.24;13.13;0.005114;18883840.0;-0.003344;16.57
Puente_Nacional;Santander;2007-02-01;5.875;-73.625;16.07;11.58;0.002293;21849984.0;-0.003542;16.13
Puente_Nacional;Santander;2007-03-01;5.875;-73.625;15.93;12.92;0.010095;17869072.0;-0.003152;16.6
Puente_Nacional;Santander;2007-04-01;5.875;-73.625;16.19;13.92;0.011796;17146624.0;-0.003214;16.68
Puente_Nacional;Santander;2007-05-01;5.875;-73.625;16.02;13.79;0.012479;16402176.0;-0.003122;16.62
Puente_Nacional;Santander;2007-06-01;5.875;-73.625;15.84;12.72;0.007993;17474048.0;-0.003211;16.1
Puente_Nacional;Santander;2007-07-01;5.875;-73.625;15.7;12.2;0.006998;18917760.0;-0.003306;16.08
Puente_Nacional;Santander;2007-08-01;5.875;-73.625;15.53;12.3;0.010497;18093184.0;-0.003233;16.03
Puente_Nacional;Santander;2007-09-01;5.875;-73.625;15.8;12.34;0.009749;19539200.0;-0.003436;16.34
Puente_Nacional;Santander;2007-10-01;5.875;-73.625;15.17;13.17;0.010847;16680704.0;-0.003043;15.93
Puente_Nacional;Santander;2007-11-01;5.875;-73.625;15.48;13.32;0.00827;17022720.0;-0.003082;15.92
Puente_Nacional;Santander;2007-12-01;5.875;-73.625;14.79;12.8;0.006128;16870144.0;-0.00293;15.21
Puente_Nacional;Santander;2008-01-01;5.875;-73.625;15.12;12.84;0.005019;17795840.0;-0.003109;15.45
Puente_Nacional;Santander;2008-02-01;5.875;-73.625;15.0;12.68;0.005548;19043712.0;-0.003286;15.31
Puente_Nacional;Santander;2008-03-01;5.875;-73.625;15.11;12.8;0.007198;19179672.0;-0.00332;15.64
Puente_Nacional;Santander;2008-04-01;5.875;-73.625;15.45;13.16;0.009426;17563776.0;-0.003199;15.93
Puente_Nacional;Santander;2008-05-01;5.875;-73.625;15.6;13.34;0.011004;16097920.0;-0.002994;15.87
Puente_Nacional;Santander;2008-06-01;5.875;-73.625;15.74;13.12;0.011241;17058688.0;-0.003187;16.0
Puente_Nacional;Santander;2008-07-01;5.875;-73.625;15.68;12.4;0.010105;17520128.0;-0.003222;15.85
Puente_Nacional;Santander;2008-08-01;5.875;-73.625;15.45;12.57;0.010005;17978624.0;-0.003215;15.91
Puente_Nacional;Santander;2008-09-01;5.875;-73.625;15.74;12.56;0.009453;18878016.0;-0.003399;16.19
Puente_Nacional;Santander;2008-10-01;5.875;-73.625;15.54;13.05;0.00872;17646464.0;-0.003182;15.99
Puente_Nacional;Santander;2008-11-01;5.875;-73.625;15.36;13.66;0.009644;14964480.0;-0.002713;15.74
Puente_Nacional;Santander;2008-12-01;5.875;-73.625;15.02;12.71;0.004422;17092096.0;-0.002944;15.26
Puente_Nacional;Santander;2009-01-01;5.875;-73.625;15.24;13.06;0.006875;16584704.0;-0.002964;15.57
Puente_Nacional;Santander;2009-02-01;5.875;-73.625;15.29;12.88;0.007095;18539648.0;-0.003338;15.83
Puente_Nacional;Santander;2009-03-01;5.875;-73.625;15.35;13.33;0.011188;17592112.0;-0.00325;16.1
Puente_Nacional;Santander;2009-04-01;5.875;-73.625;16.17;13.7;0.011164;18405760.0;-0.003388;16.64
Puente_Nacional;Santander;2009-05-01;5.875;-73.625;16.21;13.24;0.009928;17943936.0;-0.003336;16.45
Puente_Nacional;Santander;2009-06-01;5.875;-73.625;16.23;12.97;0.009825;17091456.0;-0.003139;16.36
Puente_Nacional;Santander;2009-07-01;5.875;-73.625;16.15;12.1;0.007458;19159168.0;-0.003316;16.4
Puente_Nacional;Santander;2009-08-01;5.875;-73.625;16.42;12.52;0.009358;18232320.0;-0.003086;16.7
Puente_Nacional;Santander;2009-09-01;5.875;-73.625;16.68;12.02;0.007291;20937808.0;-0.00342;16.97
Puente_Nacional;Santander;2009-10-01;5.875;-73.625;16.14;12.86;0.008686;17671936.0;-0.00299;16.49
Puente_Nacional;Santander;2009-11-01;5.875;-73.625;16.35;13.73;0.006464;16984064.0;-0.003006;16.42
Puente_Nacional;Santander;2009-12-01;5.875;-73.625;16.06;13.3;0.005552;17509632.0;-0.002964;16.31
Puente_Nacional;Santander;2010-01-01;5.875;-73.625;16.47;12.19;0.003002;20452608.0;-0.003276;16.54
Puente_Nacional;Santander;2010-02-01;5.875;-73.625;17.35;13.52;0.004992;19486848.0;-0.003146;17.52
Puente_Nacional;Santander;2010-03-01;5.875;-73.625;17.45;13.89;0.008067;19097584.0;-0.003155;17.75
Puente_Nacional;Santander;2010-04-01;5.875;-73.625;17.21;14.64;0.012264;16429184.0;-0.00311;17.28
Puente_Nacional;Santander;2010-05-01;5.875;-73.625;17.04;14.53;0.011451;15733248.0;-0.003007;17.13
Puente_Nacional;Santander;2010-06-01;5.875;-73.625;16.58;13.48;0.01105;17074944.0;-0.003214;16.65
Puente_Nacional;Santander;2010-07-01;5.875;-73.625;15.85;13.38;0.014445;16079872.0;-0.00303;16.21
Puente_Nacional;Santander;2010-08-01;5.875;-73.625;15.97;12.78;0.01132;17923584.0;-0.003302;16.34
Puente_Nacional;Santander;2010-09-01;5.875;-73.625;15.6;13.25;0.011258;16982264.5;-0.003147;16.12
Puente_Nacional;Santander;2010-10-01;5.875;-73.625;15.8;13.17;0.0098;17065600.0;-0.003088;16.04
Puente_Nacional;Santander;2010-11-01;5.875;-73.625;15.58;13.78;0.011294;13909760.0;-0.002569;15.55
Puente_Nacional;Santander;2010-12-01;5.875;-73.625;15.47;13.32;0.007321;14697728.0;-0.002657;15.35
Puente_Nacional;Santander;2011-01-01;5.875;-73.625;15.66;12.84;0.005046;18149376.0;-0.003189;15.55
Puente_Nacional;Santander;2011-02-01;5.875;-73.625;15.45;13.06;0.007067;18152960.0;-0.003208;15.56
Puente_Nacional;Santander;2011-03-01;5.875;-73.625;15.34;12.87;0.009407;17396192.0;-0.003136;15.46
Puente_Nacional;Santander;2011-04-01;5.875;-73.625;15.96;13.68;0.016023;15123584.0;-0.002874;15.99
Puente_Nacional;Santander;2011-05-01;5.875;-73.625;16.56;13.86;0.012758;16080640.0;-0.003066;16.38
Puente_Nacional;Santander;2011-06-01;5.875;-73.625;16.62;13.08;0.009267;17485824.0;-0.003219;16.48
Puente_Nacional;Santander;2011-07-01;5.875;-73.625;15.97;12.23;0.008361;17655552.0;-0.003108;16.07
Puente_Nacional;Santander;2011-08-01;5.875;-73.625;16.2;12.16;0.009628;19346688.0;-0.003378;16.31
Puente_Nacional;Santander;2011-09-01;5.875;-73.625;16.1;12.22;0.008714;19165920.0;-0.003314;16.3
Puente_Nacional;Santander;2011-10-01;5.875;-73.625;15.48;13.32;0.009231;15175936.0;-0.002739;15.6
Puente_Nacional;Santander;2011-11-01;5.875;-73.625;15.52;13.67;0.011028;14106624.0;-0.002598;15.49
Puente_Nacional;Santander;2011-12-01;5.875;-73.625;16.06;13.64;0.007074;15668991.0;-0.002852;15.8
Puente_Nacional;Santander;2012-01-01;5.875;-73.625;15.54;13.04;0.004818;17413632.0;-0.003102;15.6
Puente_Nacional;Santander;2012-02-01;5.875;-73.625;15.5;12.64;0.005659;19072768.0;-0.003312;15.59
Puente_Nacional;Santander;2012-03-01;5.875;-73.625;15.84;13.14;0.010627;18068464.0;-0.00336;16.12
Puente_Nacional;Santander;2012-04-01;5.875;-73.625;15.8;13.48;0.011989;15626752.0;-0.002928;15.95
Puente_Nacional;Santander;2012-05-01;5.875;-73.625;16.4;13.12;0.011642;16838528.0;-0.003159;16.35
Puente_Nacional;Santander;2012-06-01;5.875;-73.625;16.22;12.02;0.007452;18935552.0;-0.003295;16.18
Puente_Nacional;Santander;2012-07-01;5.875;-73.625;15.99;11.86;0.007456;18311296.0;-0.003117;16.21
Puente_Nacional;Santander;2012-08-01;5.875;-73.625;16.08;11.86;0.009013;18731264.0;-0.003149;16.46
Puente_Nacional;Santander;2012-09-01;5.875;-73.625;16.1;11.3;0.008254;19933232.0;-0.003062;16.69
Puente_Nacional;Santander;2012-10-01;5.875;-73.625;16.16;13.14;0.01131;16990848.0;-0.003035;16.31
Puente_Nacional;Santander;2012-11-01;5.875;-73.625;16.25;13.61;0.007527;17204480.0;-0.003032;16.34
Puente_Nacional;Santander;2012-12-01;5.875;-73.625;15.88;13.05;0.004488;17788672.0;-0.00303;15.84
Puente_Nacional;Santander;2013-01-01;5.875;-73.625;16.44;12.52;0.00214;19460352.0;-0.003139;16.41
Puente_Nacional;Santander;2013-02-01;5.875;-73.625;16.02;13.52;0.007822;17894528.0;-0.003186;16.34
Puente_Nacional;Santander;2013-03-01;5.875;-73.625;16.83;13.9;0.008732;18419440.0;-0.003309;17.15
Puente_Nacional;Santander;2013-04-01;5.875;-73.625;16.91;13.95;0.010435;18281472.0;-0.003288;17.21
Puente_Nacional;Santander;2013-05-01;5.875;-73.625;16.5;13.94;0.013327;15774208.0;-0.003;16.51
Puente_Nacional;Santander;2013-06-01;5.875;-73.625;16.5;12.63;0.007242;17931008.0;-0.003255;16.36
Puente_Nacional;Santander;2013-07-01;5.875;-73.625;16.19;11.67;0.006857;19019904.0;-0.003179;16.25
Puente_Nacional;Santander;2013-08-01;5.875;-73.625;16.28;12.38;0.009976;17996160.0;-0.003071;16.41
Puente_Nacional;Santander;2013-09-01;5.875;-73.625;16.37;12.19;0.009343;18776560.0;-0.003096;16.58
Puente_Nacional;Santander;2013-10-01;5.875;-73.625;16.07;12.58;0.008544;17997056.0;-0.00305;16.28
Puente_Nacional;Santander;2013-11-01;5.875;-73.625;15.71;13.32;0.007406;16810496.0;-0.002924;15.83
Puente_Nacional;Santander;2013-12-01;5.875;-73.625;15.86;13.21;0.006292;17518592.0;-0.003096;15.95
Puente_Nacional;Santander;2014-01-01;5.875;-73.625;15.97;13.07;0.005067;17825536.0;-0.003084;16.05
Puente_Nacional;Santander;2014-02-01;5.875;-73.625;16.0;13.24;0.008156;18280064.0;-0.003119;16.26
Puente_Nacional;Santander;2014-03-01;5.875;-73.625;16.3;13.64;0.005803;18815472.0;-0.003274;16.49
Puente_Nacional;Santander;2014-04-01;5.875;-73.625;16.99;13.57;0.012395;18633728.0;-0.003396;17.1
Puente_Nacional;Santander;2014-05-01;5.875;-73.625;16.63;13.78;0.010117;17067776.0;-0.003178;16.66
Puente_Nacional;Santander;2014-06-01;5.875;-73.625;16.85;13.0;0.008636;17991424.0;-0.00328;16.78
Puente_Nacional;Santander;2014-07-01;5.875;-73.625;16.72;11.83;0.005042;19505920.0;-0.003186;16.67
Puente_Nacional;Santander;2014-08-01;5.875;-73.625;16.24;11.41;0.007266;19315968.0;-0.002955;16.7
Puente_Nacional;Santander;2014-09-01;5.875;-73.625;16.31;11.86;0.009203;19585904.0;-0.003108;16.74
Puente_Nacional;Santander;2014-10-01;5.875;-73.625;16.08;12.72;0.010312;17444224.0;-0.002951;16.35
Puente_Nacional;Santander;2014-11-01;5.875;-73.625;15.98;13.53;0.00749;16327936.0;-0.00288;15.99
Puente_Nacional;Santander;2014-12-01;5.875;-73.625;16.03;12.82;0.005141;18351616.0;-0.003112;16.01
Puente_Nacional;Santander;2015-01-01;5.875;-73.625;15.89;12.07;0.004503;19046912.0;-0.003074;15.96
Puente_Nacional;Santander;2015-02-01;5.875;-73.625;16.28;13.27;0.006532;18479744.0;-0.00324;16.4
Puente_Nacional;Santander;2015-03-01;5.875;-73.625;16.36;13.68;0.007981;18379440.0;-0.003301;16.54
Puente_Nacional;Santander;2015-04-01;5.875;-73.625;16.78;13.67;0.0114;17904640.0;-0.003386;16.88
Puente_Nacional;Santander;2015-05-01;5.875;-73.625;16.98;13.32;0.009353;18297216.0;-0.003366;16.98
Puente_Nacional;Santander;2015-06-01;5.875;-73.625;16.98;12.52;0.007161;18011904.0;-0.003175;16.86
Puente_Nacional;Santander;2015-07-01;5.875;-73.625;16.82;12.13;0.007745;17852544.0;-0.002876;16.87
Puente_Nacional;Santander;2015-08-01;5.875;-73.625;16.87;11.88;0.006668;19261824.0;-0.002891;17.1
Puente_Nacional;Santander;2015-09-01;5.875;-73.625;17.1;11.49;0.007124;20204400.0;-0.002915;17.49
Puente_Nacional;Santander;2015-10-01;5.875;-73.625;16.81;12.87;0.008179;17404672.0;-0.002822;17.09
Puente_Nacional;Santander;2015-11-01;5.875;-73.625;16.54;13.86;0.010152;16632064.0;-0.003012;16.57
Puente_Nacional;Santander;2015-12-01;5.875;-73.625;17.12;12.48;0.006196;19225344.0;-0.003251;16.98
Puente_Nacional;Santander;2016-01-01;5.875;-73.625;16.99;13.37;0.003546;19150336.0;-0.002925;17.11
Puente_Nacional;Santander;2016-02-01;5.875;-73.625;17.61;14.06;0.006239;18589952.0;-0.003125;17.74
Puente_Nacional;Santander;2016-03-01;5.875;-73.625;17.71;14.7;0.006783;19089600.0;-0.003393;17.94
Puente_Nacional;Santander;2016-04-01;5.875;-73.625;17.2;14.75;0.01211;16852224.0;-0.00323;17.61
Puente_Nacional;Santander;2016-05-01;5.875;-73.625;17.2;14.22;0.012376;16552704.0;-0.003165;17.19
Puente_Nacional;Santander;2016-06-01;5.875;-73.625;16.71;12.72;0.008132;18326912.0;-0.003371;16.66
Puente_Nacional;Santander;2016-07-01;5.875;-73.625;16.32;12.56;0.009426;18025344.0;-0.003147;16.55
Puente_Nacional;Santander;2016-08-01;5.875;-73.625;16.56;12.1;0.006626;19880576.0;-0.003201;16.97
Puente_Nacional;Santander;2016-09-01;5.875;-73.625;16.38;12.53;0.009214;19065840.0;-0.003154;16.79
Puente_Nacional;Santander;2016-10-01;5.875;-73.625;16.38;13.58;0.010104;16576639.0;-0.002933;16.64
Puente_Nacional;Santander;2016-11-01;5.875;-73.625;16.11;13.91;0.007964;16472064.0;-0.00295;16.25
Puente_Nacional;Santander;2016-12-01;5.875;-73.625;16.04;13.72;0.008184;16216320.0;-0.002934;16.0
Puente_Nacional;Santander;2017-01-01;5.875;-73.625;15.74;12.78;0.005163;18791424.0;-0.003271;15.53
Puente_Nacional;Santander;2017-02-01;5.875;-73.625;16.1;12.36;0.00342;20747392.0;-0.003406;15.88
Puente_Nacional;Santander;2017-03-01;5.875;-73.625;15.78;13.73;0.009774;16803613.5;-0.003079;16.15
Puente_Nacional;Santander;2017-04-01;5.875;-73.625;16.67;13.72;0.00885;18809984.0;-0.003455;16.78
Puente_Nacional;Santander;2017-05-01;5.875;-73.625;16.66;14.06;0.011502;16984064.0;-0.003215;16.76
Puente_Nacional;Santander;2017-06-01;5.875;-73.625;16.52;13.72;0.0111;17149440.0;-0.003238;16.62
Puente_Nacional;Santander;2017-07-01;5.875;-73.625;16.66;12.6;0.008233;18392704.0;-0.003381;16.45
Puente_Nacional;Santander;2017-08-01;5.875;-73.625;16.47;12.66;0.00729;19859072.0;-0.003442;16.66
Puente_Nacional;Santander;2017-09-01;5.875;-73.625;16.31;12.88;0.01044;19183696.0;-0.003439;16.74
Puente_Nacional;Santander;2017-10-01;5.875;-73.625;16.14;13.2;0.00827;17929216.0;-0.00324;16.42
Puente_Nacional;Santander;2017-11-01;5.875;-73.625;16.07;14.02;0.006536;16590848.0;-0.002974;16.18
Puente_Nacional;Santander;2017-12-01;5.875;-73.625;15.96;13.01;0.002977;18677504.0;-0.00314;15.86
Puente_Nacional;Santander;2018-01-01;5.875;-73.625;15.69;13.0;0.005698;18062592.0;-0.0032;15.74
Puente_Nacional;Santander;2018-02-01;5.875;-73.625;16.02;12.54;0.003538;20109824.0;-0.003387;15.83
Puente_Nacional;Santander;2018-03-01;5.875;-73.625;16.12;13.29;0.007819;19552680.0;-0.003474;16.5
Puente_Nacional;Santander;2018-04-01;5.875;-73.625;15.8;13.49;0.009838;16955392.0;-0.00314;16.12
Puente_Nacional;Santander;2018-05-01;5.875;-73.625;16.13;13.92;0.014992;15989504.0;-0.003068;16.42
Puente_Nacional;Santander;2018-06-01;5.875;-73.625;16.4;12.87;0.008692;18351104.0;-0.003371;16.52
Puente_Nacional;Santander;2018-07-01;5.875;-73.625;16.32;12.38;0.006315;19002880.0;-0.003342;16.32
Puente_Nacional;Santander;2018-08-01;5.875;-73.625;15.97;11.32;0.004649;20516352.0;-0.003397;16.18
Puente_Nacional;Santander;2018-09-01;5.875;-73.625;16.02;12.66;0.008877;18896992.0;-0.003364;16.4
Puente_Nacional;Santander;2018-10-01;5.875;-73.625;16.2;13.92;0.010531;16668800.0;-0.003085;16.34
Puente_Nacional;Santander;2018-11-01;5.875;-73.625;16.3;14.22;0.00706;16766464.0;-0.003061;16.38
Puente_Nacional;Santander;2018-12-01;5.875;-73.625;15.91;12.14;0.001979;20107776.0;-0.003297;15.69
Puente_Nacional;Santander;2019-01-01;5.875;-73.625;16.04;12.56;0.002751;19107840.0;-0.003147;16.0
Puente_Nacional;Santander;2019-02-01;5.875;-73.625;16.59;13.92;0.00691;18862976.0;-0.003432;16.97
Puente_Nacional;Santander;2019-03-01;5.875;-73.625;16.55;14.35;0.009596;17721552.0;-0.003296;16.95
Puente_Nacional;Santander;2019-04-01;5.875;-73.625;16.76;14.33;0.010514;17349504.0;-0.003279;17.0
Puente_Nacional;Santander;2019-05-01;5.875;-73.625;16.79;14.21;0.012962;16201600.0;-0.003099;16.88
Puente_Nacional;Santander;2019-06-01;5.875;-73.625;17.03;13.49;0.008605;18202496.0;-0.003448;16.79
Puente_Nacional;Santander;2019-07-01;5.875;-73.625;16.56;12.6;0.005714;19432320.0;-0.003467;16.58
Puente_Nacional;Santander;2019-08-01;5.875;-73.625;16.27;11.6;0.003365;20479488.0;-0.003403;16.42
Puente_Nacional;Santander;2019-09-01;5.875;-73.625;16.5;12.62;0.00702;19518356.0;-0.003183;16.82
Puente_Nacional;Santander;2019-10-01;5.875;-73.625;15.79;13.24;0.009026;17422976.0;-0.003173;16.16
Puente_Nacional;Santander;2019-11-01;5.875;-73.625;16.08;13.84;0.005491;17489920.0;-0.00311;16.32
Puente_Nacional;Santander;2019-12-01;5.875;-73.625;16.39;13.63;0.004615;18062848.0;-0.003053;16.32
Puente_Nacional;Santander;2020-01-01;5.875;-73.625;16.22;12.37;0.001219;19937280.0;-0.003088;16.0
Puente_Nacional;Santander;2020-02-01;5.875;-73.625;17.04;12.66;0.00287;20572160.0;-0.003198;16.98
Puente_Nacional;Santander;2020-03-01;5.875;-73.625;16.68;13.7;0.005692;20700496.0;-0.003572;16.98
Puente_Nacional;Santander;2020-04-01;5.875;-73.625;16.92;14.11;0.009038;18720256.0;-0.003473;17.24
Puente_Nacional;Santander;2020-05-01;5.875;-73.625;17.6;14.22;0.009601;17586944.0;-0.003345;17.54
Puente_Nacional;Santander;2020-06-01;5.875;-73.625;16.6;13.31;0.008292;17556096.0;-0.003291;16.68
Puente_Nacional;Santander;2020-07-01;5.875;-73.625;16.41;13.03;0.009584;17560320.0;-0.003203;16.43
Puente_Nacional;Santander;2020-08-01;5.875;-73.625;16.59;12.97;0.008419;18344832.0;-0.003252;16.74
Puente_Nacional;Santander;2020-09-01;5.875;-73.625;16.09;12.62;0.009635;18861792.0;-0.003362;16.49
Puente_Nacional;Santander;2020-10-01;5.875;-73.625;16.28;12.98;0.010551;17868416.0;-0.003138;16.52
Puente_Nacional;Santander;2020-11-01;5.875;-73.625;15.88;14.07;0.009958;15748864.0;-0.002878;16.08
Puente_Nacional;Santander;2020-12-01;5.875;-73.625;15.75;13.24;0.00464;17639424.0;-0.002985;15.74
Puente_Nacional;Santander;2021-01-01;5.875;-73.625;15.98;11.81;0.002866;20352256.0;-0.00329;15.57
Puente_Nacional;Santander;2021-02-01;5.875;-73.625;15.94;12.47;0.004281;19788800.0;-0.003251;16.22
Puente_Nacional;Santander;2021-03-01;5.875;-73.625;15.36;12.97;0.00888;17988256.0;-0.003234;15.92
Puente_Nacional;Santander;2021-04-01;5.875;-73.625;16.32;13.71;0.011935;16950784.0;-0.00318;16.49
Puente_Nacional;Santander;2021-05-01;5.875;-73.625;16.69;14.0;0.010665;16631040.0;-0.003136;16.53
Puente_Nacional;Santander;2021-06-01;5.875;-73.625;16.1;13.32;0.01019;16986368.0;-0.003196;16.24
Puente_Nacional;Santander;2021-07-01;5.875;-73.625;16.45;12.45;0.008203;18394240.0;-0.003332;16.31
Puente_Nacional;Santander;2021-08-01;5.875;-73.625;16.1;12.83;0.010093;18040320.0;-0.003215;16.38
Puente_Nacional;Santander;2021-09-01;5.875;-73.625;16.01;12.67;0.009228;18622712.0;-0.003348;16.2
Puente_Nacional;Santander;2021-10-01;5.875;-73.625;16.12;13.74;0.010646;17179520.0;-0.003111;16.49
Puente_Nacional;Santander;2021-11-01;5.875;-73.625;15.81;13.66;0.006903;17326848.0;-0.00303;15.89
Puente_Nacional;Santander;2021-12-01;5.875;-73.625;16.14;13.98;0.005473;17123584.0;-0.003037;16.27
Puente_Nacional;Santander;2022-01-01;5.875;-73.625;15.58;12.84;0.003492;18942464.0;-0.003188;15.65
Puente_Nacional;Santander;2022-02-01;5.875;-73.625;15.41;13.15;0.007157;17649280.0;-0.003097;15.68
Puente_Nacional;Santander;2022-03-01;5.875;-73.625;15.87;13.7;0.009582;17936832.0;-0.003256;16.2
Puente_Nacional;Santander;2022-04-01;5.875;-73.625;16.06;13.74;0.012206;16561407.0;-0.003118;16.47
Puente_Nacional;Santander;2022-05-01;5.875;-73.625;16.73;13.78;0.010814;16404480.0;-0.00311;16.58
Puente_Nacional;Santander;2022-06-01;5.875;-73.625;15.54;13.4;0.01193;16091392.0;-0.00302;15.88
Puente_Nacional;Santander;2022-07-01;5.875;-73.625;16.05;12.89;0.008719;17877632.0;-0.003314;16.22
Puente_Nacional;Santander;2022-08-01;5.875;-73.625;15.77;12.32;0.008421;18294656.0;-0.00334;16.11
Puente_Nacional;Santander;2022-09-01;5.875;-73.625;15.5;12.78;0.009981;18486024.0;-0.003374;16.22
Puente_Nacional;Santander;2022-10-01;5.875;-73.625;15.65;13.44;0.008945;16736256.0;-0.003053;16.01
Puente_Nacional;Santander;2022-11-01;5.875;-73.625;15.72;13.66;0.008938;15702016.0;-0.002874;15.9
Puente_Nacional;Santander;2022-12-01;5.875;-73.625;15.43;12.84;0.003715;18050304.0;-0.003105;15.48
Puente_Nacional;Santander;2023-01-01;5.875;-73.625;15.32;12.8;0.005904;18279936.0;-0.003212;15.23
Puente_Nacional;Santander;2023-02-01;5.875;-73.625;15.8;12.89;0.005413;19981952.0;-0.003539;15.96
Puente_Nacional;Santander;2023-03-01;5.875;-73.625;15.82;13.84;0.010086;16899171.75;-0.003148;16.2
Puente_Nacional;Santander;2023-04-01;5.875;-73.625;16.24;13.96;0.009732;16808320.0;-0.003118;16.41
Puente_Nacional;Santander;2023-05-01;5.875;-73.625;17.31;14.27;0.009908;17248896.0;-0.003248;17.12
Puente_Nacional;Santander;2023-06-01;5.875;-73.625;17.21;13.21;0.007229;18024320.0;-0.00331;16.93
Puente_Nacional;Santander;2023-07-01;5.875;-73.625;17.1;13.17;0.007495;18434944.0;-0.003285;17.02
Puente_Nacional;Santander;2023-08-01;5.875;-73.625;17.24;12.86;0.006415;19835520.0;-0.00327;17.27
Puente_Nacional;Santander;2023-09-01;5.875;-73.625;17.22;12.46;0.006498;20592712.0;-0.00318;17.51
Puente_Nacional;Santander;2023-10-01;5.875;-73.625;16.62;13.9;0.009978;16945408.0;-0.002971;17.14
Puente_Nacional;Santander;2023-11-01;5.875;-73.625;16.89;14.27;0.008165;16946688.0;-0.003053;16.91
Puente_Nacional;Santander;2023-12-01;5.875;-73.625;17.04;14.36;0.004034;17978112.0;-0.003067;17.06
Puente_Nacional;Santander;2024-01-01;5.875;-73.625;17.55;13.07;0.001357;21829120.0;-0.00332;16.95
Puente_Nacional;Santander;2024-02-01;5.875;-73.625;17.19;14.52;0.006815;18850944.0;-0.003371;17.29
Puente_Nacional;Santander;2024-03-01;5.875;-73.625;17.55;14.5;0.005199;20629776.0;-0.003552;17.84
Puente_Nacional;Santander;2024-04-01;5.875;-73.625;17.23;14.7;0.011526;17346048.0;-0.003262;17.57
Puente_Nacional;Santander;2024-05-01;5.875;-73.625;17.84;15.01;0.011686;16113920.0;-0.003122;17.65
Puente_Nacional;Santander;2024-06-01;5.875;-73.625;17.07;14.31;0.010374;16432768.0;-0.003164;17.03
Puente_Nacional;Santander;2024-07-01;5.875;-73.625;17.16;13.21;0.006864;18603136.0;-0.003399;16.96
Puente_Nacional;Santander;2024-08-01;5.875;-73.625;16.82;12.57;0.005812;20047360.0;-0.003445;16.91
Puente_Nacional;Santander;2024-09-01;5.875;-73.625;17.08;12.65;0.007566;19404000.0;-0.003092;17.51
Puente_Nacional;Santander;2024-10-01;5.875;-73.625;16.78;13.76;0.008903;17553280.0;-0.003202;16.92
Puente_Nacional;Santander;2024-11-01;5.875;-73.625;16.14;14.19;0.009596;14828032.0;-0.002772;16.36
Puente_Nacional;Santander;2024-12-01;5.875;-73.625;16.47;13.83;0.0053;17214720.0;-0.002998;16.29
San_Benito;Santander;2007-01-01;6.125;-73.5;18.26;15.77;0.004466;19418112.0;-0.003534;18.26
San_Benito;Santander;2007-02-01;6.125;-73.5;18.42;14.36;0.001592;21818880.0;-0.003484;18.08
San_Benito;Santander;2007-03-01;6.125;-73.5;18.06;15.42;0.007787;18192272.0;-0.003144;18.45
San_Benito;Santander;2007-04-01;6.125;-73.5;18.34;16.35;0.009697;17464320.0;-0.00333;18.38
San_Benito;Santander;2007-05-01;6.125;-73.5;18.02;16.3;0.013508;16484096.0;-0.00325;18.26
San_Benito;Santander;2007-06-01;6.125;-73.5;17.89;15.58;0.006736;18096640.0;-0.003425;17.92
San_Benito;Santander;2007-07-01;6.125;-73.5;17.76;15.11;0.005264;19220992.0;-0.003561;17.83
San_Benito;Santander;2007-08-01;6.125;-73.5;17.58;15.22;0.00931;18133248.0;-0.003457;17.73
San_Benito;Santander;2007-09-01;6.125;-73.5;17.73;15.35;0.009116;19491962.0;-0.003688;17.96
San_Benito;Santander;2007-10-01;6.125;-73.5;17.26;15.52;0.009464;16907264.0;-0.003239;17.64
San_Benito;Santander;2007-11-01;6.125;-73.5;17.62;15.64;0.007673;17253376.0;-0.003185;17.61
San_Benito;Santander;2007-12-01;6.125;-73.5;17.0;14.94;0.004105;16854016.0;-0.002961;16.9
San_Benito;Santander;2008-01-01;6.125;-73.5;17.39;15.07;0.0029;18316288.0;-0.003098;17.23
San_Benito;Santander;2008-02-01;6.125;-73.5;17.4;14.92;0.003465;19300352.0;-0.003176;17.3
San_Benito;Santander;2008-03-01;6.125;-73.5;17.53;15.02;0.004186;19595936.0;-0.003166;17.58
San_Benito;Santander;2008-04-01;6.125;-73.5;17.65;15.37;0.007174;17998848.0;-0.003256;17.72
San_Benito;Santander;2008-05-01;6.125;-73.5;17.77;15.68;0.008642;16576256.0;-0.003149;17.7
San_Benito;Santander;2008-06-01;6.125;-73.5;17.78;15.72;0.009866;17402112.0;-0.003305;17.76
San_Benito;Santander;2008-07-01;6.125;-73.5;17.77;15.26;0.008508;17888256.0;-0.003398;17.7
San_Benito;Santander;2008-08-01;6.125;-73.5;17.48;15.31;0.008536;18069504.0;-0.003397;17.6
San_Benito;Santander;2008-09-01;6.125;-73.5;17.78;15.32;0.008233;18930376.0;-0.003538;17.89
San_Benito;Santander;2008-10-01;6.125;-73.5;17.66;15.4;0.006547;17849344.0;-0.003282;17.66
San_Benito;Santander;2008-11-01;6.125;-73.5;17.56;15.76;0.008402;14712320.0;-0.002724;17.42
San_Benito;Santander;2008-12-01;6.125;-73.5;17.42;14.86;0.002714;17078272.0;-0.00295;17.06
San_Benito;Santander;2009-01-01;6.125;-73.5;17.48;15.26;0.004146;17159168.0;-0.002932;17.33
San_Benito;Santander;2009-02-01;6.125;-73.5;17.43;15.1;0.004673;18874880.0;-0.003216;17.54
San_Benito;Santander;2009-03-01;6.125;-73.5;17.49;15.39;0.007277;18297904.0;-0.003318;17.77
San_Benito;Santander;2009-04-01;6.125;-73.5;18.23;16.07;0.009496;18972672.0;-0.003502;18.27
San_Benito;Santander;2009-05-01;6.125;-73.5;18.27;15.9;0.008971;18259968.0;-0.0035;18.24
San_Benito;Santander;2009-06-01;6.125;-73.5;18.14;15.82;0.010168;17563136.0;-0.003352;18.1
San_Benito;Santander;2009-07-01;6.125;-73.5;18.05;15.29;0.006328;19626240.0;-0.003678;18.09
San_Benito;Santander;2009-08-01;6.125;-73.5;18.26;15.62;0.007776;18670592.0;-0.003503;18.26
San_Benito;Santander;2009-09-01;6.125;-73.5;18.56;15.42;0.006198;21124812.0;-0.003867;18.5
San_Benito;Santander;2009-10-01;6.125;-73.5;18.17;15.6;0.00659;17960960.0;-0.003269;18.1
San_Benito;Santander;2009-11-01;6.125;-73.5;18.39;16.13;0.00527;17277952.0;-0.003145;18.1
San_Benito;Santander;2009-12-01;6.125;-73.5;18.06;15.81;0.003312;17806848.0;-0.003062;17.86
San_Benito;Santander;2010-01-01;6.125;-73.5;18.94;15.2;0.001655;20631040.0;-0.003136;18.71
San_Benito;Santander;2010-02-01;6.125;-73.5;19.73;16.22;0.0031;19674112.0;-0.00297;19.67
San_Benito;Santander;2010-03-01;6.125;-73.5;19.48;16.82;0.006418;19470320.0;-0.003472;19.43
San_Benito;Santander;2010-04-01;6.125;-73.5;19.38;16.91;0.009141;17129728.0;-0.0033;19.11
San_Benito;Santander;2010-05-01;6.125;-73.5;19.12;16.92;0.011738;16208384.0;-0.003181;18.9
San_Benito;Santander;2010-06-01;6.125;-73.5;18.63;16.26;0.012254;17306112.0;-0.003388;18.48
San_Benito;Santander;2010-07-01;6.125;-73.5;17.92;15.92;0.013434;16252672.0;-0.003185;18.0
San_Benito;Santander;2010-08-01;6.125;-73.5;17.99;15.57;0.010916;18111744.0;-0.003515;18.17
San_Benito;Santander;2010-09-01;6.125;-73.5;17.78;15.72;0.010948;17144440.0;-0.003356;17.88
San_Benito;Santander;2010-10-01;6.125;-73.5;18.1;15.62;0.010708;17056768.0;-0.003218;17.87
San_Benito;Santander;2010-11-01;6.125;-73.5;17.78;15.82;0.010894;13685248.0;-0.002602;17.33
San_Benito;Santander;2010-12-01;6.125;-73.5;17.75;15.54;0.006853;14681600.0;-0.002738;17.22
San_Benito;Santander;2011-01-01;6.125;-73.5;17.98;15.23;0.002814;18325504.0;-0.003177;17.38
San_Benito;Santander;2011-02-01;6.125;-73.5;18.0;15.06;0.004113;18794752.0;-0.003024;17.66
San_Benito;Santander;2011-03-01;6.125;-73.5;17.72;14.92;0.006536;17838944.0;-0.003104;17.52
San_Benito;Santander;2011-04-01;6.125;-73.5;18.15;15.82;0.012696;15721984.0;-0.00302;17.81
San_Benito;Santander;2011-05-01;6.125;-73.5;18.6;16.16;0.012365;16318720.0;-0.003246;18.18
San_Benito;Santander;2011-06-01;6.125;-73.5;18.69;15.78;0.009096;17894400.0;-0.00343;18.35
San_Benito;Santander;2011-07-01;6.125;-73.5;18.06;15.1;0.008075;18152704.0;-0.00346;17.93
San_Benito;Santander;2011-08-01;6.125;-73.5;18.27;15.16;0.008433;19578368.0;-0.003716;18.07
San_Benito;Santander;2011-09-01;6.125;-73.5;18.2;15.23;0.00678;19244264.0;-0.003634;18.06
San_Benito;Santander;2011-10-01;6.125;-73.5;17.69;15.56;0.009471;15067648.0;-0.002891;17.4
San_Benito;Santander;2011-11-01;6.125;-73.5;17.71;15.76;0.009764;14269952.0;-0.002738;17.32
San_Benito;Santander;2011-12-01;6.125;-73.5;18.18;15.89;0.006004;15840255.0;-0.002927;17.56
San_Benito;Santander;2012-01-01;6.125;-73.5;17.79;15.38;0.003202;17872384.0;-0.003182;17.38
San_Benito;Santander;2012-02-01;6.125;-73.5;18.06;14.75;0.002814;19610880.0;-0.003092;17.65
San_Benito;Santander;2012-03-01;6.125;-73.5;18.25;15.24;0.007362;18898416.0;-0.00323;18.3
San_Benito;Santander;2012-04-01;6.125;-73.5;18.03;15.72;0.00883;15964928.0;-0.003045;17.8
San_Benito;Santander;2012-05-01;6.125;-73.5;18.4;15.78;0.011157;17375488.0;-0.003371;18.13
San_Benito;Santander;2012-06-01;6.125;-73.5;18.21;15.07;0.00564;19491072.0;-0.00359;17.97
San_Benito;Santander;2012-07-01;6.125;-73.5;18.05;15.0;0.006335;18819072.0;-0.003549;18.01
San_Benito;Santander;2012-08-01;6.125;-73.5;18.08;15.08;0.009534;19155968.0;-0.003684;18.17
San_Benito;Santander;2012-09-01;6.125;-73.5;17.98;14.82;0.007388;20132656.0;-0.003729;18.15
San_Benito;Santander;2012-10-01;6.125;-73.5;18.3;15.7;0.008876;17064448.0;-0.003228;18.04
San_Benito;Santander;2012-11-01;6.125;-73.5;18.41;16.04;0.004955;17268224.0;-0.003125;18.05
San_Benito;Santander;2012-12-01;6.125;-73.5;18.14;15.57;0.00293;18073088.0;-0.00309;17.61
San_Benito;Santander;2013-01-01;6.125;-73.5;18.75;15.18;0.001311;20015104.0;-0.003112;18.3
San_Benito;Santander;2013-02-01;6.125;-73.5;18.41;15.78;0.00575;18495232.0;-0.003134;18.36
San_Benito;Santander;2013-03-01;6.125;-73.5;19.0;16.4;0.006346;19007600.0;-0.003316;19.01
San_Benito;Santander;2013-04-01;6.125;-73.5;19.04;16.37;0.007236;18981888.0;-0.003354;19.06
San_Benito;Santander;2013-05-01;6.125;-73.5;18.65;16.35;0.011541;16024832.0;-0.003112;18.38
San_Benito;Santander;2013-06-01;6.125;-73.5;18.55;15.58;0.005898;18224640.0;-0.003409;18.2
San_Benito;Santander;2013-07-01;6.125;-73.5;18.29;14.95;0.0051;19547392.0;-0.003556;18.0
San_Benito;Santander;2013-08-01;6.125;-73.5;18.24;15.46;0.009046;18375424.0;-0.003449;18.07
San_Benito;Santander;2013-09-01;6.125;-73.5;18.27;15.44;0.008322;18916212.0;-0.003575;18.15
San_Benito;Santander;2013-10-01;6.125;-73.5;18.07;15.41;0.006098;17898496.0;-0.003281;17.89
San_Benito;Santander;2013-11-01;6.125;-73.5;17.98;15.52;0.00466;17042944.0;-0.003032;17.58
San_Benito;Santander;2013-12-01;6.125;-73.5;18.05;15.52;0.004682;18166784.0;-0.003148;17.8
San_Benito;Santander;2014-01-01;6.125;-73.5;18.42;15.28;0.002916;18462208.0;-0.00288;18.2
San_Benito;Santander;2014-02-01;6.125;-73.5;18.5;15.38;0.005008;18910720.0;-0.002926;18.49
San_Benito;Santander;2014-03-01;6.125;-73.5;18.79;15.8;0.003375;19280880.0;-0.003053;18.58
San_Benito;Santander;2014-04-01;6.125;-73.5;19.28;16.14;0.01052;19214336.0;-0.003329;19.26
San_Benito;Santander;2014-05-01;6.125;-73.5;18.8;16.3;0.00863;17456128.0;-0.00326;18.52
San_Benito;Santander;2014-06-01;6.125;-73.5;18.92;15.98;0.007524;18626560.0;-0.003457;18.76
San_Benito;Santander;2014-07-01;6.125;-73.5;19.01;15.06;0.003734;20318720.0;-0.003561;18.78
San_Benito;Santander;2014-08-01;6.125;-73.5;18.34;14.89;0.00763;19733248.0;-0.003526;18.52
San_Benito;Santander;2014-09-01;6.125;-73.5;18.2;15.14;0.007859;19687028.0;-0.003572;18.33
San_Benito;Santander;2014-10-01;6.125;-73.5;18.07;15.53;0.00968;17798656.0;-0.00333;18.02
San_Benito;Santander;2014-11-01;6.125;-73.5;18.14;15.82;0.00575;16507392.0;-0.003014;17.72
San_Benito;Santander;2014-12-01;6.125;-73.5;18.4;15.46;0.002856;18888192.0;-0.003138;17.89
San_Benito;Santander;2015-01-01;6.125;-73.5;18.08;14.72;0.002724;19551232.0;-0.003118;17.84
San_Benito;Santander;2015-02-01;6.125;-73.5;18.64;15.62;0.004004;18945024.0;-0.003202;18.4
San_Benito;Santander;2015-03-01;6.125;-73.5;18.84;15.74;0.005632;19235376.0;-0.00315;18.77
San_Benito;Santander;2015-04-01;6.125;-73.5;18.88;16.18;0.008769;18625792.0;-0.003567;18.73
San_Benito;Santander;2015-05-01;6.125;-73.5;19.01;16.1;0.007617;18909184.0;-0.003532;18.88
San_Benito;Santander;2015-06-01;6.125;-73.5;19.17;15.55;0.00604;19009024.0;-0.003494;18.94
San_Benito;Santander;2015-07-01;6.125;-73.5;18.87;15.38;0.007061;18379520.0;-0.003305;18.74
San_Benito;Santander;2015-08-01;6.125;-73.5;18.9;15.28;0.006527;19620096.0;-0.003508;18.84
San_Benito;Santander;2015-09-01;6.125;-73.5;19.05;15.18;0.006475;20233838.0;-0.003456;19.1
San_Benito;Santander;2015-10-01;6.125;-73.5;18.87;15.91;0.008117;17516032.0;-0.003067;18.84
San_Benito;Santander;2015-11-01;6.125;-73.5;18.62;16.31;0.008512;16843264.0;-0.003153;18.3
San_Benito;Santander;2015-12-01;6.125;-73.5;19.2;15.57;0.005158;19496448.0;-0.003349;18.88
San_Benito;Santander;2016-01-01;6.125;-73.5;19.46;15.7;0.0032;19291648.0;-0.002798;19.25
San_Benito;Santander;2016-02-01;6.125;-73.5;19.95;16.64;0.005876;19273984.0;-0.00317;19.9
San_Benito;Santander;2016-03-01;6.125;-73.5;20.12;16.88;0.005262;19968064.0;-0.003312;20.04
San_Benito;Santander;2016-04-01;6.125;-73.5;19.44;16.98;0.009673;17440768.0;-0.003248;19.6
San_Benito;Santander;2016-05-01;6.125;-73.5;19.22;16.74;0.01144;17135360.0;-0.003376;19.03
San_Benito;Santander;2016-06-01;6.125;-73.5;18.73;15.72;0.006458;18955264.0;-0.003618;18.55
San_Benito;Santander;2016-07-01;6.125;-73.5;18.31;15.6;0.008137;18481408.0;-0.003505;18.3
San_Benito;Santander;2016-08-01;6.125;-73.5;18.56;15.48;0.005504;20149760.0;-0.003686;18.67
San_Benito;Santander;2016-09-01;6.125;-73.5;18.39;15.6;0.007272;19255916.0;-0.003529;18.42
San_Benito;Santander;2016-10-01;6.125;-73.5;18.45;16.12;0.010324;16791039.5;-0.003226;18.38
San_Benito;Santander;2016-11-01;6.125;-73.5;18.36;16.14;0.006296;16702464.0;-0.003112;18.05
San_Benito;Santander;2016-12-01;6.125;-73.5;18.36;15.96;0.005688;16677376.0;-0.003032;17.8
San_Benito;Santander;2017-01-01;6.125;-73.5;18.33;14.77;0.003078;19522560.0;-0.003093;17.76
San_Benito;Santander;2017-02-01;6.125;-73.5;18.9;14.02;0.001762;21627648.0;-0.002853;18.48
San_Benito;Santander;2017-03-01;6.125;-73.5;18.26;15.63;0.007352;17747088.0;-0.003024;18.42
San_Benito;Santander;2017-04-01;6.125;-73.5;19.13;16.01;0.006021;19474944.0;-0.00341;18.99
San_Benito;Santander;2017-05-01;6.125;-73.5;18.94;16.46;0.008784;17629184.0;-0.003306;18.87
San_Benito;Santander;2017-06-01;6.125;-73.5;18.77;16.16;0.007904;17588992.0;-0.003267;18.7
San_Benito;Santander;2017-07-01;6.125;-73.5;18.9;15.54;0.006328;19080192.0;-0.003608;18.63
San_Benito;Santander;2017-08-01;6.125;-73.5;18.62;15.6;0.005936;20025856.0;-0.003647;18.6
San_Benito;Santander;2017-09-01;6.125;-73.5;18.39;15.74;0.00889;19331664.0;-0.003595;18.69
San_Benito;Santander;2017-10-01;6.125;-73.5;18.35;15.88;0.00668;18068736.0;-0.003352;18.3
San_Benito;Santander;2017-11-01;6.125;-73.5;18.36;16.16;0.004168;17190400.0;-0.003045;18.07
San_Benito;Santander;2017-12-01;6.125;-73.5;18.58;15.02;0.001664;19117568.0;-0.002836;18.06
San_Benito;Santander;2018-01-01;6.125;-73.5;18.2;15.06;0.003404;18474496.0;-0.002917;17.94
San_Benito;Santander;2018-02-01;6.125;-73.5;19.08;13.71;0.002288;20858880.0;-0.00265;18.63
San_Benito;Santander;2018-03-01;6.125;-73.5;18.87;15.21;0.004464;20344368.0;-0.003006;19.15
San_Benito;Santander;2018-04-01;6.125;-73.5;18.32;15.56;0.006708;17898752.0;-0.003053;18.46
San_Benito;Santander;2018-05-01;6.125;-73.5;18.26;16.3;0.01193;16339712.0;-0.003187;18.28
San_Benito;Santander;2018-06-01;6.125;-73.5;18.47;15.72;0.006832;18893824.0;-0.003555;18.44
San_Benito;Santander;2018-07-01;6.125;-73.5;18.47;15.3;0.005292;19730432.0;-0.003601;18.31
San_Benito;Santander;2018-08-01;6.125;-73.5;18.36;14.38;0.003423;21037312.0;-0.003643;18.36
San_Benito;Santander;2018-09-01;6.125;-73.5;18.2;15.52;0.007769;18951384.0;-0.00351;18.37
San_Benito;Santander;2018-10-01;6.125;-73.5;18.51;16.13;0.007886;16856320.0;-0.003149;18.22
San_Benito;Santander;2018-11-01;6.125;-73.5;18.6;16.39;0.004996;17272832.0;-0.003051;18.31
San_Benito;Santander;2018-12-01;6.125;-73.5;18.6;14.12;0.00087;20435456.0;-0.002709;18.12
San_Benito;Santander;2019-01-01;6.125;-73.5;18.78;14.4;0.001932;19651072.0;-0.002688;18.62
San_Benito;Santander;2019-02-01;6.125;-73.5;19.34;15.56;0.003798;19660800.0;-0.002884;19.49
San_Benito;Santander;2019-03-01;6.125;-73.5;19.09;16.19;0.005747;18627136.0;-0.00295;19.34
San_Benito;Santander;2019-04-01;6.125;-73.5;19.19;16.38;0.007222;18215936.0;-0.003218;19.23
San_Benito;Santander;2019-05-01;6.125;-73.5;19.09;16.45;0.0099;16650240.0;-0.003074;19.03
San_Benito;Santander;2019-06-01;6.125;-73.5;19.22;16.22;0.007569;18970880.0;-0.003701;18.86
San_Benito;Santander;2019-07-01;6.125;-73.5;18.88;15.54;0.005006;19965696.0;-0.003692;18.71
San_Benito;Santander;2019-08-01;6.125;-73.5;18.83;14.48;0.002825;21049344.0;-0.003625;18.78
San_Benito;Santander;2019-09-01;6.125;-73.5;19.01;15.28;0.006632;19715096.0;-0.003184;19.08
San_Benito;Santander;2019-10-01;6.125;-73.5;17.96;15.81;0.008256;17730560.0;-0.003312;18.0
San_Benito;Santander;2019-11-01;6.125;-73.5;18.42;16.08;0.003252;17819136.0;-0.003152;18.16
San_Benito;Santander;2019-12-01;6.125;-73.5;18.85;15.88;0.0023;18472448.0;-0.002762;18.5
San_Benito;Santander;2020-01-01;6.125;-73.5;19.02;14.12;0.000696;20149248.0;-0.002494;18.58
San_Benito;Santander;2020-02-01;6.125;-73.5;19.81;14.71;0.002223;20703744.0;-0.002702;19.58
San_Benito;Santander;2020-03-01;6.125;-73.5;19.24;15.46;0.004372;21365200.0;-0.003319;19.32
San_Benito;Santander;2020-04-01;6.125;-73.5;19.4;16.23;0.006691;19290368.0;-0.003174;19.54
San_Benito;Santander;2020-05-01;6.125;-73.5;19.86;16.7;0.00804;18106880.0;-0.00316;19.8
San_Benito;Santander;2020-06-01;6.125;-73.5;18.66;15.98;0.006825;17899776.0;-0.003353;18.55
San_Benito;Santander;2020-07-01;6.125;-73.5;18.58;15.68;0.008122;17853440.0;-0.003189;18.47
San_Benito;Santander;2020-08-01;6.125;-73.5;18.87;15.7;0.006508;18554368.0;-0.003211;18.87
San_Benito;Santander;2020-09-01;6.125;-73.5;18.29;15.48;0.006954;18983012.0;-0.003463;18.4
San_Benito;Santander;2020-10-01;6.125;-73.5;18.18;15.82;0.010825;17923840.0;-0.003408;18.22
San_Benito;Santander;2020-11-01;6.125;-73.5;18.1;16.15;0.00699;16232448.0;-0.003026;17.86
San_Benito;Santander;2020-12-01;6.125;-73.5;18.08;15.47;0.00242;18186752.0;-0.002975;17.61
San_Benito;Santander;2021-01-01;6.125;-73.5;18.8;13.47;0.001548;20744704.0;-0.002721;18.0
San_Benito;Santander;2021-02-01;6.125;-73.5;18.78;14.1;0.002774;20577280.0;-0.002718;18.92
San_Benito;Santander;2021-03-01;6.125;-73.5;18.1;14.63;0.005524;18858784.0;-0.002898;18.36
San_Benito;Santander;2021-04-01;6.125;-73.5;18.44;16.16;0.010264;17464832.0;-0.003262;18.49
San_Benito;Santander;2021-05-01;6.125;-73.5;18.83;16.48;0.008328;17303552.0;-0.003282;18.45
San_Benito;Santander;2021-06-01;6.125;-73.5;18.2;15.9;0.009302;17553664.0;-0.003368;18.1
San_Benito;Santander;2021-07-01;6.125;-73.5;18.52;15.36;0.008032;18981632.0;-0.00353;18.3
San_Benito;Santander;2021-08-01;6.125;-73.5;18.16;15.6;0.009243;18432000.0;-0.003483;18.21
San_Benito;Santander;2021-09-01;6.125;-73.5;18.18;15.48;0.007694;18998384.0;-0.003489;18.11
San_Benito;Santander;2021-10-01;6.125;-73.5;18.22;16.08;0.008776;17541888.0;-0.003206;18.3
San_Benito;Santander;2021-11-01;6.125;-73.5;18.15;15.82;0.00383;17610752.0;-0.00301;17.81
San_Benito;Santander;2021-12-01;6.125;-73.5;18.56;16.11;0.003236;17452032.0;-0.002795;18.39
San_Benito;Santander;2022-01-01;6.125;-73.5;18.3;14.68;0.001851;19094528.0;-0.002646;18.06
San_Benito;Santander;2022-02-01;6.125;-73.5;18.27;14.74;0.00316;18267904.0;-0.002509;18.2
San_Benito;Santander;2022-03-01;6.125;-73.5;18.46;15.62;0.005982;18666816.0;-0.002924;18.55
San_Benito;Santander;2022-04-01;6.125;-73.5;18.31;16.03;0.009084;17009663.5;-0.003155;18.45
San_Benito;Santander;2022-05-01;6.125;-73.5;18.85;16.42;0.010476;16834048.0;-0.00326;18.52
San_Benito;Santander;2022-06-01;6.125;-73.5;17.64;15.84;0.011672;16272896.0;-0.003147;17.67
San_Benito;Santander;2022-07-01;6.125;-73.5;18.1;15.62;0.007456;18146560.0;-0.003418;18.02
San_Benito;Santander;2022-08-01;6.125;-73.5;17.87;15.27;0.007637;18552320.0;-0.003497;17.91
San_Benito;Santander;2022-09-01;6.125;-73.5;17.63;15.38;0.008891;18847504.0;-0.003586;18.04
San_Benito;Santander;2022-10-01;6.125;-73.5;17.82;15.75;0.007697;17158144.0;-0.00318;17.86
San_Benito;Santander;2022-11-01;6.125;-73.5;18.02;15.84;0.007108;16120832.0;-0.002988;17.82
San_Benito;Santander;2022-12-01;6.125;-73.5;17.99;14.89;0.001968;18534912.0;-0.002905;17.58
San_Benito;Santander;2023-01-01;6.125;-73.5;18.02;14.58;0.003082;18779136.0;-0.002792;17.58
San_Benito;Santander;2023-02-01;6.125;-73.5;18.6;14.4;0.003246;20311808.0;-0.002853;18.48
San_Benito;Santander;2023-03-01;6.125;-73.5;18.37;15.72;0.0068;17428960.0;-0.002895;18.52
San_Benito;Santander;2023-04-01;6.125;-73.5;18.67;16.07;0.008294;17540096.0;-0.003022;18.66
San_Benito;Santander;2023-05-01;6.125;-73.5;19.64;16.65;0.008436;17642752.0;-0.003163;19.3
San_Benito;Santander;2023-06-01;6.125;-73.5;19.4;16.1;0.0065;18428416.0;-0.003441;19.01
San_Benito;Santander;2023-07-01;6.125;-73.5;19.39;16.06;0.006346;19114240.0;-0.00345;19.23
San_Benito;Santander;2023-08-01;6.125;-73.5;19.37;15.96;0.005342;20038144.0;-0.003512;19.21
San_Benito;Santander;2023-09-01;6.125;-73.5;19.31;15.72;0.005697;20887368.0;-0.003486;19.38
San_Benito;Santander;2023-10-01;6.125;-73.5;18.56;16.54;0.009994;17070080.0;-0.003274;18.8
San_Benito;Santander;2023-11-01;6.125;-73.5;19.05;16.84;0.007424;17157120.0;-0.00319;18.72
San_Benito;Santander;2023-12-01;6.125;-73.5;19.32;16.86;0.002984;18454016.0;-0.003158;18.94
San_Benito;Santander;2024-01-01;6.125;-73.5;19.92;15.54;0.000581;22171648.0;-0.003212;19.02
San_Benito;Santander;2024-02-01;6.125;-73.5;19.5;16.9;0.005965;19411712.0;-0.003469;19.24
San_Benito;Santander;2024-03-01;6.125;-73.5;19.98;16.84;0.004646;21176976.0;-0.003479;19.89
San_Benito;Santander;2024-04-01;6.125;-73.5;19.69;16.95;0.007828;17872640.0;-0.003224;19.66
San_Benito;Santander;2024-05-01;6.125;-73.5;19.92;17.55;0.010608;16403968.0;-0.003278;19.49
San_Benito;Santander;2024-06-01;6.125;-73.5;19.14;16.92;0.00887;16615680.0;-0.003278;18.86
San_Benito;Santander;2024-07-01;6.125;-73.5;19.54;16.04;0.005655;19081472.0;-0.003516;19.04
San_Benito;Santander;2024-08-01;6.125;-73.5;19.12;15.73;0.005352;20240384.0;-0.00368;18.87
San_Benito;Santander;2024-09-01;6.125;-73.5;19.19;15.86;0.00809;19473888.0;-0.003492;19.16
San_Benito;Santander;2024-10-01;6.125;-73.5;18.94;16.39;0.00729;17890048.0;-0.003358;18.7
San_Benito;Santander;2024-11-01;6.125;-73.5;18.34;16.26;0.009123;15124480.0;-0.002927;18.12
San_Benito;Santander;2024-12-01;6.125;-73.5;18.78;16.16;0.003658;17549312.0;-0.003031;18.16
San_Gil;Santander;2007-01-01;6.625;-73.125;19.4;16.27;0.006335;19966208.0;-0.003722;19.56
San_Gil;Santander;2007-02-01;6.625;-73.125;19.2;14.71;0.005342;22410240.0;-0.003668;19.15
San_Gil;Santander;2007-03-01;6.625;-73.125;19.19;16.07;0.012748;19096208.0;-0.003435;19.66
San_Gil;Santander;2007-04-01;6.625;-73.125;19.3;17.2;0.021014;18501248.0;-0.003595;19.54
San_Gil;Santander;2007-05-01;6.625;-73.125;18.85;16.98;0.022294;16563712.0;-0.003316;19.2
San_Gil;Santander;2007-06-01;6.625;-73.125;18.86;16.45;0.020345;17400960.0;-0.003384;19.14
San_Gil;Santander;2007-07-01;6.625;-73.125;18.81;15.92;0.018042;18885888.0;-0.003523;19.26
San_Gil;Santander;2007-08-01;6.625;-73.125;18.39;15.97;0.0201;17996928.0;-0.003398;18.92
San_Gil;Santander;2007-09-01;6.625;-73.125;18.6;15.84;0.015602;19306736.0;-0.003546;19.24
San_Gil;Santander;2007-10-01;6.625;-73.125;18.26;16.12;0.016794;18081792.0;-0.003368;18.92
San_Gil;Santander;2007-11-01;6.625;-73.125;18.8;16.26;0.01484;17732608.0;-0.00334;18.98
San_Gil;Santander;2007-12-01;6.625;-73.125;18.02;15.56;0.011156;16975360.0;-0.003093;18.16
San_Gil;Santander;2008-01-01;6.625;-73.125;18.49;15.4;0.006573;18728704.0;-0.003371;18.61
San_Gil;Santander;2008-02-01;6.625;-73.125;18.57;15.72;0.01062;19498112.0;-0.003486;18.78
San_Gil;Santander;2008-03-01;6.625;-73.125;18.66;15.46;0.010076;20653216.0;-0.003514;19.17
San_Gil;Santander;2008-04-01;6.625;-73.125;18.63;16.23;0.015988;18614656.0;-0.003554;19.06
San_Gil;Santander;2008-05-01;6.625;-73.125;18.82;16.44;0.019287;16737664.0;-0.00328;18.94
San_Gil;Santander;2008-06-01;6.625;-73.125;18.7;16.35;0.021401;17569152.0;-0.003482;18.83
San_Gil;Santander;2008-07-01;6.625;-73.125;18.55;15.87;0.022165;17464192.0;-0.003398;18.77
San_Gil;Santander;2008-08-01;6.625;-73.125;18.49;15.71;0.016185;18414592.0;-0.003376;18.98
San_Gil;Santander;2008-09-01;6.625;-73.125;18.74;15.78;0.0141;19531072.0;-0.003557;19.26
San_Gil;Santander;2008-10-01;6.625;-73.125;18.84;15.87;0.015556;18710272.0;-0.003406;19.15
San_Gil;Santander;2008-11-01;6.625;-73.125;18.42;16.4;0.023356;14689024.0;-0.002864;18.58
San_Gil;Santander;2008-12-01;6.625;-73.125;18.34;15.79;0.01051;16926976.0;-0.003166;18.34
San_Gil;Santander;2009-01-01;6.625;-73.125;18.62;15.8;0.010118;18004480.0;-0.00328;18.67
San_Gil;Santander;2009-02-01;6.625;-73.125;18.83;15.84;0.011192;19349248.0;-0.003504;19.16
San_Gil;Santander;2009-03-01;6.625;-73.125;18.63;16.2;0.014084;19195568.0;-0.00365;19.18
San_Gil;Santander;2009-04-01;6.625;-73.125;19.35;16.73;0.016866;19166464.0;-0.003524;19.68
San_Gil;Santander;2009-05-01;6.625;-73.125;19.2;16.48;0.013924;18141184.0;-0.0035;19.4
San_Gil;Santander;2009-06-01;6.625;-73.125;18.98;16.4;0.01908;17483264.0;-0.003391;19.34
San_Gil;Santander;2009-07-01;6.625;-73.125;19.16;16.04;0.018088;18568832.0;-0.003501;19.53
San_Gil;Santander;2009-08-01;6.625;-73.125;19.23;16.24;0.0202;18753536.0;-0.003548;19.62
San_Gil;Santander;2009-09-01;6.625;-73.125;19.66;15.99;0.009835;20764992.0;-0.00378;19.97
San_Gil;Santander;2009-10-01;6.625;-73.125;19.22;16.26;0.013526;18257920.0;-0.003405;19.46
San_Gil;Santander;2009-11-01;6.625;-73.125;19.66;16.53;0.009852;18345728.0;-0.003336;19.64
San_Gil;Santander;2009-12-01;6.625;-73.125;19.48;15.83;0.006774;18925056.0;-0.00329;19.47
San_Gil;Santander;2010-01-01;6.625;-73.125;19.79;15.28;0.002524;21537536.0;-0.003417;19.77
San_Gil;Santander;2010-02-01;6.625;-73.125;20.76;16.81;0.006452;20626816.0;-0.003362;20.92
San_Gil;Santander;2010-03-01;6.625;-73.125;20.59;17.11;0.010897;20803568.0;-0.003689;20.76
San_Gil;Santander;2010-04-01;6.625;-73.125;20.29;17.56;0.017096;17932928.0;-0.003479;20.28
San_Gil;Santander;2010-05-01;6.625;-73.125;19.84;17.46;0.023422;16891520.0;-0.003412;19.94
San_Gil;Santander;2010-06-01;6.625;-73.125;19.21;16.97;0.023102;17581056.0;-0.003554;19.35
San_Gil;Santander;2010-07-01;6.625;-73.125;18.57;16.67;0.023473;15790464.0;-0.003179;18.81
San_Gil;Santander;2010-08-01;6.625;-73.125;18.77;16.41;0.02169;17827456.0;-0.003407;19.24
San_Gil;Santander;2010-09-01;6.625;-73.125;18.62;16.13;0.016558;17936384.0;-0.003375;18.99
San_Gil;Santander;2010-10-01;6.625;-73.125;18.87;16.32;0.020104;17505408.0;-0.003386;19.04
San_Gil;Santander;2010-11-01;6.625;-73.125;18.55;16.52;0.020572;14525952.0;-0.002888;18.31
San_Gil;Santander;2010-12-01;6.625;-73.125;18.47;16.11;0.016986;15737088.0;-0.003086;18.22
San_Gil;Santander;2011-01-01;6.625;-73.125;18.9;15.22;0.007486;19416832.0;-0.00338;18.66
San_Gil;Santander;2011-02-01;6.625;-73.125;18.84;15.86;0.009785;18986112.0;-0.00338;18.85
San_Gil;Santander;2011-03-01;6.625;-73.125;18.45;15.94;0.014984;17866464.0;-0.003391;18.55
San_Gil;Santander;2011-04-01;6.625;-73.125;18.98;16.5;0.01852;16712448.0;-0.003235;18.96
San_Gil;Santander;2011-05-01;6.625;-73.125;19.26;16.94;0.018577;16280064.0;-0.003314;19.07
San_Gil;Santander;2011-06-01;6.625;-73.125;19.28;16.56;0.019235;17425408.0;-0.003464;19.27
San_Gil;Santander;2011-07-01;6.625;-73.125;18.74;16.02;0.020184;17829760.0;-0.003428;19.1
San_Gil;Santander;2011-08-01;6.625;-73.125;18.99;15.88;0.015443;19835008.0;-0.00367;19.36
San_Gil;Santander;2011-09-01;6.625;-73.125;19.12;15.84;0.013017;19685344.0;-0.003562;19.43
San_Gil;Santander;2011-10-01;6.625;-73.125;18.39;16.16;0.016769;15441792.0;-0.003008;18.48
San_Gil;Santander;2011-11-01;6.625;-73.125;18.54;16.56;0.020124;15120128.0;-0.002986;18.46
San_Gil;Santander;2011-12-01;6.625;-73.125;18.93;16.55;0.017;16074751.0;-0.003162;18.6
San_Gil;Santander;2012-01-01;6.625;-73.125;18.7;16.06;0.008872;18685952.0;-0.00352;18.71
San_Gil;Santander;2012-02-01;6.625;-73.125;18.83;15.41;0.009026;20406912.0;-0.003607;18.78
San_Gil;Santander;2012-03-01;6.625;-73.125;19.06;16.18;0.012256;18782816.0;-0.003576;19.23
San_Gil;Santander;2012-04-01;6.625;-73.125;18.79;16.54;0.017469;16807936.0;-0.003295;18.84
San_Gil;Santander;2012-05-01;6.625;-73.125;19.23;16.61;0.017648;17746048.0;-0.003479;19.27
San_Gil;Santander;2012-06-01;6.625;-73.125;19.21;15.87;0.01359;19020288.0;-0.003518;19.42
San_Gil;Santander;2012-07-01;6.625;-73.125;19.0;16.05;0.019758;17684864.0;-0.003392;19.31
San_Gil;Santander;2012-08-01;6.625;-73.125;18.88;16.14;0.019785;18768000.0;-0.003528;19.34
San_Gil;Santander;2012-09-01;6.625;-73.125;18.86;15.76;0.015284;19764400.0;-0.00367;19.5
San_Gil;Santander;2012-10-01;6.625;-73.125;19.12;16.26;0.015887;17433344.0;-0.003306;19.18
San_Gil;Santander;2012-11-01;6.625;-73.125;19.35;16.5;0.013634;17767936.0;-0.003319;19.3
San_Gil;Santander;2012-12-01;6.625;-73.125;19.32;16.02;0.009457;18088448.0;-0.003263;19.2
San_Gil;Santander;2013-01-01;6.625;-73.125;19.92;15.74;0.002899;20249088.0;-0.003297;19.7
San_Gil;Santander;2013-02-01;6.625;-73.125;19.41;16.72;0.011468;18896768.0;-0.003506;19.59
San_Gil;Santander;2013-03-01;6.625;-73.125;20.16;16.97;0.012183;19720560.0;-0.003574;20.27
San_Gil;Santander;2013-04-01;6.625;-73.125;20.26;17.1;0.01078;19739264.0;-0.003548;20.4
San_Gil;Santander;2013-05-01;6.625;-73.125;19.54;16.94;0.021828;15854720.0;-0.003163;19.37
San_Gil;Santander;2013-06-01;6.625;-73.125;19.48;16.37;0.018119;17353728.0;-0.003297;19.51
San_Gil;Santander;2013-07-01;6.625;-73.125;19.33;15.95;0.015648;18937216.0;-0.003512;19.48
San_Gil;Santander;2013-08-01;6.625;-73.125;19.16;16.23;0.019954;18453504.0;-0.003506;19.38
San_Gil;Santander;2013-09-01;6.625;-73.125;19.25;16.15;0.015231;18831216.0;-0.00344;19.59
San_Gil;Santander;2013-10-01;6.625;-73.125;19.07;16.02;0.014245;18188032.0;-0.003366;19.24
San_Gil;Santander;2013-11-01;6.625;-73.125;18.88;16.33;0.014531;16926208.0;-0.003206;18.82
San_Gil;Santander;2013-12-01;6.625;-73.125;19.1;16.1;0.009745;18118912.0;-0.003367;18.96
San_Gil;Santander;2014-01-01;6.625;-73.125;19.48;15.79;0.005015;19429120.0;-0.003308;19.4
San_Gil;Santander;2014-02-01;6.625;-73.125;19.64;16.32;0.008876;19402240.0;-0.003366;19.77
San_Gil;Santander;2014-03-01;6.625;-73.125;19.56;16.75;0.011303;20007664.0;-0.003675;19.64
San_Gil;Santander;2014-04-01;6.625;-73.125;20.24;16.9;0.015127;19646080.0;-0.003654;20.26
San_Gil;Santander;2014-05-01;6.625;-73.125;19.74;17.06;0.016185;17702400.0;-0.00342;19.63
San_Gil;Santander;2014-06-01;6.625;-73.125;19.94;16.93;0.019586;17553152.0;-0.00343;20.05
San_Gil;Santander;2014-07-01;6.625;-73.125;19.95;16.49;0.015357;19074304.0;-0.003614;20.08
San_Gil;Santander;2014-08-01;6.625;-73.125;19.15;16.06;0.017579;19213312.0;-0.003612;19.56
San_Gil;Santander;2014-09-01;6.625;-73.125;19.16;15.91;0.015048;19535984.0;-0.003589;19.55
San_Gil;Santander;2014-10-01;6.625;-73.125;18.92;16.45;0.016388;17890688.0;-0.003447;19.23
San_Gil;Santander;2014-11-01;6.625;-73.125;19.08;16.67;0.014039;16961536.0;-0.00327;18.98
San_Gil;Santander;2014-12-01;6.625;-73.125;19.36;15.86;0.007018;19170048.0;-0.003368;19.2
San_Gil;Santander;2015-01-01;6.625;-73.125;19.46;15.28;0.005073;20359424.0;-0.003361;19.48
San_Gil;Santander;2015-02-01;6.625;-73.125;19.53;16.06;0.007286;19581184.0;-0.003534;19.53
San_Gil;Santander;2015-03-01;6.625;-73.125;19.69;16.64;0.010775;20071088.0;-0.003657;19.9
San_Gil;Santander;2015-04-01;6.625;-73.125;19.59;16.94;0.016794;18807936.0;-0.00371;19.82
San_Gil;Santander;2015-05-01;6.625;-73.125;20.02;16.92;0.016342;18634880.0;-0.003634;20.12
San_Gil;Santander;2015-06-01;6.625;-73.125;20.06;16.71;0.016553;17836288.0;-0.003466;20.18
San_Gil;Santander;2015-07-01;6.625;-73.125;19.74;16.57;0.017562;17365888.0;-0.003402;19.78
San_Gil;Santander;2015-08-01;6.625;-73.125;19.74;16.56;0.016269;18556672.0;-0.003544;19.92
San_Gil;Santander;2015-09-01;6.625;-73.125;19.99;16.4;0.011535;19771104.0;-0.003698;20.17
San_Gil;Santander;2015-10-01;6.625;-73.125;19.61;16.75;0.014574;17758592.0;-0.003378;19.79
San_Gil;Santander;2015-11-01;6.625;-73.125;19.37;17.08;0.015793;16058368.0;-0.003203;19.24
San_Gil;Santander;2015-12-01;6.625;-73.125;20.32;16.52;0.008583;19010048.0;-0.003543;20.1
San_Gil;Santander;2016-01-01;6.625;-73.125;20.0;16.73;0.007092;19707392.0;-0.003446;20.06
San_Gil;Santander;2016-02-01;6.625;-73.125;20.62;17.64;0.009518;20444928.0;-0.003801;20.7
San_Gil;Santander;2016-03-01;6.625;-73.125;21.02;17.72;0.010678;21731520.0;-0.003913;21.15
San_Gil;Santander;2016-04-01;6.625;-73.125;20.24;17.81;0.014222;18406528.0;-0.003516;20.62
San_Gil;Santander;2016-05-01;6.625;-73.125;20.08;17.51;0.016846;16559360.0;-0.003328;20.1
San_Gil;Santander;2016-06-01;6.625;-73.125;19.58;16.57;0.018676;17877376.0;-0.003466;19.74
San_Gil;Santander;2016-07-01;6.625;-73.125;19.36;16.4;0.019392;17652480.0;-0.00339;19.57
San_Gil;Santander;2016-08-01;6.625;-73.125;19.54;16.39;0.013925;19686656.0;-0.003634;20.03
San_Gil;Santander;2016-09-01;6.625;-73.125;19.27;16.16;0.014793;19257184.0;-0.003556;19.59
San_Gil;Santander;2016-10-01;6.625;-73.125;19.3;16.55;0.014788;18026752.0;-0.00342;19.6
San_Gil;Santander;2016-11-01;6.625;-73.125;19.09;16.74;0.012594;17101312.0;-0.003244;19.24
San_Gil;Santander;2016-12-01;6.625;-73.125;19.28;16.33;0.011425;17384960.0;-0.003342;19.04
San_Gil;Santander;2017-01-01;6.625;-73.125;19.14;15.76;0.007091;19120640.0;-0.003456;18.87
San_Gil;Santander;2017-02-01;6.625;-73.125;19.63;14.83;0.004623;22140160.0;-0.003523;19.54
San_Gil;Santander;2017-03-01;6.625;-73.125;18.9;16.68;0.016519;18060560.0;-0.003458;19.31
San_Gil;Santander;2017-04-01;6.625;-73.125;19.59;16.66;0.010988;20278400.0;-0.00386;19.74
San_Gil;Santander;2017-05-01;6.625;-73.125;19.6;16.99;0.016502;17728000.0;-0.003452;19.8
San_Gil;Santander;2017-06-01;6.625;-73.125;19.33;16.78;0.019416;17298944.0;-0.003386;19.58
San_Gil;Santander;2017-07-01;6.625;-73.125;19.48;16.49;0.020501;17894784.0;-0.003428;19.82
San_Gil;Santander;2017-08-01;6.625;-73.125;19.31;16.16;0.013206;19944960.0;-0.00367;19.82
San_Gil;Santander;2017-09-01;6.625;-73.125;19.19;16.37;0.013052;19476032.0;-0.00355;19.88
San_Gil;Santander;2017-10-01;6.625;-73.125;19.07;16.39;0.012186;18107520.0;-0.003406;19.46
San_Gil;Santander;2017-11-01;6.625;-73.125;19.34;16.49;0.009132;18423296.0;-0.003313;19.48
San_Gil;Santander;2017-12-01;6.625;-73.125;19.2;15.58;0.008058;19558912.0;-0.003392;19.16
San_Gil;Santander;2018-01-01;6.625;-73.125;18.95;15.64;0.008291;18927872.0;-0.003355;19.02
San_Gil;Santander;2018-02-01;6.625;-73.125;19.32;15.08;0.004031;20308736.0;-0.003391;19.32
San_Gil;Santander;2018-03-01;6.625;-73.125;19.44;16.26;0.009786;21107999.5;-0.00368;19.9
San_Gil;Santander;2018-04-01;6.625;-73.125;18.75;16.62;0.017153;18072576.0;-0.003536;19.23
San_Gil;Santander;2018-05-01;6.625;-73.125;18.9;16.83;0.020241;16512000.0;-0.00332;19.14
San_Gil;Santander;2018-06-01;6.625;-73.125;19.14;16.44;0.019368;17656320.0;-0.00345;19.55
San_Gil;Santander;2018-07-01;6.625;-73.125;19.53;16.23;0.015087;18754944.0;-0.00354;19.74
San_Gil;Santander;2018-08-01;6.625;-73.125;19.2;15.71;0.011605;20267648.0;-0.003747;19.61
San_Gil;Santander;2018-09-01;6.625;-73.125;19.12;16.23;0.014772;19304016.0;-0.003569;19.66
San_Gil;Santander;2018-10-01;6.625;-73.125;19.12;16.75;0.016455;17405312.0;-0.00341;19.25
San_Gil;Santander;2018-11-01;6.625;-73.125;19.33;17.0;0.011547;17358080.0;-0.003295;19.42
San_Gil;Santander;2018-12-01;6.625;-73.125;19.41;15.16;0.003053;20788992.0;-0.003327;19.29
San_Gil;Santander;2019-01-01;6.625;-73.125;19.58;15.47;0.003277;20246016.0;-0.003074;19.72
San_Gil;Santander;2019-02-01;6.625;-73.125;20.05;16.14;0.006245;20815616.0;-0.003424;20.43
San_Gil;Santander;2019-03-01;6.625;-73.125;19.86;17.07;0.011844;19485376.0;-0.00349;20.28
San_Gil;Santander;2019-04-01;6.625;-73.125;19.9;17.19;0.012485;18890240.0;-0.003572;20.17
San_Gil;Santander;2019-05-01;6.625;-73.125;19.78;17.22;0.017096;17364608.0;-0.003416;19.97
San_Gil;Santander;2019-06-01;6.625;-73.125;20.23;17.07;0.018618;17991680.0;-0.00354;20.19
San_Gil;Santander;2019-07-01;6.625;-73.125;19.72;16.42;0.015422;19156096.0;-0.003622;20.0
San_Gil;Santander;2019-08-01;6.625;-73.125;19.42;16.27;0.012654;20195840.0;-0.003798;20.02
San_Gil;Santander;2019-09-01;6.625;-73.125;19.49;16.38;0.011398;20319248.0;-0.003731;19.96
San_Gil;Santander;2019-10-01;6.625;-73.125;18.74;16.34;0.01392;18522880.0;-0.003494;19.24
San_Gil;Santander;2019-11-01;6.625;-73.125;19.16;16.53;0.010162;17979904.0;-0.003354;19.43
San_Gil;Santander;2019-12-01;6.625;-73.125;19.57;16.44;0.007286;18467072.0;-0.003317;19.64
San_Gil;Santander;2020-01-01;6.625;-73.125;19.57;15.45;0.003698;20019712.0;-0.003298;19.49
San_Gil;Santander;2020-02-01;6.625;-73.125;20.15;15.96;0.006315;20920064.0;-0.003443;20.22
San_Gil;Santander;2020-03-01;6.625;-73.125;19.66;16.69;0.008222;22117584.0;-0.004085;20.04
San_Gil;Santander;2020-04-01;6.625;-73.125;19.73;17.13;0.013934;20008448.0;-0.003854;20.1
San_Gil;Santander;2020-05-01;6.625;-73.125;20.52;17.41;0.016817;18123008.0;-0.003482;20.62
San_Gil;Santander;2020-06-01;6.625;-73.125;19.47;16.6;0.019068;17606528.0;-0.003412;19.62
San_Gil;Santander;2020-07-01;6.625;-73.125;19.2;16.31;0.020904;17698304.0;-0.003373;19.36
San_Gil;Santander;2020-08-01;6.625;-73.125;19.4;16.46;0.018487;18524160.0;-0.003476;19.7
San_Gil;Santander;2020-09-01;6.625;-73.125;18.81;16.23;0.018611;19024480.0;-0.0036;19.36
San_Gil;Santander;2020-10-01;6.625;-73.125;18.73;16.39;0.01721;17796352.0;-0.003387;19.19
San_Gil;Santander;2020-11-01;6.625;-73.125;18.79;16.62;0.014052;16928768.0;-0.003194;18.85
San_Gil;Santander;2020-12-01;6.625;-73.125;18.96;15.72;0.006572;19155968.0;-0.003343;18.95
San_Gil;Santander;2021-01-01;6.625;-73.125;19.25;14.37;0.004696;21218304.0;-0.003417;18.83
San_Gil;Santander;2021-02-01;6.625;-73.125;19.34;15.4;0.007317;20545152.0;-0.003352;19.8
San_Gil;Santander;2021-03-01;6.625;-73.125;18.57;15.76;0.01319;19221024.0;-0.003556;19.12
San_Gil;Santander;2021-04-01;6.625;-73.125;19.26;16.87;0.01671;17898752.0;-0.003392;19.53
San_Gil;Santander;2021-05-01;6.625;-73.125;19.43;17.11;0.018099;17168768.0;-0.003416;19.42
San_Gil;Santander;2021-06-01;6.625;-73.125;18.91;16.58;0.018241;17729536.0;-0.003449;19.16
San_Gil;Santander;2021-07-01;6.625;-73.125;19.34;16.27;0.019984;18270080.0;-0.003483;19.52
San_Gil;Santander;2021-08-01;6.625;-73.125;18.96;16.37;0.019468;18607872.0;-0.003526;19.42
San_Gil;Santander;2021-09-01;6.625;-73.125;19.06;16.1;0.015656;19404528.0;-0.003524;19.44
San_Gil;Santander;2021-10-01;6.625;-73.125;19.05;16.52;0.01524;18358144.0;-0.003409;19.49
San_Gil;Santander;2021-11-01;6.625;-73.125;18.98;16.26;0.009941;18408704.0;-0.003359;19.06
San_Gil;Santander;2021-12-01;6.625;-73.125;19.25;16.48;0.008214;18196992.0;-0.003292;19.35
San_Gil;Santander;2022-01-01;6.625;-73.125;18.86;15.51;0.004773;18604288.0;-0.003154;18.9
San_Gil;Santander;2022-02-01;6.625;-73.125;18.75;15.86;0.010485;18721408.0;-0.003284;19.02
San_Gil;Santander;2022-03-01;6.625;-73.125;19.03;16.79;0.016542;19782592.0;-0.003746;19.4
San_Gil;Santander;2022-04-01;6.625;-73.125;19.09;16.77;0.014809;17750272.0;-0.003389;19.52
San_Gil;Santander;2022-05-01;6.625;-73.125;19.53;17.14;0.019815;17167872.0;-0.003463;19.46
San_Gil;Santander;2022-06-01;6.625;-73.125;18.3;16.4;0.022286;16248448.0;-0.003227;18.55
San_Gil;Santander;2022-07-01;6.625;-73.125;18.91;16.28;0.020118;17783296.0;-0.00341;19.1
San_Gil;Santander;2022-08-01;6.625;-73.125;18.64;15.92;0.018233;18149760.0;-0.003422;19.05
San_Gil;Santander;2022-09-01;6.625;-73.125;18.47;15.99;0.015966;19397248.0;-0.003554;19.29
San_Gil;Santander;2022-10-01;6.625;-73.125;18.7;16.21;0.011892;17804416.0;-0.003294;19.03
San_Gil;Santander;2022-11-01;6.625;-73.125;18.82;16.5;0.014709;16463872.0;-0.00315;18.98
San_Gil;Santander;2022-12-01;6.625;-73.125;18.69;15.19;0.004746;19202048.0;-0.003217;18.61
San_Gil;Santander;2023-01-01;6.625;-73.125;18.53;15.08;0.007068;19359488.0;-0.003328;18.44
San_Gil;Santander;2023-02-01;6.625;-73.125;19.06;15.26;0.006876;20748928.0;-0.003489;19.15
San_Gil;Santander;2023-03-01;6.625;-73.125;18.87;16.68;0.014906;17907168.0;-0.003422;19.22
San_Gil;Santander;2023-04-01;6.625;-73.125;19.18;17.03;0.013176;18355456.0;-0.003516;19.42
San_Gil;Santander;2023-05-01;6.625;-73.125;20.05;17.32;0.015018;17742208.0;-0.003462;19.93
San_Gil;Santander;2023-06-01;6.625;-73.125;19.75;17.02;0.018642;17602560.0;-0.003458;19.75
San_Gil;Santander;2023-07-01;6.625;-73.125;20.1;17.08;0.017946;18531840.0;-0.003531;20.3
San_Gil;Santander;2023-08-01;6.625;-73.125;20.0;16.84;0.014534;19836160.0;-0.003704;20.27
San_Gil;Santander;2023-09-01;6.625;-73.125;20.01;16.72;0.011866;20785472.0;-0.003788;20.42
San_Gil;Santander;2023-10-01;6.625;-73.125;19.4;17.0;0.013006;18169216.0;-0.003386;20.05
San_Gil;Santander;2023-11-01;6.625;-73.125;19.81;17.36;0.012276;17561088.0;-0.003394;19.78
San_Gil;Santander;2023-12-01;6.625;-73.125;20.18;17.27;0.005943;19106816.0;-0.00341;20.08
San_Gil;Santander;2024-01-01;6.625;-73.125;20.63;15.87;0.001289;23063808.0;-0.003541;20.15
San_Gil;Santander;2024-02-01;6.625;-73.125;20.38;17.31;0.007202;20075008.0;-0.003601;20.48
San_Gil;Santander;2024-03-01;6.625;-73.125;20.76;17.76;0.012454;21765392.0;-0.003852;21.01
San_Gil;Santander;2024-04-01;6.625;-73.125;20.15;17.74;0.015442;19133440.0;-0.003748;20.44
San_Gil;Santander;2024-05-01;6.625;-73.125;20.57;18.46;0.025237;16346624.0;-0.003398;20.38
San_Gil;Santander;2024-06-01;6.625;-73.125;19.66;17.78;0.024376;16075648.0;-0.003328;19.66
San_Gil;Santander;2024-07-01;6.625;-73.125;19.8;17.39;0.021542;17774208.0;-0.003606;19.82
San_Gil;Santander;2024-08-01;6.625;-73.125;19.86;16.68;0.013685;20081152.0;-0.003698;20.14
San_Gil;Santander;2024-09-01;6.625;-73.125;19.86;16.66;0.012245;19204448.0;-0.003557;20.28
San_Gil;Santander;2024-10-01;6.625;-73.125;19.65;16.91;0.0145;18206336.0;-0.00343;19.84
San_Gil;Santander;2024-11-01;6.625;-73.125;19.02;16.94;0.018889;15595008.0;-0.00315;19.13
San_Gil;Santander;2024-12-01;6.625;-73.125;19.53;16.79;0.009137;18159872.0;-0.003342;19.31
San_Jose_de_Pare;Boyaca;2007-01-01;6.0;-73.5;16.63;14.21;0.005898;19140608.0;-0.003547;16.64
San_Jose_de_Pare;Boyaca;2007-02-01;6.0;-73.5;16.71;12.91;0.001369;21708800.0;-0.003479;16.24
San_Jose_de_Pare;Boyaca;2007-03-01;6.0;-73.5;16.4;13.88;0.009171;17919116.0;-0.003216;16.67
San_Jose_de_Pare;Boyaca;2007-04-01;6.0;-73.5;16.77;14.77;0.010071;17187328.0;-0.003262;16.8
San_Jose_de_Pare;Boyaca;2007-05-01;6.0;-73.5;16.51;14.71;0.014715;16350208.0;-0.003251;16.77
San_Jose_de_Pare;Boyaca;2007-06-01;6.0;-73.5;16.44;13.77;0.008436;17929216.0;-0.003438;16.43
San_Jose_de_Pare;Boyaca;2007-07-01;6.0;-73.5;16.3;13.26;0.006302;19123712.0;-0.003529;16.29
San_Jose_de_Pare;Boyaca;2007-08-01;6.0;-73.5;16.12;13.43;0.012276;18129408.0;-0.003488;16.27
San_Jose_de_Pare;Boyaca;2007-09-01;6.0;-73.5;16.25;13.58;0.012152;19473530.0;-0.003738;16.48
San_Jose_de_Pare;Boyaca;2007-10-01;6.0;-73.5;15.73;13.96;0.010468;16705024.0;-0.003179;16.1
San_Jose_de_Pare;Boyaca;2007-11-01;6.0;-73.5;16.08;14.05;0.007202;17199104.0;-0.003138;16.06
San_Jose_de_Pare;Boyaca;2007-12-01;6.0;-73.5;15.45;13.4;0.004146;17007616.0;-0.002918;15.35
San_Jose_de_Pare;Boyaca;2008-01-01;6.0;-73.5;15.74;13.57;0.003325;18137088.0;-0.003028;15.58
San_Jose_de_Pare;Boyaca;2008-02-01;6.0;-73.5;15.66;13.45;0.003729;19100672.0;-0.003179;15.47
San_Jose_de_Pare;Boyaca;2008-03-01;6.0;-73.5;15.83;13.52;0.004894;19324828.0;-0.003155;15.8
San_Jose_de_Pare;Boyaca;2008-04-01;6.0;-73.5;16.01;13.82;0.007905;17695232.0;-0.003236;16.02
San_Jose_de_Pare;Boyaca;2008-05-01;6.0;-73.5;16.22;14.05;0.009411;16337408.0;-0.003092;16.08
San_Jose_de_Pare;Boyaca;2008-06-01;6.0;-73.5;16.27;14.0;0.011105;17217024.0;-0.003302;16.2
San_Jose_de_Pare;Boyaca;2008-07-01;6.0;-73.5;16.29;13.46;0.010841;17720320.0;-0.003409;16.16
San_Jose_de_Pare;Boyaca;2008-08-01;6.0;-73.5;15.96;13.65;0.010643;17925120.0;-0.00339;16.07
San_Jose_de_Pare;Boyaca;2008-09-01;6.0;-73.5;16.27;13.61;0.010515;18844104.0;-0.003547;16.37
San_Jose_de_Pare;Boyaca;2008-10-01;6.0;-73.5;16.1;13.8;0.006956;17725952.0;-0.003214;16.11
San_Jose_de_Pare;Boyaca;2008-11-01;6.0;-73.5;16.04;14.26;0.006788;14924800.0;-0.002686;15.91
San_Jose_de_Pare;Boyaca;2008-12-01;6.0;-73.5;15.76;13.37;0.002949;17113088.0;-0.00289;15.44
San_Jose_de_Pare;Boyaca;2009-01-01;6.0;-73.5;15.85;13.75;0.004413;16970752.0;-0.002871;15.68
San_Jose_de_Pare;Boyaca;2009-02-01;6.0;-73.5;15.79;13.56;0.00507;18723840.0;-0.003221;15.84
San_Jose_de_Pare;Boyaca;2009-03-01;6.0;-73.5;15.86;13.89;0.008039;17943344.0;-0.003271;16.14
San_Jose_de_Pare;Boyaca;2009-04-01;6.0;-73.5;16.69;14.51;0.010944;18702848.0;-0.003453;16.71
San_Jose_de_Pare;Boyaca;2009-05-01;6.0;-73.5;16.71;14.16;0.010303;18064384.0;-0.00349;16.66
San_Jose_de_Pare;Boyaca;2009-06-01;6.0;-73.5;16.68;14.09;0.011246;17346560.0;-0.003332;16.56
San_Jose_de_Pare;Boyaca;2009-07-01;6.0;-73.5;16.56;13.4;0.00864;19402752.0;-0.003664;16.55
San_Jose_de_Pare;Boyaca;2009-08-01;6.0;-73.5;16.8;13.79;0.009995;18489344.0;-0.003476;16.74
San_Jose_de_Pare;Boyaca;2009-09-01;6.0;-73.5;17.06;13.53;0.008558;21108428.0;-0.003904;16.97
San_Jose_de_Pare;Boyaca;2009-10-01;6.0;-73.5;16.61;13.93;0.007736;17848320.0;-0.00325;16.5
San_Jose_de_Pare;Boyaca;2009-11-01;6.0;-73.5;16.87;14.59;0.00522;17200128.0;-0.003074;16.51
San_Jose_de_Pare;Boyaca;2009-12-01;6.0;-73.5;16.5;14.25;0.00382;17709056.0;-0.003012;16.25
San_Jose_de_Pare;Boyaca;2010-01-01;6.0;-73.5;17.04;13.75;0.002407;20501504.0;-0.003533;16.62
San_Jose_de_Pare;Boyaca;2010-02-01;6.0;-73.5;17.84;14.86;0.003605;19610624.0;-0.003408;17.49
San_Jose_de_Pare;Boyaca;2010-03-01;6.0;-73.5;17.88;15.26;0.007828;19254514.0;-0.003571;17.68
San_Jose_de_Pare;Boyaca;2010-04-01;6.0;-73.5;17.79;15.37;0.010319;16782848.0;-0.003251;17.42
San_Jose_de_Pare;Boyaca;2010-05-01;6.0;-73.5;17.62;15.36;0.010214;15949824.0;-0.003106;17.31
San_Jose_de_Pare;Boyaca;2010-06-01;6.0;-73.5;17.11;14.54;0.013321;17142784.0;-0.003386;16.91
San_Jose_de_Pare;Boyaca;2010-07-01;6.0;-73.5;16.41;14.25;0.016062;16115200.0;-0.003183;16.46
San_Jose_de_Pare;Boyaca;2010-08-01;6.0;-73.5;16.54;13.83;0.013176;17966080.0;-0.003512;16.67
San_Jose_de_Pare;Boyaca;2010-09-01;6.0;-73.5;16.2;14.15;0.012554;16981114.0;-0.003338;16.33
San_Jose_de_Pare;Boyaca;2010-10-01;6.0;-73.5;16.53;13.96;0.009394;17081856.0;-0.003155;16.28
San_Jose_de_Pare;Boyaca;2010-11-01;6.0;-73.5;16.27;14.38;0.008886;13817856.0;-0.002532;15.8
San_Jose_de_Pare;Boyaca;2010-12-01;6.0;-73.5;16.19;14.01;0.005953;14754816.0;-0.002704;15.62
San_Jose_de_Pare;Boyaca;2011-01-01;6.0;-73.5;16.33;13.69;0.0033;18217984.0;-0.003136;15.7
San_Jose_de_Pare;Boyaca;2011-02-01;6.0;-73.5;16.14;13.7;0.004866;18561024.0;-0.003201;15.72
San_Jose_de_Pare;Boyaca;2011-03-01;6.0;-73.5;15.97;13.41;0.007296;17619296.0;-0.003215;15.62
San_Jose_de_Pare;Boyaca;2011-04-01;6.0;-73.5;16.6;14.34;0.014547;15486976.0;-0.002989;16.19
San_Jose_de_Pare;Boyaca;2011-05-01;6.0;-73.5;17.08;14.59;0.014896;16159232.0;-0.00324;16.58
San_Jose_de_Pare;Boyaca;2011-06-01;6.0;-73.5;17.21;14.05;0.01018;17723392.0;-0.003399;16.78
San_Jose_de_Pare;Boyaca;2011-07-01;6.0;-73.5;16.63;13.25;0.008795;17906688.0;-0.003433;16.4
San_Jose_de_Pare;Boyaca;2011-08-01;6.0;-73.5;16.83;13.27;0.011024;19504128.0;-0.003733;16.58
San_Jose_de_Pare;Boyaca;2011-09-01;6.0;-73.5;16.69;13.4;0.008625;19126758.0;-0.00366;16.52
San_Jose_de_Pare;Boyaca;2011-10-01;6.0;-73.5;16.16;14.02;0.009169;15165440.0;-0.002888;15.84
San_Jose_de_Pare;Boyaca;2011-11-01;6.0;-73.5;16.14;14.29;0.008354;14192640.0;-0.00266;15.73
San_Jose_de_Pare;Boyaca;2011-12-01;6.0;-73.5;16.65;14.32;0.005306;15874048.0;-0.002903;15.98
San_Jose_de_Pare;Boyaca;2012-01-01;6.0;-73.5;16.15;13.83;0.003416;17709056.0;-0.003111;15.72
San_Jose_de_Pare;Boyaca;2012-02-01;6.0;-73.5;16.18;13.35;0.003466;19366400.0;-0.003119;15.72
San_Jose_de_Pare;Boyaca;2012-03-01;6.0;-73.5;16.39;13.8;0.008631;18484206.0;-0.003378;16.26
San_Jose_de_Pare;Boyaca;2012-04-01;6.0;-73.5;16.41;14.18;0.009976;15712768.0;-0.003008;16.13
San_Jose_de_Pare;Boyaca;2012-05-01;6.0;-73.5;16.87;14.08;0.013525;17068544.0;-0.003356;16.53
San_Jose_de_Pare;Boyaca;2012-06-01;6.0;-73.5;16.74;13.17;0.007662;19234304.0;-0.003575;16.38
San_Jose_de_Pare;Boyaca;2012-07-01;6.0;-73.5;16.6;13.06;0.008165;18578432.0;-0.003521;16.45
San_Jose_de_Pare;Boyaca;2012-08-01;6.0;-73.5;16.63;13.15;0.011404;18910720.0;-0.003642;16.66
San_Jose_de_Pare;Boyaca;2012-09-01;6.0;-73.5;16.53;12.85;0.009977;20028976.0;-0.003699;16.67
San_Jose_de_Pare;Boyaca;2012-10-01;6.0;-73.5;16.76;14.07;0.010092;17016832.0;-0.003189;16.46
San_Jose_de_Pare;Boyaca;2012-11-01;6.0;-73.5;16.83;14.48;0.005306;17294336.0;-0.003065;16.45
San_Jose_de_Pare;Boyaca;2012-12-01;6.0;-73.5;16.53;13.94;0.002889;18041856.0;-0.003013;15.98
San_Jose_de_Pare;Boyaca;2013-01-01;6.0;-73.5;17.03;13.75;0.001701;19778560.0;-0.003199;16.52
San_Jose_de_Pare;Boyaca;2013-02-01;6.0;-73.5;16.6;14.39;0.006817;18213888.0;-0.003286;16.43
San_Jose_de_Pare;Boyaca;2013-03-01;6.0;-73.5;17.36;14.83;0.007603;18741880.0;-0.003452;17.21
San_Jose_de_Pare;Boyaca;2013-04-01;6.0;-73.5;17.36;14.86;0.008955;18593792.0;-0.003448;17.22
San_Jose_de_Pare;Boyaca;2013-05-01;6.0;-73.5;17.1;14.76;0.013105;15821312.0;-0.003126;16.71
San_Jose_de_Pare;Boyaca;2013-06-01;6.0;-73.5;17.09;13.73;0.007038;18122752.0;-0.003425;16.62
San_Jose_de_Pare;Boyaca;2013-07-01;6.0;-73.5;16.78;13.01;0.007126;19343872.0;-0.003602;16.4
San_Jose_de_Pare;Boyaca;2013-08-01;6.0;-73.5;16.78;13.63;0.011284;18241536.0;-0.003473;16.52
San_Jose_de_Pare;Boyaca;2013-09-01;6.0;-73.5;16.77;13.63;0.011356;18833012.0;-0.003625;16.6
San_Jose_de_Pare;Boyaca;2013-10-01;6.0;-73.5;16.51;13.76;0.007702;17895424.0;-0.003312;16.32
San_Jose_de_Pare;Boyaca;2013-11-01;6.0;-73.5;16.37;14.0;0.004604;17042432.0;-0.002981;15.94
San_Jose_de_Pare;Boyaca;2013-12-01;6.0;-73.5;16.37;14.06;0.005777;18023424.0;-0.003266;16.04
San_Jose_de_Pare;Boyaca;2014-01-01;6.0;-73.5;16.47;14.03;0.003817;18193408.0;-0.003241;16.04
San_Jose_de_Pare;Boyaca;2014-02-01;6.0;-73.5;16.47;14.13;0.006193;18559488.0;-0.003292;16.2
San_Jose_de_Pare;Boyaca;2014-03-01;6.0;-73.5;16.94;14.45;0.003546;19102960.0;-0.003264;16.53
San_Jose_de_Pare;Boyaca;2014-04-01;6.0;-73.5;17.51;14.6;0.01333;18801664.0;-0.003583;17.2
San_Jose_de_Pare;Boyaca;2014-05-01;6.0;-73.5;17.19;14.68;0.009979;17284096.0;-0.003279;16.81
San_Jose_de_Pare;Boyaca;2014-06-01;6.0;-73.5;17.33;14.18;0.009935;18336768.0;-0.00358;16.94
San_Jose_de_Pare;Boyaca;2014-07-01;6.0;-73.5;17.46;13.04;0.004477;20044288.0;-0.003632;16.95
San_Jose_de_Pare;Boyaca;2014-08-01;6.0;-73.5;16.76;12.98;0.009663;19600896.0;-0.003682;16.78
San_Jose_de_Pare;Boyaca;2014-09-01;6.0;-73.5;16.63;13.34;0.010439;19670388.0;-0.003744;16.64
San_Jose_de_Pare;Boyaca;2014-10-01;6.0;-73.5;16.46;13.85;0.01166;17570816.0;-0.003331;16.34
San_Jose_de_Pare;Boyaca;2014-11-01;6.0;-73.5;16.54;14.22;0.005932;16506880.0;-0.002996;16.05
San_Jose_de_Pare;Boyaca;2014-12-01;6.0;-73.5;16.68;13.86;0.003672;18783232.0;-0.003212;16.1
San_Jose_de_Pare;Boyaca;2015-01-01;6.0;-73.5;16.44;13.12;0.003626;19301376.0;-0.003113;16.09
San_Jose_de_Pare;Boyaca;2015-02-01;6.0;-73.5;16.84;14.26;0.005375;18650624.0;-0.003412;16.46
San_Jose_de_Pare;Boyaca;2015-03-01;6.0;-73.5;16.91;14.42;0.005804;18828844.0;-0.003369;16.57
San_Jose_de_Pare;Boyaca;2015-04-01;6.0;-73.5;17.3;14.51;0.010723;18232832.0;-0.003574;17.04
San_Jose_de_Pare;Boyaca;2015-05-01;6.0;-73.5;17.41;14.39;0.009932;18582016.0;-0.003583;17.12
San_Jose_de_Pare;Boyaca;2015-06-01;6.0;-73.5;17.64;13.63;0.007681;18706432.0;-0.003599;17.14
San_Jose_de_Pare;Boyaca;2015-07-01;6.0;-73.5;17.23;13.54;0.009115;18079744.0;-0.003444;16.87
San_Jose_de_Pare;Boyaca;2015-08-01;6.0;-73.5;17.31;13.36;0.008646;19450880.0;-0.00363;17.06
San_Jose_de_Pare;Boyaca;2015-09-01;6.0;-73.5;17.38;13.29;0.009317;20187758.0;-0.003709;17.27
San_Jose_de_Pare;Boyaca;2015-10-01;6.0;-73.5;17.16;14.25;0.010342;17370624.0;-0.003308;16.96
San_Jose_de_Pare;Boyaca;2015-11-01;6.0;-73.5;17.0;14.68;0.010443;16792576.0;-0.00319;16.6
San_Jose_de_Pare;Boyaca;2015-12-01;6.0;-73.5;17.48;13.9;0.007471;19386368.0;-0.003627;17.0
San_Jose_de_Pare;Boyaca;2016-01-01;6.0;-73.5;17.45;14.59;0.003901;19184640.0;-0.003284;16.97
San_Jose_de_Pare;Boyaca;2016-02-01;6.0;-73.5;18.03;15.38;0.006107;18824192.0;-0.003447;17.68
San_Jose_de_Pare;Boyaca;2016-03-01;6.0;-73.5;18.26;15.59;0.004765;19485766.0;-0.003441;17.91
San_Jose_de_Pare;Boyaca;2016-04-01;6.0;-73.5;17.73;15.52;0.011572;17025536.0;-0.003354;17.71
San_Jose_de_Pare;Boyaca;2016-05-01;6.0;-73.5;17.68;15.05;0.013807;16748544.0;-0.003347;17.35
San_Jose_de_Pare;Boyaca;2016-06-01;6.0;-73.5;17.24;13.83;0.008474;18683392.0;-0.003635;16.91
San_Jose_de_Pare;Boyaca;2016-07-01;6.0;-73.5;16.76;13.79;0.010757;18357760.0;-0.0036;16.66
San_Jose_de_Pare;Boyaca;2016-08-01;6.0;-73.5;17.06;13.56;0.007168;20052480.0;-0.003736;17.06
San_Jose_de_Pare;Boyaca;2016-09-01;6.0;-73.5;16.77;13.91;0.010195;19169644.0;-0.003698;16.73
San_Jose_de_Pare;Boyaca;2016-10-01;6.0;-73.5;16.89;14.59;0.011587;16649728.0;-0.003216;16.71
San_Jose_de_Pare;Boyaca;2016-11-01;6.0;-73.5;16.78;14.65;0.006844;16640000.0;-0.003063;16.42
San_Jose_de_Pare;Boyaca;2016-12-01;6.0;-73.5;16.68;14.46;0.006483;16498688.0;-0.002983;16.11
San_Jose_de_Pare;Boyaca;2017-01-01;6.0;-73.5;16.44;13.5;0.004126;19335168.0;-0.003377;15.69
San_Jose_de_Pare;Boyaca;2017-02-01;6.0;-73.5;16.71;12.96;0.002084;21271552.0;-0.003309;15.92
San_Jose_de_Pare;Boyaca;2017-03-01;6.0;-73.5;16.36;14.26;0.007548;17197216.0;-0.003118;16.31
San_Jose_de_Pare;Boyaca;2017-04-01;6.0;-73.5;17.31;14.6;0.007956;19008000.0;-0.003561;17.02
San_Jose_de_Pare;Boyaca;2017-05-01;6.0;-73.5;17.26;14.92;0.011271;17196544.0;-0.003366;17.03
San_Jose_de_Pare;Boyaca;2017-06-01;6.0;-73.5;17.11;14.59;0.009724;17309696.0;-0.003331;16.86
San_Jose_de_Pare;Boyaca;2017-07-01;6.0;-73.5;17.4;13.64;0.007895;18764800.0;-0.003637;16.87
San_Jose_de_Pare;Boyaca;2017-08-01;6.0;-73.5;16.99;13.9;0.008087;19890176.0;-0.003719;16.85
San_Jose_de_Pare;Boyaca;2017-09-01;6.0;-73.5;16.77;14.07;0.010841;19102030.0;-0.003675;16.91
San_Jose_de_Pare;Boyaca;2017-10-01;6.0;-73.5;16.74;14.24;0.007412;17870336.0;-0.00332;16.64
San_Jose_de_Pare;Boyaca;2017-11-01;6.0;-73.5;16.72;14.67;0.004232;16940032.0;-0.002975;16.34
San_Jose_de_Pare;Boyaca;2017-12-01;6.0;-73.5;16.66;13.77;0.001759;18952192.0;-0.003028;16.0
San_Jose_de_Pare;Boyaca;2018-01-01;6.0;-73.5;16.35;13.74;0.004025;18229248.0;-0.003132;15.92
San_Jose_de_Pare;Boyaca;2018-02-01;6.0;-73.5;16.74;13.09;0.003377;20581376.0;-0.003324;15.97
San_Jose_de_Pare;Boyaca;2018-03-01;6.0;-73.5;16.69;14.07;0.005465;19884588.0;-0.003536;16.62
San_Jose_de_Pare;Boyaca;2018-04-01;6.0;-73.5;16.44;14.09;0.007767;17357824.0;-0.003207;16.32
San_Jose_de_Pare;Boyaca;2018-05-01;6.0;-73.5;16.65;14.74;0.014748;15984128.0;-0.003172;16.6
San_Jose_de_Pare;Boyaca;2018-06-01;6.0;-73.5;16.97;13.92;0.008553;18614272.0;-0.003559;16.76
San_Jose_de_Pare;Boyaca;2018-07-01;6.0;-73.5;16.88;13.56;0.00666;19448832.0;-0.003616;16.54
San_Jose_de_Pare;Boyaca;2018-08-01;6.0;-73.5;16.73;12.48;0.004576;20772864.0;-0.003698;16.53
San_Jose_de_Pare;Boyaca;2018-09-01;6.0;-73.5;16.58;13.75;0.009537;18694104.0;-0.003514;16.62
San_Jose_de_Pare;Boyaca;2018-10-01;6.0;-73.5;16.84;14.62;0.009982;16684032.0;-0.003142;16.53
San_Jose_de_Pare;Boyaca;2018-11-01;6.0;-73.5;16.92;14.9;0.005341;17104896.0;-0.003066;16.51
San_Jose_de_Pare;Boyaca;2018-12-01;6.0;-73.5;16.54;12.94;0.001251;20215808.0;-0.003085;15.86
San_Jose_de_Pare;Boyaca;2019-01-01;6.0;-73.5;16.65;13.4;0.002503;19358720.0;-0.003199;16.18
San_Jose_de_Pare;Boyaca;2019-02-01;6.0;-73.5;17.13;14.7;0.004763;19174400.0;-0.003378;16.98
San_Jose_de_Pare;Boyaca;2019-03-01;6.0;-73.5;17.08;14.96;0.006655;18035528.0;-0.003279;16.99
San_Jose_de_Pare;Boyaca;2019-04-01;6.0;-73.5;17.38;15.01;0.008759;17645568.0;-0.003373;17.17
San_Jose_de_Pare;Boyaca;2019-05-01;6.0;-73.5;17.36;15.04;0.012007;16233472.0;-0.003168;17.1
San_Jose_de_Pare;Boyaca;2019-06-01;6.0;-73.5;17.7;14.37;0.008415;18615296.0;-0.00366;17.15
San_Jose_de_Pare;Boyaca;2019-07-01;6.0;-73.5;17.24;13.73;0.006315;19689472.0;-0.003692;16.92
San_Jose_de_Pare;Boyaca;2019-08-01;6.0;-73.5;17.23;12.41;0.002964;20746240.0;-0.003531;16.96
San_Jose_de_Pare;Boyaca;2019-09-01;6.0;-73.5;17.32;13.56;0.008018;19461908.0;-0.003117;17.29
San_Jose_de_Pare;Boyaca;2019-10-01;6.0;-73.5;16.35;14.23;0.01018;17459200.0;-0.003281;16.36
San_Jose_de_Pare;Boyaca;2019-11-01;6.0;-73.5;16.74;14.55;0.003819;17722368.0;-0.003128;16.47
San_Jose_de_Pare;Boyaca;2019-12-01;6.0;-73.5;17.06;14.36;0.002964;18361344.0;-0.002887;16.53
San_Jose_de_Pare;Boyaca;2020-01-01;6.0;-73.5;17.0;13.06;0.000681;20052992.0;-0.002858;16.29
San_Jose_de_Pare;Boyaca;2020-02-01;6.0;-73.5;17.73;13.61;0.002222;20495360.0;-0.00313;17.18
San_Jose_de_Pare;Boyaca;2020-03-01;6.0;-73.5;17.18;14.37;0.004607;20847572.0;-0.003482;17.01
San_Jose_de_Pare;Boyaca;2020-04-01;6.0;-73.5;17.44;14.94;0.008253;18900992.0;-0.003517;17.3
San_Jose_de_Pare;Boyaca;2020-05-01;6.0;-73.5;18.07;15.24;0.009649;17784320.0;-0.003479;17.69
San_Jose_de_Pare;Boyaca;2020-06-01;6.0;-73.5;17.04;14.31;0.008366;17631232.0;-0.003405;16.81
San_Jose_de_Pare;Boyaca;2020-07-01;6.0;-73.5;16.89;14.11;0.010437;17670656.0;-0.003436;16.57
San_Jose_de_Pare;Boyaca;2020-08-01;6.0;-73.5;17.18;14.06;0.008129;18452480.0;-0.003482;16.92
San_Jose_de_Pare;Boyaca;2020-09-01;6.0;-73.5;16.64;13.77;0.008884;18879332.0;-0.003575;16.67
San_Jose_de_Pare;Boyaca;2020-10-01;6.0;-73.5;16.67;14.16;0.012835;17841664.0;-0.00347;16.61
San_Jose_de_Pare;Boyaca;2020-11-01;6.0;-73.5;16.5;14.72;0.008059;15958016.0;-0.00296;16.27
San_Jose_de_Pare;Boyaca;2020-12-01;6.0;-73.5;16.38;14.06;0.002911;17921024.0;-0.002983;15.81
San_Jose_de_Pare;Boyaca;2021-01-01;6.0;-73.5;16.63;12.74;0.002373;20477952.0;-0.003335;15.63
San_Jose_de_Pare;Boyaca;2021-02-01;6.0;-73.5;16.53;13.21;0.003201;20192768.0;-0.00331;16.31
San_Jose_de_Pare;Boyaca;2021-03-01;6.0;-73.5;16.0;13.53;0.007187;18281768.0;-0.003216;15.99
San_Jose_de_Pare;Boyaca;2021-04-01;6.0;-73.5;16.78;14.6;0.012003;17082368.0;-0.003312;16.66
San_Jose_de_Pare;Boyaca;2021-05-01;6.0;-73.5;17.26;14.91;0.009731;16937472.0;-0.003233;16.76
San_Jose_de_Pare;Boyaca;2021-06-01;6.0;-73.5;16.65;14.24;0.011145;17214464.0;-0.003355;16.43
San_Jose_de_Pare;Boyaca;2021-07-01;6.0;-73.5;16.99;13.55;0.009748;18732032.0;-0.003621;16.57
San_Jose_de_Pare;Boyaca;2021-08-01;6.0;-73.5;16.68;13.84;0.011055;18243072.0;-0.003511;16.59
San_Jose_de_Pare;Boyaca;2021-09-01;6.0;-73.5;16.51;13.84;0.010693;18674294.0;-0.003601;16.38
San_Jose_de_Pare;Boyaca;2021-10-01;6.0;-73.5;16.6;14.57;0.009895;17302528.0;-0.003251;16.56
San_Jose_de_Pare;Boyaca;2021-11-01;6.0;-73.5;16.44;14.37;0.00436;17441792.0;-0.003016;16.02
San_Jose_de_Pare;Boyaca;2021-12-01;6.0;-73.5;16.74;14.74;0.003633;17335296.0;-0.002969;16.4
San_Jose_de_Pare;Boyaca;2022-01-01;6.0;-73.5;16.26;13.54;0.002464;19109888.0;-0.003049;15.78
San_Jose_de_Pare;Boyaca;2022-02-01;6.0;-73.5;16.1;13.7;0.0042;17783808.0;-0.002896;15.8
San_Jose_de_Pare;Boyaca;2022-03-01;6.0;-73.5;16.48;14.34;0.007152;18209604.0;-0.003204;16.32
San_Jose_de_Pare;Boyaca;2022-04-01;6.0;-73.5;16.63;14.53;0.011114;16711680.0;-0.003231;16.64
San_Jose_de_Pare;Boyaca;2022-05-01;6.0;-73.5;17.29;14.75;0.012196;16589312.0;-0.003285;16.82
San_Jose_de_Pare;Boyaca;2022-06-01;6.0;-73.5;16.07;14.23;0.013451;15992832.0;-0.003142;16.04
San_Jose_de_Pare;Boyaca;2022-07-01;6.0;-73.5;16.59;13.9;0.009562;18037760.0;-0.003441;16.47
San_Jose_de_Pare;Boyaca;2022-08-01;6.0;-73.5;16.29;13.51;0.009787;18336256.0;-0.003519;16.32
San_Jose_de_Pare;Boyaca;2022-09-01;6.0;-73.5;16.05;13.78;0.010973;18521098.0;-0.003587;16.44
San_Jose_de_Pare;Boyaca;2022-10-01;6.0;-73.5;16.23;14.2;0.008535;16891392.0;-0.003128;16.23
San_Jose_de_Pare;Boyaca;2022-11-01;6.0;-73.5;16.42;14.36;0.007919;15877120.0;-0.002918;16.19
San_Jose_de_Pare;Boyaca;2022-12-01;6.0;-73.5;16.16;13.64;0.002476;18238464.0;-0.003009;15.67
San_Jose_de_Pare;Boyaca;2023-01-01;6.0;-73.5;16.0;13.47;0.003922;18520064.0;-0.003155;15.38
San_Jose_de_Pare;Boyaca;2023-02-01;6.0;-73.5;16.33;13.56;0.004311;20020224.0;-0.003417;15.99
San_Jose_de_Pare;Boyaca;2023-03-01;6.0;-73.5;16.44;14.48;0.008177;17095652.0;-0.003194;16.37
San_Jose_de_Pare;Boyaca;2023-04-01;6.0;-73.5;16.8;14.72;0.010001;17117184.0;-0.003237;16.58
San_Jose_de_Pare;Boyaca;2023-05-01;6.0;-73.5;17.9;15.2;0.010189;17337344.0;-0.003339;17.37
San_Jose_de_Pare;Boyaca;2023-06-01;6.0;-73.5;17.86;14.31;0.008118;18206208.0;-0.003545;17.28
San_Jose_de_Pare;Boyaca;2023-07-01;6.0;-73.5;17.78;14.3;0.007832;18780160.0;-0.003594;17.35
San_Jose_de_Pare;Boyaca;2023-08-01;6.0;-73.5;17.78;14.2;0.006863;19929088.0;-0.003639;17.41
San_Jose_de_Pare;Boyaca;2023-09-01;6.0;-73.5;17.52;14.07;0.007627;20719692.0;-0.003863;17.36
San_Jose_de_Pare;Boyaca;2023-10-01;6.0;-73.5;16.93;15.0;0.011948;16822784.0;-0.003355;17.1
San_Jose_de_Pare;Boyaca;2023-11-01;6.0;-73.5;17.44;15.26;0.008493;17043456.0;-0.003183;17.06
San_Jose_de_Pare;Boyaca;2023-12-01;6.0;-73.5;17.61;15.43;0.003401;18248704.0;-0.003228;17.16
San_Jose_de_Pare;Boyaca;2024-01-01;6.0;-73.5;18.19;14.3;0.00083;21966848.0;-0.003312;17.07
San_Jose_de_Pare;Boyaca;2024-02-01;6.0;-73.5;17.87;15.51;0.007097;19125760.0;-0.003419;17.5
San_Jose_de_Pare;Boyaca;2024-03-01;6.0;-73.5;18.16;15.45;0.004101;20815250.0;-0.003527;17.91
San_Jose_de_Pare;Boyaca;2024-04-01;6.0;-73.5;17.89;15.6;0.009712;17455616.0;-0.003302;17.75
San_Jose_de_Pare;Boyaca;2024-05-01;6.0;-73.5;18.4;15.96;0.012037;16173568.0;-0.003251;17.88
San_Jose_de_Pare;Boyaca;2024-06-01;6.0;-73.5;17.63;15.29;0.01075;16451072.0;-0.003277;17.28
San_Jose_de_Pare;Boyaca;2024-07-01;6.0;-73.5;18.1;14.08;0.006832;18901504.0;-0.003456;17.46
San_Jose_de_Pare;Boyaca;2024-08-01;6.0;-73.5;17.62;13.81;0.00666;20062208.0;-0.003663;17.26
San_Jose_de_Pare;Boyaca;2024-09-01;6.0;-73.5;17.69;14.0;0.009205;19358690.0;-0.003585;17.6
San_Jose_de_Pare;Boyaca;2024-10-01;6.0;-73.5;17.43;14.78;0.008244;17672704.0;-0.003337;17.12
San_Jose_de_Pare;Boyaca;2024-11-01;6.0;-73.5;16.84;14.85;0.008397;14988288.0;-0.002872;16.6
San_Jose_de_Pare;Boyaca;2024-12-01;6.0;-73.5;17.16;14.68;0.003559;17427456.0;-0.002991;16.46
Santana;Boyaca;2007-01-01;6.0;-73.5;16.63;14.21;0.005898;19140608.0;-0.003547;16.64
Santana;Boyaca;2007-02-01;6.0;-73.5;16.71;12.91;0.001369;21708800.0;-0.003479;16.24
Santana;Boyaca;2007-03-01;6.0;-73.5;16.4;13.88;0.009171;17919116.0;-0.003216;16.67
Santana;Boyaca;2007-04-01;6.0;-73.5;16.77;14.77;0.010071;17187328.0;-0.003262;16.8
Santana;Boyaca;2007-05-01;6.0;-73.5;16.51;14.71;0.014715;16350208.0;-0.003251;16.77
Santana;Boyaca;2007-06-01;6.0;-73.5;16.44;13.77;0.008436;17929216.0;-0.003438;16.43
Santana;Boyaca;2007-07-01;6.0;-73.5;16.3;13.26;0.006302;19123712.0;-0.003529;16.29
Santana;Boyaca;2007-08-01;6.0;-73.5;16.12;13.43;0.012276;18129408.0;-0.003488;16.27
Santana;Boyaca;2007-09-01;6.0;-73.5;16.25;13.58;0.012152;19473530.0;-0.003738;16.48
Santana;Boyaca;2007-10-01;6.0;-73.5;15.73;13.96;0.010468;16705024.0;-0.003179;16.1
Santana;Boyaca;2007-11-01;6.0;-73.5;16.08;14.05;0.007202;17199104.0;-0.003138;16.06
Santana;Boyaca;2007-12-01;6.0;-73.5;15.45;13.4;0.004146;17007616.0;-0.002918;15.35
Santana;Boyaca;2008-01-01;6.0;-73.5;15.74;13.57;0.003325;18137088.0;-0.003028;15.58
Santana;Boyaca;2008-02-01;6.0;-73.5;15.66;13.45;0.003729;19100672.0;-0.003179;15.47
Santana;Boyaca;2008-03-01;6.0;-73.5;15.83;13.52;0.004894;19324828.0;-0.003155;15.8
Santana;Boyaca;2008-04-01;6.0;-73.5;16.01;13.82;0.007905;17695232.0;-0.003236;16.02
Santana;Boyaca;2008-05-01;6.0;-73.5;16.22;14.05;0.009411;16337408.0;-0.003092;16.08
Santana;Boyaca;2008-06-01;6.0;-73.5;16.27;14.0;0.011105;17217024.0;-0.003302;16.2
Santana;Boyaca;2008-07-01;6.0;-73.5;16.29;13.46;0.010841;17720320.0;-0.003409;16.16
Santana;Boyaca;2008-08-01;6.0;-73.5;15.96;13.65;0.010643;17925120.0;-0.00339;16.07
Santana;Boyaca;2008-09-01;6.0;-73.5;16.27;13.61;0.010515;18844104.0;-0.003547;16.37
Santana;Boyaca;2008-10-01;6.0;-73.5;16.1;13.8;0.006956;17725952.0;-0.003214;16.11
Santana;Boyaca;2008-11-01;6.0;-73.5;16.04;14.26;0.006788;14924800.0;-0.002686;15.91
Santana;Boyaca;2008-12-01;6.0;-73.5;15.76;13.37;0.002949;17113088.0;-0.00289;15.44
Santana;Boyaca;2009-01-01;6.0;-73.5;15.85;13.75;0.004413;16970752.0;-0.002871;15.68
Santana;Boyaca;2009-02-01;6.0;-73.5;15.79;13.56;0.00507;18723840.0;-0.003221;15.84
Santana;Boyaca;2009-03-01;6.0;-73.5;15.86;13.89;0.008039;17943344.0;-0.003271;16.14
Santana;Boyaca;2009-04-01;6.0;-73.5;16.69;14.51;0.010944;18702848.0;-0.003453;16.71
Santana;Boyaca;2009-05-01;6.0;-73.5;16.71;14.16;0.010303;18064384.0;-0.00349;16.66
Santana;Boyaca;2009-06-01;6.0;-73.5;16.68;14.09;0.011246;17346560.0;-0.003332;16.56
Santana;Boyaca;2009-07-01;6.0;-73.5;16.56;13.4;0.00864;19402752.0;-0.003664;16.55
Santana;Boyaca;2009-08-01;6.0;-73.5;16.8;13.79;0.009995;18489344.0;-0.003476;16.74
Santana;Boyaca;2009-09-01;6.0;-73.5;17.06;13.53;0.008558;21108428.0;-0.003904;16.97
Santana;Boyaca;2009-10-01;6.0;-73.5;16.61;13.93;0.007736;17848320.0;-0.00325;16.5
Santana;Boyaca;2009-11-01;6.0;-73.5;16.87;14.59;0.00522;17200128.0;-0.003074;16.51
Santana;Boyaca;2009-12-01;6.0;-73.5;16.5;14.25;0.00382;17709056.0;-0.003012;16.25
Santana;Boyaca;2010-01-01;6.0;-73.5;17.04;13.75;0.002407;20501504.0;-0.003533;16.62
Santana;Boyaca;2010-02-01;6.0;-73.5;17.84;14.86;0.003605;19610624.0;-0.003408;17.49
Santana;Boyaca;2010-03-01;6.0;-73.5;17.88;15.26;0.007828;19254514.0;-0.003571;17.68
Santana;Boyaca;2010-04-01;6.0;-73.5;17.79;15.37;0.010319;16782848.0;-0.003251;17.42
Santana;Boyaca;2010-05-01;6.0;-73.5;17.62;15.36;0.010214;15949824.0;-0.003106;17.31
Santana;Boyaca;2010-06-01;6.0;-73.5;17.11;14.54;0.013321;17142784.0;-0.003386;16.91
Santana;Boyaca;2010-07-01;6.0;-73.5;16.41;14.25;0.016062;16115200.0;-0.003183;16.46
Santana;Boyaca;2010-08-01;6.0;-73.5;16.54;13.83;0.013176;17966080.0;-0.003512;16.67
Santana;Boyaca;2010-09-01;6.0;-73.5;16.2;14.15;0.012554;16981114.0;-0.003338;16.33
Santana;Boyaca;2010-10-01;6.0;-73.5;16.53;13.96;0.009394;17081856.0;-0.003155;16.28
Santana;Boyaca;2010-11-01;6.0;-73.5;16.27;14.38;0.008886;13817856.0;-0.002532;15.8
Santana;Boyaca;2010-12-01;6.0;-73.5;16.19;14.01;0.005953;14754816.0;-0.002704;15.62
Santana;Boyaca;2011-01-01;6.0;-73.5;16.33;13.69;0.0033;18217984.0;-0.003136;15.7
Santana;Boyaca;2011-02-01;6.0;-73.5;16.14;13.7;0.004866;18561024.0;-0.003201;15.72
Santana;Boyaca;2011-03-01;6.0;-73.5;15.97;13.41;0.007296;17619296.0;-0.003215;15.62
Santana;Boyaca;2011-04-01;6.0;-73.5;16.6;14.34;0.014547;15486976.0;-0.002989;16.19
Santana;Boyaca;2011-05-01;6.0;-73.5;17.08;14.59;0.014896;16159232.0;-0.00324;16.58
Santana;Boyaca;2011-06-01;6.0;-73.5;17.21;14.05;0.01018;17723392.0;-0.003399;16.78
Santana;Boyaca;2011-07-01;6.0;-73.5;16.63;13.25;0.008795;17906688.0;-0.003433;16.4
Santana;Boyaca;2011-08-01;6.0;-73.5;16.83;13.27;0.011024;19504128.0;-0.003733;16.58
Santana;Boyaca;2011-09-01;6.0;-73.5;16.69;13.4;0.008625;19126758.0;-0.00366;16.52
Santana;Boyaca;2011-10-01;6.0;-73.5;16.16;14.02;0.009169;15165440.0;-0.002888;15.84
Santana;Boyaca;2011-11-01;6.0;-73.5;16.14;14.29;0.008354;14192640.0;-0.00266;15.73
Santana;Boyaca;2011-12-01;6.0;-73.5;16.65;14.32;0.005306;15874048.0;-0.002903;15.98
Santana;Boyaca;2012-01-01;6.0;-73.5;16.15;13.83;0.003416;17709056.0;-0.003111;15.72
Santana;Boyaca;2012-02-01;6.0;-73.5;16.18;13.35;0.003466;19366400.0;-0.003119;15.72
Santana;Boyaca;2012-03-01;6.0;-73.5;16.39;13.8;0.008631;18484206.0;-0.003378;16.26
Santana;Boyaca;2012-04-01;6.0;-73.5;16.41;14.18;0.009976;15712768.0;-0.003008;16.13
Santana;Boyaca;2012-05-01;6.0;-73.5;16.87;14.08;0.013525;17068544.0;-0.003356;16.53
Santana;Boyaca;2012-06-01;6.0;-73.5;16.74;13.17;0.007662;19234304.0;-0.003575;16.38
Santana;Boyaca;2012-07-01;6.0;-73.5;16.6;13.06;0.008165;18578432.0;-0.003521;16.45
Santana;Boyaca;2012-08-01;6.0;-73.5;16.63;13.15;0.011404;18910720.0;-0.003642;16.66
Santana;Boyaca;2012-09-01;6.0;-73.5;16.53;12.85;0.009977;20028976.0;-0.003699;16.67
Santana;Boyaca;2012-10-01;6.0;-73.5;16.76;14.07;0.010092;17016832.0;-0.003189;16.46
Santana;Boyaca;2012-11-01;6.0;-73.5;16.83;14.48;0.005306;17294336.0;-0.003065;16.45
Santana;Boyaca;2012-12-01;6.0;-73.5;16.53;13.94;0.002889;18041856.0;-0.003013;15.98
Santana;Boyaca;2013-01-01;6.0;-73.5;17.03;13.75;0.001701;19778560.0;-0.003199;16.52
Santana;Boyaca;2013-02-01;6.0;-73.5;16.6;14.39;0.006817;18213888.0;-0.003286;16.43
Santana;Boyaca;2013-03-01;6.0;-73.5;17.36;14.83;0.007603;18741880.0;-0.003452;17.21
Santana;Boyaca;2013-04-01;6.0;-73.5;17.36;14.86;0.008955;18593792.0;-0.003448;17.22
Santana;Boyaca;2013-05-01;6.0;-73.5;17.1;14.76;0.013105;15821312.0;-0.003126;16.71
Santana;Boyaca;2013-06-01;6.0;-73.5;17.09;13.73;0.007038;18122752.0;-0.003425;16.62
Santana;Boyaca;2013-07-01;6.0;-73.5;16.78;13.01;0.007126;19343872.0;-0.003602;16.4
Santana;Boyaca;2013-08-01;6.0;-73.5;16.78;13.63;0.011284;18241536.0;-0.003473;16.52
Santana;Boyaca;2013-09-01;6.0;-73.5;16.77;13.63;0.011356;18833012.0;-0.003625;16.6
Santana;Boyaca;2013-10-01;6.0;-73.5;16.51;13.76;0.007702;17895424.0;-0.003312;16.32
Santana;Boyaca;2013-11-01;6.0;-73.5;16.37;14.0;0.004604;17042432.0;-0.002981;15.94
Santana;Boyaca;2013-12-01;6.0;-73.5;16.37;14.06;0.005777;18023424.0;-0.003266;16.04
Santana;Boyaca;2014-01-01;6.0;-73.5;16.47;14.03;0.003817;18193408.0;-0.003241;16.04
Santana;Boyaca;2014-02-01;6.0;-73.5;16.47;14.13;0.006193;18559488.0;-0.003292;16.2
Santana;Boyaca;2014-03-01;6.0;-73.5;16.94;14.45;0.003546;19102960.0;-0.003264;16.53
Santana;Boyaca;2014-04-01;6.0;-73.5;17.51;14.6;0.01333;18801664.0;-0.003583;17.2
Santana;Boyaca;2014-05-01;6.0;-73.5;17.19;14.68;0.009979;17284096.0;-0.003279;16.81
Santana;Boyaca;2014-06-01;6.0;-73.5;17.33;14.18;0.009935;18336768.0;-0.00358;16.94
Santana;Boyaca;2014-07-01;6.0;-73.5;17.46;13.04;0.004477;20044288.0;-0.003632;16.95
Santana;Boyaca;2014-08-01;6.0;-73.5;16.76;12.98;0.009663;19600896.0;-0.003682;16.78
Santana;Boyaca;2014-09-01;6.0;-73.5;16.63;13.34;0.010439;19670388.0;-0.003744;16.64
Santana;Boyaca;2014-10-01;6.0;-73.5;16.46;13.85;0.01166;17570816.0;-0.003331;16.34
Santana;Boyaca;2014-11-01;6.0;-73.5;16.54;14.22;0.005932;16506880.0;-0.002996;16.05
Santana;Boyaca;2014-12-01;6.0;-73.5;16.68;13.86;0.003672;18783232.0;-0.003212;16.1
Santana;Boyaca;2015-01-01;6.0;-73.5;16.44;13.12;0.003626;19301376.0;-0.003113;16.09
Santana;Boyaca;2015-02-01;6.0;-73.5;16.84;14.26;0.005375;18650624.0;-0.003412;16.46
Santana;Boyaca;2015-03-01;6.0;-73.5;16.91;14.42;0.005804;18828844.0;-0.003369;16.57
Santana;Boyaca;2015-04-01;6.0;-73.5;17.3;14.51;0.010723;18232832.0;-0.003574;17.04
Santana;Boyaca;2015-05-01;6.0;-73.5;17.41;14.39;0.009932;18582016.0;-0.003583;17.12
Santana;Boyaca;2015-06-01;6.0;-73.5;17.64;13.63;0.007681;18706432.0;-0.003599;17.14
Santana;Boyaca;2015-07-01;6.0;-73.5;17.23;13.54;0.009115;18079744.0;-0.003444;16.87
Santana;Boyaca;2015-08-01;6.0;-73.5;17.31;13.36;0.008646;19450880.0;-0.00363;17.06
Santana;Boyaca;2015-09-01;6.0;-73.5;17.38;13.29;0.009317;20187758.0;-0.003709;17.27
Santana;Boyaca;2015-10-01;6.0;-73.5;17.16;14.25;0.010342;17370624.0;-0.003308;16.96
Santana;Boyaca;2015-11-01;6.0;-73.5;17.0;14.68;0.010443;16792576.0;-0.00319;16.6
Santana;Boyaca;2015-12-01;6.0;-73.5;17.48;13.9;0.007471;19386368.0;-0.003627;17.0
Santana;Boyaca;2016-01-01;6.0;-73.5;17.45;14.59;0.003901;19184640.0;-0.003284;16.97
Santana;Boyaca;2016-02-01;6.0;-73.5;18.03;15.38;0.006107;18824192.0;-0.003447;17.68
Santana;Boyaca;2016-03-01;6.0;-73.5;18.26;15.59;0.004765;19485766.0;-0.003441;17.91
Santana;Boyaca;2016-04-01;6.0;-73.5;17.73;15.52;0.011572;17025536.0;-0.003354;17.71
Santana;Boyaca;2016-05-01;6.0;-73.5;17.68;15.05;0.013807;16748544.0;-0.003347;17.35
Santana;Boyaca;2016-06-01;6.0;-73.5;17.24;13.83;0.008474;18683392.0;-0.003635;16.91
Santana;Boyaca;2016-07-01;6.0;-73.5;16.76;13.79;0.010757;18357760.0;-0.0036;16.66
Santana;Boyaca;2016-08-01;6.0;-73.5;17.06;13.56;0.007168;20052480.0;-0.003736;17.06
Santana;Boyaca;2016-09-01;6.0;-73.5;16.77;13.91;0.010195;19169644.0;-0.003698;16.73
Santana;Boyaca;2016-10-01;6.0;-73.5;16.89;14.59;0.011587;16649728.0;-0.003216;16.71
Santana;Boyaca;2016-11-01;6.0;-73.5;16.78;14.65;0.006844;16640000.0;-0.003063;16.42
Santana;Boyaca;2016-12-01;6.0;-73.5;16.68;14.46;0.006483;16498688.0;-0.002983;16.11
Santana;Boyaca;2017-01-01;6.0;-73.5;16.44;13.5;0.004126;19335168.0;-0.003377;15.69
Santana;Boyaca;2017-02-01;6.0;-73.5;16.71;12.96;0.002084;21271552.0;-0.003309;15.92
Santana;Boyaca;2017-03-01;6.0;-73.5;16.36;14.26;0.007548;17197216.0;-0.003118;16.31
Santana;Boyaca;2017-04-01;6.0;-73.5;17.31;14.6;0.007956;19008000.0;-0.003561;17.02
Santana;Boyaca;2017-05-01;6.0;-73.5;17.26;14.92;0.011271;17196544.0;-0.003366;17.03
Santana;Boyaca;2017-06-01;6.0;-73.5;17.11;14.59;0.009724;17309696.0;-0.003331;16.86
Santana;Boyaca;2017-07-01;6.0;-73.5;17.4;13.64;0.007895;18764800.0;-0.003637;16.87
Santana;Boyaca;2017-08-01;6.0;-73.5;16.99;13.9;0.008087;19890176.0;-0.003719;16.85
Santana;Boyaca;2017-09-01;6.0;-73.5;16.77;14.07;0.010841;19102030.0;-0.003675;16.91
Santana;Boyaca;2017-10-01;6.0;-73.5;16.74;14.24;0.007412;17870336.0;-0.00332;16.64
Santana;Boyaca;2017-11-01;6.0;-73.5;16.72;14.67;0.004232;16940032.0;-0.002975;16.34
Santana;Boyaca;2017-12-01;6.0;-73.5;16.66;13.77;0.001759;18952192.0;-0.003028;16.0
Santana;Boyaca;2018-01-01;6.0;-73.5;16.35;13.74;0.004025;18229248.0;-0.003132;15.92
Santana;Boyaca;2018-02-01;6.0;-73.5;16.74;13.09;0.003377;20581376.0;-0.003324;15.97
Santana;Boyaca;2018-03-01;6.0;-73.5;16.69;14.07;0.005465;19884588.0;-0.003536;16.62
Santana;Boyaca;2018-04-01;6.0;-73.5;16.44;14.09;0.007767;17357824.0;-0.003207;16.32
Santana;Boyaca;2018-05-01;6.0;-73.5;16.65;14.74;0.014748;15984128.0;-0.003172;16.6
Santana;Boyaca;2018-06-01;6.0;-73.5;16.97;13.92;0.008553;18614272.0;-0.003559;16.76
Santana;Boyaca;2018-07-01;6.0;-73.5;16.88;13.56;0.00666;19448832.0;-0.003616;16.54
Santana;Boyaca;2018-08-01;6.0;-73.5;16.73;12.48;0.004576;20772864.0;-0.003698;16.53
Santana;Boyaca;2018-09-01;6.0;-73.5;16.58;13.75;0.009537;18694104.0;-0.003514;16.62
Santana;Boyaca;2018-10-01;6.0;-73.5;16.84;14.62;0.009982;16684032.0;-0.003142;16.53
Santana;Boyaca;2018-11-01;6.0;-73.5;16.92;14.9;0.005341;17104896.0;-0.003066;16.51
Santana;Boyaca;2018-12-01;6.0;-73.5;16.54;12.94;0.001251;20215808.0;-0.003085;15.86
Santana;Boyaca;2019-01-01;6.0;-73.5;16.65;13.4;0.002503;19358720.0;-0.003199;16.18
Santana;Boyaca;2019-02-01;6.0;-73.5;17.13;14.7;0.004763;19174400.0;-0.003378;16.98
Santana;Boyaca;2019-03-01;6.0;-73.5;17.08;14.96;0.006655;18035528.0;-0.003279;16.99
Santana;Boyaca;2019-04-01;6.0;-73.5;17.38;15.01;0.008759;17645568.0;-0.003373;17.17
Santana;Boyaca;2019-05-01;6.0;-73.5;17.36;15.04;0.012007;16233472.0;-0.003168;17.1
Santana;Boyaca;2019-06-01;6.0;-73.5;17.7;14.37;0.008415;18615296.0;-0.00366;17.15
Santana;Boyaca;2019-07-01;6.0;-73.5;17.24;13.73;0.006315;19689472.0;-0.003692;16.92
Santana;Boyaca;2019-08-01;6.0;-73.5;17.23;12.41;0.002964;20746240.0;-0.003531;16.96
Santana;Boyaca;2019-09-01;6.0;-73.5;17.32;13.56;0.008018;19461908.0;-0.003117;17.29
Santana;Boyaca;2019-10-01;6.0;-73.5;16.35;14.23;0.01018;17459200.0;-0.003281;16.36
Santana;Boyaca;2019-11-01;6.0;-73.5;16.74;14.55;0.003819;17722368.0;-0.003128;16.47
Santana;Boyaca;2019-12-01;6.0;-73.5;17.06;14.36;0.002964;18361344.0;-0.002887;16.53
Santana;Boyaca;2020-01-01;6.0;-73.5;17.0;13.06;0.000681;20052992.0;-0.002858;16.29
Santana;Boyaca;2020-02-01;6.0;-73.5;17.73;13.61;0.002222;20495360.0;-0.00313;17.18
Santana;Boyaca;2020-03-01;6.0;-73.5;17.18;14.37;0.004607;20847572.0;-0.003482;17.01
Santana;Boyaca;2020-04-01;6.0;-73.5;17.44;14.94;0.008253;18900992.0;-0.003517;17.3
Santana;Boyaca;2020-05-01;6.0;-73.5;18.07;15.24;0.009649;17784320.0;-0.003479;17.69
Santana;Boyaca;2020-06-01;6.0;-73.5;17.04;14.31;0.008366;17631232.0;-0.003405;16.81
Santana;Boyaca;2020-07-01;6.0;-73.5;16.89;14.11;0.010437;17670656.0;-0.003436;16.57
Santana;Boyaca;2020-08-01;6.0;-73.5;17.18;14.06;0.008129;18452480.0;-0.003482;16.92
Santana;Boyaca;2020-09-01;6.0;-73.5;16.64;13.77;0.008884;18879332.0;-0.003575;16.67
Santana;Boyaca;2020-10-01;6.0;-73.5;16.67;14.16;0.012835;17841664.0;-0.00347;16.61
Santana;Boyaca;2020-11-01;6.0;-73.5;16.5;14.72;0.008059;15958016.0;-0.00296;16.27
Santana;Boyaca;2020-12-01;6.0;-73.5;16.38;14.06;0.002911;17921024.0;-0.002983;15.81
Santana;Boyaca;2021-01-01;6.0;-73.5;16.63;12.74;0.002373;20477952.0;-0.003335;15.63
Santana;Boyaca;2021-02-01;6.0;-73.5;16.53;13.21;0.003201;20192768.0;-0.00331;16.31
Santana;Boyaca;2021-03-01;6.0;-73.5;16.0;13.53;0.007187;18281768.0;-0.003216;15.99
Santana;Boyaca;2021-04-01;6.0;-73.5;16.78;14.6;0.012003;17082368.0;-0.003312;16.66
Santana;Boyaca;2021-05-01;6.0;-73.5;17.26;14.91;0.009731;16937472.0;-0.003233;16.76
Santana;Boyaca;2021-06-01;6.0;-73.5;16.65;14.24;0.011145;17214464.0;-0.003355;16.43
Santana;Boyaca;2021-07-01;6.0;-73.5;16.99;13.55;0.009748;18732032.0;-0.003621;16.57
Santana;Boyaca;2021-08-01;6.0;-73.5;16.68;13.84;0.011055;18243072.0;-0.003511;16.59
Santana;Boyaca;2021-09-01;6.0;-73.5;16.51;13.84;0.010693;18674294.0;-0.003601;16.38
Santana;Boyaca;2021-10-01;6.0;-73.5;16.6;14.57;0.009895;17302528.0;-0.003251;16.56
Santana;Boyaca;2021-11-01;6.0;-73.5;16.44;14.37;0.00436;17441792.0;-0.003016;16.02
Santana;Boyaca;2021-12-01;6.0;-73.5;16.74;14.74;0.003633;17335296.0;-0.002969;16.4
Santana;Boyaca;2022-01-01;6.0;-73.5;16.26;13.54;0.002464;19109888.0;-0.003049;15.78
Santana;Boyaca;2022-02-01;6.0;-73.5;16.1;13.7;0.0042;17783808.0;-0.002896;15.8
Santana;Boyaca;2022-03-01;6.0;-73.5;16.48;14.34;0.007152;18209604.0;-0.003204;16.32
Santana;Boyaca;2022-04-01;6.0;-73.5;16.63;14.53;0.011114;16711680.0;-0.003231;16.64
Santana;Boyaca;2022-05-01;6.0;-73.5;17.29;14.75;0.012196;16589312.0;-0.003285;16.82
Santana;Boyaca;2022-06-01;6.0;-73.5;16.07;14.23;0.013451;15992832.0;-0.003142;16.04
Santana;Boyaca;2022-07-01;6.0;-73.5;16.59;13.9;0.009562;18037760.0;-0.003441;16.47
Santana;Boyaca;2022-08-01;6.0;-73.5;16.29;13.51;0.009787;18336256.0;-0.003519;16.32
Santana;Boyaca;2022-09-01;6.0;-73.5;16.05;13.78;0.010973;18521098.0;-0.003587;16.44
Santana;Boyaca;2022-10-01;6.0;-73.5;16.23;14.2;0.008535;16891392.0;-0.003128;16.23
Santana;Boyaca;2022-11-01;6.0;-73.5;16.42;14.36;0.007919;15877120.0;-0.002918;16.19
Santana;Boyaca;2022-12-01;6.0;-73.5;16.16;13.64;0.002476;18238464.0;-0.003009;15.67
Santana;Boyaca;2023-01-01;6.0;-73.5;16.0;13.47;0.003922;18520064.0;-0.003155;15.38
Santana;Boyaca;2023-02-01;6.0;-73.5;16.33;13.56;0.004311;20020224.0;-0.003417;15.99
Santana;Boyaca;2023-03-01;6.0;-73.5;16.44;14.48;0.008177;17095652.0;-0.003194;16.37
Santana;Boyaca;2023-04-01;6.0;-73.5;16.8;14.72;0.010001;17117184.0;-0.003237;16.58
Santana;Boyaca;2023-05-01;6.0;-73.5;17.9;15.2;0.010189;17337344.0;-0.003339;17.37
Santana;Boyaca;2023-06-01;6.0;-73.5;17.86;14.31;0.008118;18206208.0;-0.003545;17.28
Santana;Boyaca;2023-07-01;6.0;-73.5;17.78;14.3;0.007832;18780160.0;-0.003594;17.35
Santana;Boyaca;2023-08-01;6.0;-73.5;17.78;14.2;0.006863;19929088.0;-0.003639;17.41
Santana;Boyaca;2023-09-01;6.0;-73.5;17.52;14.07;0.007627;20719692.0;-0.003863;17.36
Santana;Boyaca;2023-10-01;6.0;-73.5;16.93;15.0;0.011948;16822784.0;-0.003355;17.1
Santana;Boyaca;2023-11-01;6.0;-73.5;17.44;15.26;0.008493;17043456.0;-0.003183;17.06
Santana;Boyaca;2023-12-01;6.0;-73.5;17.61;15.43;0.003401;18248704.0;-0.003228;17.16
Santana;Boyaca;2024-01-01;6.0;-73.5;18.19;14.3;0.00083;21966848.0;-0.003312;17.07
Santana;Boyaca;2024-02-01;6.0;-73.5;17.87;15.51;0.007097;19125760.0;-0.003419;17.5
Santana;Boyaca;2024-03-01;6.0;-73.5;18.16;15.45;0.004101;20815250.0;-0.003527;17.91
Santana;Boyaca;2024-04-01;6.0;-73.5;17.89;15.6;0.009712;17455616.0;-0.003302;17.75
Santana;Boyaca;2024-05-01;6.0;-73.5;18.4;15.96;0.012037;16173568.0;-0.003251;17.88
Santana;Boyaca;2024-06-01;6.0;-73.5;17.63;15.29;0.01075;16451072.0;-0.003277;17.28
Santana;Boyaca;2024-07-01;6.0;-73.5;18.1;14.08;0.006832;18901504.0;-0.003456;17.46
Santana;Boyaca;2024-08-01;6.0;-73.5;17.62;13.81;0.00666;20062208.0;-0.003663;17.26
Santana;Boyaca;2024-09-01;6.0;-73.5;17.69;14.0;0.009205;19358690.0;-0.003585;17.6
Santana;Boyaca;2024-10-01;6.0;-73.5;17.43;14.78;0.008244;17672704.0;-0.003337;17.12
Santana;Boyaca;2024-11-01;6.0;-73.5;16.84;14.85;0.008397;14988288.0;-0.002872;16.6
Santana;Boyaca;2024-12-01;6.0;-73.5;17.16;14.68;0.003559;17427456.0;-0.002991;16.46
Suaita;Santander;2007-01-01;6.125;-73.375;17.41;14.67;0.004779;19590144.0;-0.003461;17.42
Suaita;Santander;2007-02-01;6.125;-73.375;17.53;13.26;0.001755;21990016.0;-0.003365;17.2
Suaita;Santander;2007-03-01;6.125;-73.375;17.15;14.4;0.008378;18440320.0;-0.003173;17.49
Suaita;Santander;2007-04-01;6.125;-73.375;17.45;15.4;0.010534;17753088.0;-0.00338;17.43
Suaita;Santander;2007-05-01;6.125;-73.375;17.1;15.33;0.014774;16681984.0;-0.003288;17.3
Suaita;Santander;2007-06-01;6.125;-73.375;16.94;14.54;0.008777;18308224.0;-0.003482;16.96
Suaita;Santander;2007-07-01;6.125;-73.375;16.81;14.02;0.007171;19451136.0;-0.003568;16.89
Suaita;Santander;2007-08-01;6.125;-73.375;16.66;14.15;0.011415;18390912.0;-0.003467;16.79
Suaita;Santander;2007-09-01;6.125;-73.375;16.8;14.22;0.010464;19714048.0;-0.003663;17.04
Suaita;Santander;2007-10-01;6.125;-73.375;16.4;14.52;0.010149;17197696.0;-0.003221;16.74
Suaita;Santander;2007-11-01;6.125;-73.375;16.78;14.65;0.007524;17573120.0;-0.003223;16.71
Suaita;Santander;2007-12-01;6.125;-73.375;16.14;13.95;0.004151;17196032.0;-0.002986;15.99
Suaita;Santander;2008-01-01;6.125;-73.375;16.55;14.02;0.003221;18542080.0;-0.003091;16.38
Suaita;Santander;2008-02-01;6.125;-73.375;16.52;13.96;0.003856;19430528.0;-0.00322;16.37
Suaita;Santander;2008-03-01;6.125;-73.375;16.67;14.01;0.004593;19847312.0;-0.003227;16.68
Suaita;Santander;2008-04-01;6.125;-73.375;16.74;14.38;0.00816;18221952.0;-0.003292;16.76
Suaita;Santander;2008-05-01;6.125;-73.375;16.88;14.7;0.009382;16715392.0;-0.003183;16.72
Suaita;Santander;2008-06-01;6.125;-73.375;16.82;14.68;0.011498;17607808.0;-0.003371;16.73
Suaita;Santander;2008-07-01;6.125;-73.375;16.78;14.17;0.010765;18041088.0;-0.003437;16.67
Suaita;Santander;2008-08-01;6.125;-73.375;16.58;14.21;0.009763;18333952.0;-0.003408;16.68
Suaita;Santander;2008-09-01;6.125;-73.375;16.9;14.23;0.009305;19274176.0;-0.003546;16.99
Suaita;Santander;2008-10-01;6.125;-73.375;16.8;14.32;0.007278;18215040.0;-0.003283;16.76
Suaita;Santander;2008-11-01;6.125;-73.375;16.74;14.82;0.009204;15042816.0;-0.002753;16.59
Suaita;Santander;2008-12-01;6.125;-73.375;16.57;13.95;0.002975;17155328.0;-0.002933;16.19
Suaita;Santander;2009-01-01;6.125;-73.375;16.62;14.25;0.004581;17588992.0;-0.00301;16.44
Suaita;Santander;2009-02-01;6.125;-73.375;16.58;14.05;0.005625;19125376.0;-0.003249;16.69
Suaita;Santander;2009-03-01;6.125;-73.375;16.61;14.4;0.00755;18558240.0;-0.003336;16.87
Suaita;Santander;2009-04-01;6.125;-73.375;17.34;15.03;0.010201;19187584.0;-0.003524;17.36
Suaita;Santander;2009-05-01;6.125;-73.375;17.32;14.8;0.009185;18398720.0;-0.003528;17.23
Suaita;Santander;2009-06-01;6.125;-73.375;17.19;14.73;0.011904;17757568.0;-0.003368;17.14
Suaita;Santander;2009-07-01;6.125;-73.375;17.1;14.18;0.008029;19622784.0;-0.003623;17.15
Suaita;Santander;2009-08-01;6.125;-73.375;17.32;14.5;0.009751;18975104.0;-0.00352;17.31
Suaita;Santander;2009-09-01;6.125;-73.375;17.65;14.25;0.006819;21431120.0;-0.003833;17.6
Suaita;Santander;2009-10-01;6.125;-73.375;17.28;14.51;0.006987;18269952.0;-0.003251;17.2
Suaita;Santander;2009-11-01;6.125;-73.375;17.57;15.04;0.005477;17748480.0;-0.003152;17.26
Suaita;Santander;2009-12-01;6.125;-73.375;17.25;14.61;0.0037;18215936.0;-0.003055;17.06
Suaita;Santander;2010-01-01;6.125;-73.375;18.0;14.07;0.001894;20970496.0;-0.003199;17.75
Suaita;Santander;2010-02-01;6.125;-73.375;18.83;15.15;0.003765;20093952.0;-0.003043;18.7
Suaita;Santander;2010-03-01;6.125;-73.375;18.66;15.69;0.007564;19924592.0;-0.003506;18.58
Suaita;Santander;2010-04-01;6.125;-73.375;18.45;15.94;0.009884;17276800.0;-0.003326;18.1
Suaita;Santander;2010-05-01;6.125;-73.375;18.19;15.99;0.012694;16415616.0;-0.003232;17.91
Suaita;Santander;2010-06-01;6.125;-73.375;17.63;15.22;0.013538;17562112.0;-0.003463;17.44
Suaita;Santander;2010-07-01;6.125;-73.375;16.93;14.94;0.01437;16356096.0;-0.00323;16.93
Suaita;Santander;2010-08-01;6.125;-73.375;16.98;14.56;0.012746;18243968.0;-0.003558;17.1
Suaita;Santander;2010-09-01;6.125;-73.375;16.87;14.68;0.011262;17491312.0;-0.003395;16.9
Suaita;Santander;2010-10-01;6.125;-73.375;17.19;14.64;0.010438;17385856.0;-0.003261;16.9
Suaita;Santander;2010-11-01;6.125;-73.375;16.91;14.96;0.010278;14060544.0;-0.002691;16.4
Suaita;Santander;2010-12-01;6.125;-73.375;16.88;14.64;0.007292;15211264.0;-0.002862;16.27
Suaita;Santander;2011-01-01;6.125;-73.375;17.09;14.19;0.003265;18590720.0;-0.003227;16.45
Suaita;Santander;2011-02-01;6.125;-73.375;17.02;14.13;0.004454;18980992.0;-0.003121;16.62
Suaita;Santander;2011-03-01;6.125;-73.375;16.7;14.01;0.007132;17925728.0;-0.003209;16.39
Suaita;Santander;2011-04-01;6.125;-73.375;17.25;14.87;0.012811;16137344.0;-0.003113;16.84
Suaita;Santander;2011-05-01;6.125;-73.375;17.63;15.24;0.013645;16355968.0;-0.003275;17.12
Suaita;Santander;2011-06-01;6.125;-73.375;17.69;14.72;0.010288;17999104.0;-0.003466;17.27
Suaita;Santander;2011-07-01;6.125;-73.375;17.05;14.1;0.009546;18276992.0;-0.003507;16.89
Suaita;Santander;2011-08-01;6.125;-73.375;17.3;14.12;0.00991;19872384.0;-0.003769;17.07
Suaita;Santander;2011-09-01;6.125;-73.375;17.24;14.15;0.0079;19499232.0;-0.003653;17.05
Suaita;Santander;2011-10-01;6.125;-73.375;16.79;14.63;0.00992;15354496.0;-0.00294;16.46
Suaita;Santander;2011-11-01;6.125;-73.375;16.82;14.88;0.0095;14545920.0;-0.002788;16.37
Suaita;Santander;2011-12-01;6.125;-73.375;17.29;14.94;0.006034;16157951.0;-0.002993;16.59
Suaita;Santander;2012-01-01;6.125;-73.375;16.89;14.4;0.003644;18145024.0;-0.003228;16.46
Suaita;Santander;2012-02-01;6.125;-73.375;17.07;13.78;0.003482;19893760.0;-0.003182;16.65
Suaita;Santander;2012-03-01;6.125;-73.375;17.18;14.32;0.00767;18823664.0;-0.003314;17.12
Suaita;Santander;2012-04-01;6.125;-73.375;17.08;14.79;0.009847;16180480.0;-0.003115;16.77
Suaita;Santander;2012-05-01;6.125;-73.375;17.38;14.76;0.012197;17576704.0;-0.003433;17.06
Suaita;Santander;2012-06-01;6.125;-73.375;17.17;14.0;0.006909;19608192.0;-0.003634;16.89
Suaita;Santander;2012-07-01;6.125;-73.375;17.03;13.98;0.00822;18769152.0;-0.003558;16.96
Suaita;Santander;2012-08-01;6.125;-73.375;17.07;14.06;0.011308;19201152.0;-0.003667;17.13
Suaita;Santander;2012-09-01;6.125;-73.375;16.98;13.73;0.008778;20333104.0;-0.003738;17.15
Suaita;Santander;2012-10-01;6.125;-73.375;17.38;14.68;0.009559;17236736.0;-0.003244;17.05
Suaita;Santander;2012-11-01;6.125;-73.375;17.54;14.98;0.005338;17653760.0;-0.003162;17.13
Suaita;Santander;2012-12-01;6.125;-73.375;17.27;14.5;0.003301;18290944.0;-0.003096;16.76
Suaita;Santander;2013-01-01;6.125;-73.375;17.89;14.08;0.001397;20285696.0;-0.00309;17.42
Suaita;Santander;2013-02-01;6.125;-73.375;17.47;14.88;0.006506;18712960.0;-0.003251;17.38
Suaita;Santander;2013-03-01;6.125;-73.375;18.12;15.36;0.007422;19318640.0;-0.003403;18.05
Suaita;Santander;2013-04-01;6.125;-73.375;18.12;15.34;0.007692;19147264.0;-0.003424;18.05
Suaita;Santander;2013-05-01;6.125;-73.375;17.72;15.4;0.012518;16093824.0;-0.003171;17.32
Suaita;Santander;2013-06-01;6.125;-73.375;17.56;14.52;0.007985;18387200.0;-0.003471;17.18
Suaita;Santander;2013-07-01;6.125;-73.375;17.32;13.86;0.007158;19632640.0;-0.00356;17.04
Suaita;Santander;2013-08-01;6.125;-73.375;17.31;14.4;0.01125;18617216.0;-0.00347;17.1
Suaita;Santander;2013-09-01;6.125;-73.375;17.34;14.34;0.009476;19162608.0;-0.003542;17.22
Suaita;Santander;2013-10-01;6.125;-73.375;17.16;14.35;0.006898;18185728.0;-0.003297;16.96
Suaita;Santander;2013-11-01;6.125;-73.375;17.07;14.58;0.005004;17237248.0;-0.003067;16.62
Suaita;Santander;2013-12-01;6.125;-73.375;17.13;14.5;0.00508;18424576.0;-0.003204;16.82
Suaita;Santander;2014-01-01;6.125;-73.375;17.42;14.31;0.002919;18718976.0;-0.003026;17.13
Suaita;Santander;2014-02-01;6.125;-73.375;17.49;14.42;0.005128;19051904.0;-0.003021;17.4
Suaita;Santander;2014-03-01;6.125;-73.375;17.83;14.86;0.004304;19572720.0;-0.003172;17.54
Suaita;Santander;2014-04-01;6.125;-73.375;18.26;15.17;0.011368;19292544.0;-0.003445;18.09
Suaita;Santander;2014-05-01;6.125;-73.375;17.87;15.3;0.00948;17681152.0;-0.003318;17.48
Suaita;Santander;2014-06-01;6.125;-73.375;17.92;14.94;0.00969;18614528.0;-0.003499;17.7
Suaita;Santander;2014-07-01;6.125;-73.375;17.96;14.04;0.005397;20380672.0;-0.003596;17.68
Suaita;Santander;2014-08-01;6.125;-73.375;17.28;13.88;0.009907;19911680.0;-0.003593;17.42
Suaita;Santander;2014-09-01;6.125;-73.375;17.25;14.07;0.008755;20020464.0;-0.003601;17.33
Suaita;Santander;2014-10-01;6.125;-73.375;17.08;14.54;0.010665;17919360.0;-0.003308;17.01
Suaita;Santander;2014-11-01;6.125;-73.375;17.23;14.83;0.005977;16837376.0;-0.003061;16.76
Suaita;Santander;2014-12-01;6.125;-73.375;17.48;14.39;0.003156;19193856.0;-0.003183;16.96
Suaita;Santander;2015-01-01;6.125;-73.375;17.16;13.66;0.002994;19744512.0;-0.003103;16.89
Suaita;Santander;2015-02-01;6.125;-73.375;17.7;14.62;0.004187;19083904.0;-0.00325;17.38
Suaita;Santander;2015-03-01;6.125;-73.375;17.81;14.83;0.005702;19433248.0;-0.003262;17.62
Suaita;Santander;2015-04-01;6.125;-73.375;17.87;15.18;0.00986;18729856.0;-0.003618;17.66
Suaita;Santander;2015-05-01;6.125;-73.375;18.03;15.05;0.009088;19004288.0;-0.003568;17.84
Suaita;Santander;2015-06-01;6.125;-73.375;18.14;14.53;0.008084;19009024.0;-0.003531;17.87
Suaita;Santander;2015-07-01;6.125;-73.375;17.79;14.4;0.008373;18348544.0;-0.003379;17.55
Suaita;Santander;2015-08-01;6.125;-73.375;17.81;14.32;0.008487;19641472.0;-0.003583;17.68
Suaita;Santander;2015-09-01;6.125;-73.375;17.99;14.21;0.00699;20375280.0;-0.003564;17.94
Suaita;Santander;2015-10-01;6.125;-73.375;17.86;14.91;0.009068;17716352.0;-0.003159;17.76
Suaita;Santander;2015-11-01;6.125;-73.375;17.66;15.32;0.008907;16916992.0;-0.003174;17.26
Suaita;Santander;2015-12-01;6.125;-73.375;18.17;14.57;0.005242;19490304.0;-0.00339;17.77
Suaita;Santander;2016-01-01;6.125;-73.375;18.42;14.78;0.003178;19485440.0;-0.002939;18.14
Suaita;Santander;2016-02-01;6.125;-73.375;18.92;15.78;0.006287;19379584.0;-0.003277;18.77
Suaita;Santander;2016-03-01;6.125;-73.375;19.12;15.89;0.00525;20307008.0;-0.0034;18.94
Suaita;Santander;2016-04-01;6.125;-73.375;18.44;16.1;0.01034;17574656.0;-0.003354;18.48
Suaita;Santander;2016-05-01;6.125;-73.375;18.22;15.75;0.012394;17013248.0;-0.003383;17.94
Suaita;Santander;2016-06-01;6.125;-73.375;17.69;14.66;0.008548;18975232.0;-0.00365;17.47
Suaita;Santander;2016-07-01;6.125;-73.375;17.32;14.54;0.009993;18604672.0;-0.003528;17.26
Suaita;Santander;2016-08-01;6.125;-73.375;17.57;14.4;0.007048;20324352.0;-0.003686;17.68
Suaita;Santander;2016-09-01;6.125;-73.375;17.42;14.53;0.008382;19561584.0;-0.003566;17.4
Suaita;Santander;2016-10-01;6.125;-73.375;17.58;15.08;0.011023;17194751.75;-0.003234;17.47
Suaita;Santander;2016-11-01;6.125;-73.375;17.47;15.19;0.006721;16928768.0;-0.003125;17.11
Suaita;Santander;2016-12-01;6.125;-73.375;17.46;15.0;0.006114;16947456.0;-0.003103;16.84
Suaita;Santander;2017-01-01;6.125;-73.375;17.33;13.96;0.003688;19595008.0;-0.003242;16.65
Suaita;Santander;2017-02-01;6.125;-73.375;17.74;13.19;0.001772;21737472.0;-0.002982;17.18
Suaita;Santander;2017-03-01;6.125;-73.375;17.2;14.78;0.008142;17772432.0;-0.003122;17.23
Suaita;Santander;2017-04-01;6.125;-73.375;18.07;15.07;0.006906;19611008.0;-0.003539;17.8
Suaita;Santander;2017-05-01;6.125;-73.375;17.94;15.52;0.00983;17683840.0;-0.003402;17.76
Suaita;Santander;2017-06-01;6.125;-73.375;17.71;15.2;0.009447;17597568.0;-0.003361;17.55
Suaita;Santander;2017-07-01;6.125;-73.375;17.81;14.55;0.008612;18943360.0;-0.003632;17.5
Suaita;Santander;2017-08-01;6.125;-73.375;17.58;14.58;0.007471;20155520.0;-0.003698;17.53
Suaita;Santander;2017-09-01;6.125;-73.375;17.38;14.68;0.009438;19468496.0;-0.003618;17.64
Suaita;Santander;2017-10-01;6.125;-73.375;17.4;14.81;0.007072;18121472.0;-0.003313;17.34
Suaita;Santander;2017-11-01;6.125;-73.375;17.47;15.13;0.00425;17520640.0;-0.003096;17.13
Suaita;Santander;2017-12-01;6.125;-73.375;17.57;14.07;0.001842;19287552.0;-0.002946;17.02
Suaita;Santander;2018-01-01;6.125;-73.375;17.18;14.12;0.003694;18617088.0;-0.003068;16.84
Suaita;Santander;2018-02-01;6.125;-73.375;17.92;13.02;0.002318;20813568.0;-0.002759;17.37
Suaita;Santander;2018-03-01;6.125;-73.375;17.76;14.3;0.004615;20498464.0;-0.003138;17.88
Suaita;Santander;2018-04-01;6.125;-73.375;17.22;14.68;0.007876;17896192.0;-0.003204;17.22
Suaita;Santander;2018-05-01;6.125;-73.375;17.25;15.32;0.012598;16385792.0;-0.003241;17.19
Suaita;Santander;2018-06-01;6.125;-73.375;17.41;14.66;0.008772;18799360.0;-0.003585;17.34
Suaita;Santander;2018-07-01;6.125;-73.375;17.47;14.32;0.007204;19737472.0;-0.003614;17.28
Suaita;Santander;2018-08-01;6.125;-73.375;17.27;13.46;0.005011;20992640.0;-0.003691;17.23
Suaita;Santander;2018-09-01;6.125;-73.375;17.17;14.52;0.009214;19001568.0;-0.003552;17.29
Suaita;Santander;2018-10-01;6.125;-73.375;17.54;15.14;0.00835;17040256.0;-0.003211;17.18
Suaita;Santander;2018-11-01;6.125;-73.375;17.64;15.43;0.005326;17488384.0;-0.003139;17.24
Suaita;Santander;2018-12-01;6.125;-73.375;17.48;13.29;0.001054;20446464.0;-0.002886;16.93
Suaita;Santander;2019-01-01;6.125;-73.375;17.66;13.6;0.001951;19701248.0;-0.002825;17.37
Suaita;Santander;2019-02-01;6.125;-73.375;18.28;14.72;0.003905;19737600.0;-0.002993;18.27
Suaita;Santander;2019-03-01;6.125;-73.375;18.02;15.32;0.006162;18682304.0;-0.003102;18.1
Suaita;Santander;2019-04-01;6.125;-73.375;18.14;15.52;0.007687;18163712.0;-0.003358;18.02
Suaita;Santander;2019-05-01;6.125;-73.375;18.02;15.58;0.010909;16826240.0;-0.003233;17.85
Suaita;Santander;2019-06-01;6.125;-73.375;18.25;15.22;0.008846;18903168.0;-0.003712;17.79
Suaita;Santander;2019-07-01;6.125;-73.375;17.81;14.55;0.006893;19910144.0;-0.003704;17.6
Suaita;Santander;2019-08-01;6.125;-73.375;17.62;13.64;0.00519;20863488.0;-0.003682;17.56
Suaita;Santander;2019-09-01;6.125;-73.375;17.87;14.41;0.007665;19831312.0;-0.003318;17.89
Suaita;Santander;2019-10-01;6.125;-73.375;17.0;14.79;0.009169;17975296.0;-0.003374;17.0
Suaita;Santander;2019-11-01;6.125;-73.375;17.45;15.07;0.003488;17939712.0;-0.003202;17.13
Suaita;Santander;2019-12-01;6.125;-73.375;17.81;14.88;0.002869;18614528.0;-0.002921;17.38
Suaita;Santander;2020-01-01;6.125;-73.375;17.91;13.39;0.000742;20134912.0;-0.002678;17.36
Suaita;Santander;2020-02-01;6.125;-73.375;18.6;13.97;0.002416;20617984.0;-0.002851;18.26
Suaita;Santander;2020-03-01;6.125;-73.375;18.06;14.66;0.004259;21230160.0;-0.003401;17.98
Suaita;Santander;2020-04-01;6.125;-73.375;18.28;15.34;0.007612;19392768.0;-0.003353;18.27
Suaita;Santander;2020-05-01;6.125;-73.375;18.79;15.74;0.009642;18162048.0;-0.003298;18.63
Suaita;Santander;2020-06-01;6.125;-73.375;17.66;14.94;0.008736;17897856.0;-0.003377;17.49
Suaita;Santander;2020-07-01;6.125;-73.375;17.52;14.68;0.010559;17958528.0;-0.003305;17.33
Suaita;Santander;2020-08-01;6.125;-73.375;17.81;14.7;0.008647;18726784.0;-0.003336;17.73
Suaita;Santander;2020-09-01;6.125;-73.375;17.26;14.44;0.00842;19202656.0;-0.003518;17.35
Suaita;Santander;2020-10-01;6.125;-73.375;17.2;14.76;0.011504;18092672.0;-0.003394;17.22
Suaita;Santander;2020-11-01;6.125;-73.375;17.19;15.21;0.007104;16374784.0;-0.00304;16.88
Suaita;Santander;2020-12-01;6.125;-73.375;17.16;14.45;0.002731;18411264.0;-0.003042;16.65
Suaita;Santander;2021-01-01;6.125;-73.375;17.68;12.73;0.002359;20832000.0;-0.002946;16.87
Suaita;Santander;2021-02-01;6.125;-73.375;17.6;13.35;0.003086;20545920.0;-0.002857;17.64
Suaita;Santander;2021-03-01;6.125;-73.375;16.92;13.87;0.006246;18726176.0;-0.003085;17.03
Suaita;Santander;2021-04-01;6.125;-73.375;17.44;15.19;0.01124;17590144.0;-0.003331;17.39
Suaita;Santander;2021-05-01;6.125;-73.375;17.84;15.5;0.009596;17361792.0;-0.003332;17.39
Suaita;Santander;2021-06-01;6.125;-73.375;17.22;14.92;0.010592;17722496.0;-0.003421;17.05
Suaita;Santander;2021-07-01;6.125;-73.375;17.5;14.34;0.010174;19025792.0;-0.003576;17.23
Suaita;Santander;2021-08-01;6.125;-73.375;17.2;14.58;0.010995;18625024.0;-0.003521;17.2
Suaita;Santander;2021-09-01;6.125;-73.375;17.2;14.46;0.009735;19236208.0;-0.003544;17.11
Suaita;Santander;2021-10-01;6.125;-73.375;17.29;15.05;0.009664;17863296.0;-0.003249;17.31
Suaita;Santander;2021-11-01;6.125;-73.375;17.25;14.86;0.004347;17852928.0;-0.003085;16.86
Suaita;Santander;2021-12-01;6.125;-73.375;17.56;15.15;0.003623;17733376.0;-0.002941;17.31
Suaita;Santander;2022-01-01;6.125;-73.375;17.27;13.79;0.001837;19216384.0;-0.002759;16.94
Suaita;Santander;2022-02-01;6.125;-73.375;17.16;13.93;0.003678;18209664.0;-0.002658;16.98
Suaita;Santander;2022-03-01;6.125;-73.375;17.34;14.78;0.007016;18828864.0;-0.003159;17.3
Suaita;Santander;2022-04-01;6.125;-73.375;17.32;15.08;0.009987;17167359.75;-0.003236;17.39
Suaita;Santander;2022-05-01;6.125;-73.375;17.88;15.45;0.012085;17043584.0;-0.003338;17.48
Suaita;Santander;2022-06-01;6.125;-73.375;16.66;14.88;0.013126;16243584.0;-0.003183;16.61
Suaita;Santander;2022-07-01;6.125;-73.375;17.14;14.63;0.009694;18301824.0;-0.003469;16.99
Suaita;Santander;2022-08-01;6.125;-73.375;16.87;14.22;0.009524;18619264.0;-0.003504;16.9
Suaita;Santander;2022-09-01;6.125;-73.375;16.66;14.34;0.009788;18999184.0;-0.00358;17.06
Suaita;Santander;2022-10-01;6.125;-73.375;16.89;14.76;0.008083;17376896.0;-0.003209;16.88
Suaita;Santander;2022-11-01;6.125;-73.375;17.12;14.96;0.007496;16211712.0;-0.003026;16.85
Suaita;Santander;2022-12-01;6.125;-73.375;17.0;13.99;0.002164;18646272.0;-0.003004;16.5
Suaita;Santander;2023-01-01;6.125;-73.375;16.93;13.74;0.003294;18920704.0;-0.00299;16.38
Suaita;Santander;2023-02-01;6.125;-73.375;17.36;13.67;0.003882;20275456.0;-0.003049;17.13
Suaita;Santander;2023-03-01;6.125;-73.375;17.27;14.91;0.007358;17423968.0;-0.003072;17.28
Suaita;Santander;2023-04-01;6.125;-73.375;17.57;15.22;0.009071;17710720.0;-0.003195;17.44
Suaita;Santander;2023-05-01;6.125;-73.375;18.56;15.78;0.009537;17705344.0;-0.0033;18.1
Suaita;Santander;2023-06-01;6.125;-73.375;18.3;15.13;0.009001;18445696.0;-0.00353;17.86
Suaita;Santander;2023-07-01;6.125;-73.375;18.3;15.13;0.008457;19115520.0;-0.003559;18.06
Suaita;Santander;2023-08-01;6.125;-73.375;18.28;14.98;0.007065;20225280.0;-0.003628;18.06
Suaita;Santander;2023-09-01;6.125;-73.375;18.2;14.78;0.006752;21060304.0;-0.003649;18.19
Suaita;Santander;2023-10-01;6.125;-73.375;17.58;15.53;0.010592;17283072.0;-0.003293;17.8
Suaita;Santander;2023-11-01;6.125;-73.375;18.1;15.84;0.007799;17406464.0;-0.003234;17.72
Suaita;Santander;2023-12-01;6.125;-73.375;18.4;15.88;0.003238;18702080.0;-0.003197;17.98
Suaita;Santander;2024-01-01;6.125;-73.375;18.98;14.58;0.000756;22351360.0;-0.003204;18.05
Suaita;Santander;2024-02-01;6.125;-73.375;18.63;15.94;0.005802;19625472.0;-0.00345;18.3
Suaita;Santander;2024-03-01;6.125;-73.375;18.99;15.91;0.004834;21295888.0;-0.00348;18.84
Suaita;Santander;2024-04-01;6.125;-73.375;18.67;16.09;0.008879;18144256.0;-0.003352;18.56
Suaita;Santander;2024-05-01;6.125;-73.375;18.98;16.64;0.012753;16535552.0;-0.00334;18.46
Suaita;Santander;2024-06-01;6.125;-73.375;18.13;16.0;0.011564;16674304.0;-0.003327;17.78
Suaita;Santander;2024-07-01;6.125;-73.375;18.48;15.11;0.008546;18992128.0;-0.003549;17.93
Suaita;Santander;2024-08-01;6.125;-73.375;18.12;14.75;0.007332;20320000.0;-0.003727;17.79
Suaita;Santander;2024-09-01;6.125;-73.375;18.21;14.9;0.008753;19666656.0;-0.00357;18.12
Suaita;Santander;2024-10-01;6.125;-73.375;18.05;15.42;0.008072;18151296.0;-0.00341;17.72
Suaita;Santander;2024-11-01;6.125;-73.375;17.46;15.38;0.00962;15386368.0;-0.002984;17.18
Suaita;Santander;2024-12-01;6.125;-73.375;17.92;15.22;0.003746;17811456.0;-0.003054;17.22
Togui;Boyaca;2007-01-01;5.875;-73.5;15.59;12.14;0.004325;18929664.0;-0.003191;15.58
Togui;Boyaca;2007-02-01;5.875;-73.5;15.38;10.5;0.001688;21808896.0;-0.003228;15.14
Togui;Boyaca;2007-03-01;5.875;-73.5;15.22;11.88;0.008367;17921934.0;-0.00301;15.58
Togui;Boyaca;2007-04-01;5.875;-73.5;15.49;12.98;0.009558;17105920.0;-0.003208;15.62
Togui;Boyaca;2007-05-01;5.875;-73.5;15.24;12.92;0.010726;16354048.0;-0.003125;15.54
Togui;Boyaca;2007-06-01;5.875;-73.5;15.1;11.82;0.005125;17492736.0;-0.003148;15.06
Togui;Boyaca;2007-07-01;5.875;-73.5;14.98;11.2;0.004307;18926592.0;-0.003168;15.0
Togui;Boyaca;2007-08-01;5.875;-73.5;14.82;11.28;0.007858;18078464.0;-0.003116;14.96
Togui;Boyaca;2007-09-01;5.875;-73.5;15.12;11.22;0.007284;19546236.0;-0.003264;15.27
Togui;Boyaca;2007-10-01;5.875;-73.5;14.47;12.17;0.008902;16722688.0;-0.003004;14.87
Togui;Boyaca;2007-11-01;5.875;-73.5;14.8;12.41;0.006942;17079808.0;-0.003082;14.86
Togui;Boyaca;2007-12-01;5.875;-73.5;14.09;11.84;0.00463;16959488.0;-0.002906;14.14
Togui;Boyaca;2008-01-01;5.875;-73.5;14.44;11.94;0.004275;17863168.0;-0.003063;14.42
Togui;Boyaca;2008-02-01;5.875;-73.5;14.34;11.76;0.004192;18960128.0;-0.003191;14.27
Togui;Boyaca;2008-03-01;5.875;-73.5;14.46;11.89;0.005845;19148696.0;-0.003236;14.6
Togui;Boyaca;2008-04-01;5.875;-73.5;14.69;12.18;0.007581;17593344.0;-0.003198;14.82
Togui;Boyaca;2008-05-01;5.875;-73.5;14.86;12.44;0.009052;16041472.0;-0.002982;14.78
Togui;Boyaca;2008-06-01;5.875;-73.5;14.96;12.23;0.008586;16986624.0;-0.003154;14.9
Togui;Boyaca;2008-07-01;5.875;-73.5;14.93;11.44;0.006756;17442816.0;-0.003138;14.74
Togui;Boyaca;2008-08-01;5.875;-73.5;14.74;11.54;0.007754;17999360.0;-0.003126;14.84
Togui;Boyaca;2008-09-01;5.875;-73.5;15.04;11.54;0.007063;18956744.0;-0.003324;15.1
Togui;Boyaca;2008-10-01;5.875;-73.5;14.84;12.02;0.006618;17728512.0;-0.003149;14.91
Togui;Boyaca;2008-11-01;5.875;-73.5;14.7;12.76;0.007774;15020544.0;-0.002732;14.7
Togui;Boyaca;2008-12-01;5.875;-73.5;14.36;11.86;0.003765;16979968.0;-0.0029;14.24
Togui;Boyaca;2009-01-01;5.875;-73.5;14.56;12.14;0.005293;16717312.0;-0.00294;14.54
Togui;Boyaca;2009-02-01;5.875;-73.5;14.6;11.94;0.005513;18583552.0;-0.0033;14.76
Togui;Boyaca;2009-03-01;5.875;-73.5;14.59;12.42;0.009928;17682736.0;-0.00327;15.0
Togui;Boyaca;2009-04-01;5.875;-73.5;15.43;12.72;0.008737;18416128.0;-0.003372;15.55
Togui;Boyaca;2009-05-01;5.875;-73.5;15.42;12.29;0.00735;17932032.0;-0.003292;15.34
Togui;Boyaca;2009-06-01;5.875;-73.5;15.46;12.02;0.007207;17083136.0;-0.003048;15.29
Togui;Boyaca;2009-07-01;5.875;-73.5;15.4;11.06;0.004796;19052544.0;-0.003116;15.32
Togui;Boyaca;2009-08-01;5.875;-73.5;15.7;11.41;0.006302;18294784.0;-0.002914;15.63
Togui;Boyaca;2009-09-01;5.875;-73.5;16.0;10.84;0.005274;21081804.0;-0.003096;15.95
Togui;Boyaca;2009-10-01;5.875;-73.5;15.48;11.74;0.006386;17780480.0;-0.002806;15.46
Togui;Boyaca;2009-11-01;5.875;-73.5;15.69;12.73;0.004868;17170432.0;-0.002934;15.4
Togui;Boyaca;2009-12-01;5.875;-73.5;15.44;12.2;0.003989;17633792.0;-0.002783;15.36
Togui;Boyaca;2010-01-01;5.875;-73.5;15.94;10.94;0.002111;20559360.0;-0.002874;15.74
Togui;Boyaca;2010-02-01;5.875;-73.5;16.86;12.32;0.003532;19626240.0;-0.002715;16.71
Togui;Boyaca;2010-03-01;5.875;-73.5;17.02;12.63;0.006014;19178484.0;-0.002718;16.98
Togui;Boyaca;2010-04-01;5.875;-73.5;16.47;13.68;0.010735;16408320.0;-0.003067;16.22
Togui;Boyaca;2010-05-01;5.875;-73.5;16.3;13.68;0.00927;15689728.0;-0.002982;16.08
Togui;Boyaca;2010-06-01;5.875;-73.5;15.84;12.54;0.008632;17048576.0;-0.003176;15.58
Togui;Boyaca;2010-07-01;5.875;-73.5;15.08;12.46;0.011119;15979264.0;-0.003002;15.12
Togui;Boyaca;2010-08-01;5.875;-73.5;15.17;11.78;0.008067;17842432.0;-0.003219;15.22
Togui;Boyaca;2010-09-01;5.875;-73.5;14.87;12.24;0.009596;17139064.0;-0.003162;15.04
Togui;Boyaca;2010-10-01;5.875;-73.5;15.1;12.18;0.007954;17154304.0;-0.003039;14.94
Togui;Boyaca;2010-11-01;5.875;-73.5;14.86;12.9;0.00984;13896704.0;-0.002582;14.52
Togui;Boyaca;2010-12-01;5.875;-73.5;14.82;12.4;0.006082;14859776.0;-0.002702;14.34
Togui;Boyaca;2011-01-01;5.875;-73.5;15.0;11.92;0.003837;18086400.0;-0.003134;14.53
Togui;Boyaca;2011-02-01;5.875;-73.5;14.7;12.12;0.00624;18240768.0;-0.003176;14.48
Togui;Boyaca;2011-03-01;5.875;-73.5;14.54;11.96;0.008198;17337440.0;-0.003122;14.34
Togui;Boyaca;2011-04-01;5.875;-73.5;15.24;12.78;0.014607;15323904.0;-0.002948;14.96
Togui;Boyaca;2011-05-01;5.875;-73.5;15.73;12.99;0.011374;15930112.0;-0.003076;15.26
Togui;Boyaca;2011-06-01;5.875;-73.5;15.88;12.11;0.006938;17412608.0;-0.003117;15.39
Togui;Boyaca;2011-07-01;5.875;-73.5;15.22;11.24;0.005916;17607424.0;-0.002962;15.0
Togui;Boyaca;2011-08-01;5.875;-73.5;15.46;11.12;0.007128;19436032.0;-0.003218;15.24
Togui;Boyaca;2011-09-01;5.875;-73.5;15.41;11.07;0.005821;19186662.0;-0.003097;15.22
Togui;Boyaca;2011-10-01;5.875;-73.5;14.76;12.34;0.007876;15239936.0;-0.002704;14.56
Togui;Boyaca;2011-11-01;5.875;-73.5;14.76;12.8;0.009715;14124544.0;-0.002619;14.44
Togui;Boyaca;2011-12-01;5.875;-73.5;15.37;12.72;0.005946;15764479.0;-0.002882;14.76
Togui;Boyaca;2012-01-01;5.875;-73.5;14.88;12.13;0.003638;17497088.0;-0.00307;14.57
Togui;Boyaca;2012-02-01;5.875;-73.5;14.8;11.7;0.00435;19088896.0;-0.003196;14.52
Togui;Boyaca;2012-03-01;5.875;-73.5;15.0;12.26;0.008859;17998320.0;-0.00331;14.96
Togui;Boyaca;2012-04-01;5.875;-73.5;15.02;12.58;0.010352;15594752.0;-0.002947;14.84
Togui;Boyaca;2012-05-01;5.875;-73.5;15.57;12.21;0.00886;16794624.0;-0.00314;15.21
Togui;Boyaca;2012-06-01;5.875;-73.5;15.4;11.04;0.004602;18902272.0;-0.003142;15.02
Togui;Boyaca;2012-07-01;5.875;-73.5;15.21;10.86;0.005023;18141952.0;-0.002917;15.11
Togui;Boyaca;2012-08-01;5.875;-73.5;15.32;10.74;0.006486;18630400.0;-0.002914;15.38
Togui;Boyaca;2012-09-01;5.875;-73.5;15.39;10.14;0.005534;20002096.0;-0.002786;15.6
Togui;Boyaca;2012-10-01;5.875;-73.5;15.47;12.12;0.008728;16964608.0;-0.002939;15.26
Togui;Boyaca;2012-11-01;5.875;-73.5;15.64;12.62;0.005176;17315328.0;-0.002928;15.34
Togui;Boyaca;2012-12-01;5.875;-73.5;15.24;12.1;0.003319;17803776.0;-0.002894;14.84
Togui;Boyaca;2013-01-01;5.875;-73.5;15.8;11.5;0.001661;19610624.0;-0.00288;15.46
Togui;Boyaca;2013-02-01;5.875;-73.5;15.37;12.58;0.006573;17932032.0;-0.003074;15.35
Togui;Boyaca;2013-03-01;5.875;-73.5;16.22;12.89;0.006525;18467440.0;-0.003169;16.14
Togui;Boyaca;2013-04-01;5.875;-73.5;16.23;12.92;0.00833;18282752.0;-0.003132;16.18
Togui;Boyaca;2013-05-01;5.875;-73.5;15.77;13.06;0.010929;15629568.0;-0.002992;15.42
Togui;Boyaca;2013-06-01;5.875;-73.5;15.74;11.68;0.00465;17900544.0;-0.003122;15.27
Togui;Boyaca;2013-07-01;5.875;-73.5;15.54;10.54;0.004234;18942464.0;-0.002888;15.24
Togui;Boyaca;2013-08-01;5.875;-73.5;15.61;11.26;0.007362;17954816.0;-0.002838;15.39
Togui;Boyaca;2013-09-01;5.875;-73.5;15.76;10.9;0.007018;18817396.0;-0.002762;15.6
Togui;Boyaca;2013-10-01;5.875;-73.5;15.42;11.42;0.006362;18025728.0;-0.002806;15.3
Togui;Boyaca;2013-11-01;5.875;-73.5;15.05;12.39;0.005894;16834048.0;-0.002838;14.79
Togui;Boyaca;2013-12-01;5.875;-73.5;15.18;12.29;0.005245;17656320.0;-0.003045;14.9
Togui;Boyaca;2014-01-01;5.875;-73.5;15.32;12.06;0.003783;17866752.0;-0.00292;15.06
Togui;Boyaca;2014-02-01;5.875;-73.5;15.34;12.14;0.006526;18332416.0;-0.002874;15.28
Togui;Boyaca;2014-03-01;5.875;-73.5;15.67;12.7;0.004444;18897648.0;-0.003154;15.48
Togui;Boyaca;2014-04-01;5.875;-73.5;16.26;12.59;0.010283;18524160.0;-0.00323;16.03
Togui;Boyaca;2014-05-01;5.875;-73.5;15.9;12.86;0.008262;17094912.0;-0.003131;15.57
Togui;Boyaca;2014-06-01;5.875;-73.5;16.11;11.98;0.006017;17875456.0;-0.003107;15.73
Togui;Boyaca;2014-07-01;5.875;-73.5;16.06;10.68;0.002666;19517952.0;-0.00283;15.68
Togui;Boyaca;2014-08-01;5.875;-73.5;15.62;10.18;0.005463;19318016.0;-0.002594;15.74
Togui;Boyaca;2014-09-01;5.875;-73.5;15.66;10.6;0.006938;19730036.0;-0.002791;15.76
Togui;Boyaca;2014-10-01;5.875;-73.5;15.38;11.58;0.008199;17431552.0;-0.002699;15.3
Togui;Boyaca;2014-11-01;5.875;-73.5;15.29;12.54;0.00593;16387072.0;-0.002804;14.92
Togui;Boyaca;2014-12-01;5.875;-73.5;15.42;11.84;0.004129;18496512.0;-0.002935;15.03
Togui;Boyaca;2015-01-01;5.875;-73.5;15.22;10.98;0.003198;19031040.0;-0.002761;14.98
Togui;Boyaca;2015-02-01;5.875;-73.5;15.62;12.26;0.005112;18440960.0;-0.003054;15.41
Togui;Boyaca;2015-03-01;5.875;-73.5;15.62;12.68;0.006239;18425904.0;-0.003183;15.45
Togui;Boyaca;2015-04-01;5.875;-73.5;15.97;12.77;0.009368;17824768.0;-0.003352;15.74
Togui;Boyaca;2015-05-01;5.875;-73.5;16.24;12.34;0.006505;18301696.0;-0.003241;15.91
Togui;Boyaca;2015-06-01;5.875;-73.5;16.26;11.47;0.004529;17962496.0;-0.002916;15.84
Togui;Boyaca;2015-07-01;5.875;-73.5;16.12;10.98;0.005271;17723136.0;-0.002586;15.82
Togui;Boyaca;2015-08-01;5.875;-73.5;16.17;10.72;0.004768;19190784.0;-0.00256;16.04
Togui;Boyaca;2015-09-01;5.875;-73.5;16.41;10.27;0.005209;20225902.0;-0.002552;16.45
Togui;Boyaca;2015-10-01;5.875;-73.5;16.16;11.75;0.006817;17454080.0;-0.002636;16.08
Togui;Boyaca;2015-11-01;5.875;-73.5;15.78;12.93;0.008788;16638464.0;-0.002959;15.48
Togui;Boyaca;2015-12-01;5.875;-73.5;16.4;11.4;0.004496;19133440.0;-0.002924;15.93
Togui;Boyaca;2016-01-01;5.875;-73.5;16.38;12.28;0.003002;19190784.0;-0.002612;16.21
Togui;Boyaca;2016-02-01;5.875;-73.5;17.02;12.98;0.005083;18514688.0;-0.002786;16.81
Togui;Boyaca;2016-03-01;5.875;-73.5;17.06;13.68;0.005332;19099456.0;-0.003162;16.89
Togui;Boyaca;2016-04-01;5.875;-73.5;16.44;13.84;0.010166;16767232.0;-0.00319;16.52
Togui;Boyaca;2016-05-01;5.875;-73.5;16.37;13.34;0.010192;16394496.0;-0.003098;16.06
Togui;Boyaca;2016-06-01;5.875;-73.5;15.89;11.76;0.005246;18215680.0;-0.003226;15.53
Togui;Boyaca;2016-07-01;5.875;-73.5;15.62;11.45;0.006895;17961984.0;-0.002901;15.51
Togui;Boyaca;2016-08-01;5.875;-73.5;15.93;10.88;0.00404;19889408.0;-0.00281;16.0
Togui;Boyaca;2016-09-01;5.875;-73.5;15.78;11.26;0.006729;19112046.0;-0.00279;15.84
Togui;Boyaca;2016-10-01;5.875;-73.5;15.78;12.52;0.008652;16696319.0;-0.002794;15.68
Togui;Boyaca;2016-11-01;5.875;-73.5;15.42;13.02;0.007349;16531968.0;-0.002904;15.23
Togui;Boyaca;2016-12-01;5.875;-73.5;15.36;12.82;0.006926;16252416.0;-0.002921;14.98
Togui;Boyaca;2017-01-01;5.875;-73.5;15.0;11.94;0.004528;18844160.0;-0.003237;14.48
Togui;Boyaca;2017-02-01;5.875;-73.5;15.24;11.39;0.002788;20780288.0;-0.003216;14.72
Togui;Boyaca;2017-03-01;5.875;-73.5;14.97;12.81;0.008322;16719005.5;-0.003045;15.03
Togui;Boyaca;2017-04-01;5.875;-73.5;15.9;12.78;0.007198;18793984.0;-0.003393;15.68
Togui;Boyaca;2017-05-01;5.875;-73.5;15.9;13.15;0.009518;16900096.0;-0.003186;15.68
Togui;Boyaca;2017-06-01;5.875;-73.5;15.72;12.84;0.008011;16976896.0;-0.003162;15.51
Togui;Boyaca;2017-07-01;5.875;-73.5;15.82;11.67;0.00505;18181632.0;-0.003226;15.3
Togui;Boyaca;2017-08-01;5.875;-73.5;15.7;11.62;0.005484;19807744.0;-0.003275;15.54
Togui;Boyaca;2017-09-01;5.875;-73.5;15.55;11.81;0.007391;19185996.0;-0.003285;15.64
Togui;Boyaca;2017-10-01;5.875;-73.5;15.4;12.23;0.006226;17818624.0;-0.003116;15.34
Togui;Boyaca;2017-11-01;5.875;-73.5;15.38;13.07;0.005641;16657920.0;-0.002948;15.14
Togui;Boyaca;2017-12-01;5.875;-73.5;15.26;12.06;0.002344;18677248.0;-0.003005;14.82
Togui;Boyaca;2018-01-01;5.875;-73.5;14.98;12.04;0.004485;18002944.0;-0.003102;14.68
Togui;Boyaca;2018-02-01;5.875;-73.5;15.14;11.72;0.003672;20121600.0;-0.003256;14.71
Togui;Boyaca;2018-03-01;5.875;-73.5;15.27;12.34;0.006394;19633192.0;-0.003422;15.31
Togui;Boyaca;2018-04-01;5.875;-73.5;14.98;12.58;0.008148;16868608.0;-0.003107;14.98
Togui;Boyaca;2018-05-01;5.875;-73.5;15.32;13.01;0.012118;15831552.0;-0.003068;15.32
Togui;Boyaca;2018-06-01;5.875;-73.5;15.61;11.94;0.005184;18150656.0;-0.003261;15.38
Togui;Boyaca;2018-07-01;5.875;-73.5;15.6;11.39;0.004196;18967552.0;-0.003148;15.25
Togui;Boyaca;2018-08-01;5.875;-73.5;15.18;10.32;0.002986;20400128.0;-0.003112;15.07
Togui;Boyaca;2018-09-01;5.875;-73.5;15.2;11.7;0.006966;18711768.0;-0.003218;15.24
Togui;Boyaca;2018-10-01;5.875;-73.5;15.47;12.96;0.00897;16653824.0;-0.00307;15.25
Togui;Boyaca;2018-11-01;5.875;-73.5;15.56;13.31;0.00557;16820736.0;-0.003044;15.28
Togui;Boyaca;2018-12-01;5.875;-73.5;15.16;11.14;0.001233;19923456.0;-0.003034;14.66
Togui;Boyaca;2019-01-01;5.875;-73.5;15.22;11.64;0.002287;19065344.0;-0.002944;14.94
Togui;Boyaca;2019-02-01;5.875;-73.5;15.77;13.0;0.005554;18796800.0;-0.003333;15.84
Togui;Boyaca;2019-03-01;5.875;-73.5;15.76;13.42;0.007546;17659984.0;-0.003218;15.8
Togui;Boyaca;2019-04-01;5.875;-73.5;15.96;13.43;0.009044;17146624.0;-0.003237;15.87
Togui;Boyaca;2019-05-01;5.875;-73.5;15.99;13.32;0.01001;16161536.0;-0.003072;15.78
Togui;Boyaca;2019-06-01;5.875;-73.5;16.23;12.6;0.00606;18105600.0;-0.003366;15.68
Togui;Boyaca;2019-07-01;5.875;-73.5;15.77;11.63;0.003922;19290368.0;-0.003292;15.46
Togui;Boyaca;2019-08-01;5.875;-73.5;15.35;10.63;0.002358;20210176.0;-0.00314;15.21
Togui;Boyaca;2019-09-01;5.875;-73.5;15.7;11.62;0.005744;19465748.0;-0.002966;15.7
Togui;Boyaca;2019-10-01;5.875;-73.5;15.03;12.26;0.007185;17425920.0;-0.003124;15.05
Togui;Boyaca;2019-11-01;5.875;-73.5;15.36;12.9;0.004236;17477632.0;-0.00304;15.22
Togui;Boyaca;2019-12-01;5.875;-73.5;15.73;12.64;0.003098;18053120.0;-0.002832;15.33
Togui;Boyaca;2020-01-01;5.875;-73.5;15.54;11.38;0.000914;19804672.0;-0.002702;15.06
Togui;Boyaca;2020-02-01;5.875;-73.5;16.23;11.62;0.002542;20384768.0;-0.002878;15.92
Togui;Boyaca;2020-03-01;5.875;-73.5;15.75;12.79;0.005142;20484560.0;-0.003414;15.77
Togui;Boyaca;2020-04-01;5.875;-73.5;16.12;13.16;0.007284;18597888.0;-0.0034;16.08
Togui;Boyaca;2020-05-01;5.875;-73.5;16.84;13.24;0.007582;17443840.0;-0.003256;16.44
Togui;Boyaca;2020-06-01;5.875;-73.5;15.82;12.34;0.00601;17370880.0;-0.003184;15.58
Togui;Boyaca;2020-07-01;5.875;-73.5;15.67;11.99;0.007094;17417728.0;-0.003046;15.36
Togui;Boyaca;2020-08-01;5.875;-73.5;15.9;11.87;0.006077;18277632.0;-0.003015;15.71
Togui;Boyaca;2020-09-01;5.875;-73.5;15.37;11.56;0.00704;18873700.0;-0.003202;15.43
Togui;Boyaca;2020-10-01;5.875;-73.5;15.57;11.86;0.007658;17852416.0;-0.002917;15.47
Togui;Boyaca;2020-11-01;5.875;-73.5;15.16;13.19;0.008424;15669248.0;-0.002836;15.04
Togui;Boyaca;2020-12-01;5.875;-73.5;15.13;12.27;0.003358;17618432.0;-0.002836;14.74
Togui;Boyaca;2021-01-01;5.875;-73.5;15.34;10.84;0.002149;20230144.0;-0.003004;14.66
Togui;Boyaca;2021-02-01;5.875;-73.5;15.13;11.51;0.003762;19791104.0;-0.003058;15.13
Togui;Boyaca;2021-03-01;5.875;-73.5;14.54;12.05;0.007594;17770288.0;-0.003128;14.77
Togui;Boyaca;2021-04-01;5.875;-73.5;15.52;12.8;0.009768;16887040.0;-0.003148;15.4
Togui;Boyaca;2021-05-01;5.875;-73.5;15.94;13.14;0.008377;16536320.0;-0.003098;15.46
Togui;Boyaca;2021-06-01;5.875;-73.5;15.32;12.42;0.008048;16936960.0;-0.003162;15.13
Togui;Boyaca;2021-07-01;5.875;-73.5;15.68;11.48;0.005838;18298368.0;-0.00317;15.23
Togui;Boyaca;2021-08-01;5.875;-73.5;15.41;11.8;0.007542;18003712.0;-0.003058;15.33
Togui;Boyaca;2021-09-01;5.875;-73.5;15.3;11.67;0.007436;18640246.0;-0.003241;15.14
Togui;Boyaca;2021-10-01;5.875;-73.5;15.42;12.73;0.008548;17205248.0;-0.003018;15.44
Togui;Boyaca;2021-11-01;5.875;-73.5;15.14;12.74;0.005623;17292800.0;-0.002974;14.86
Togui;Boyaca;2021-12-01;5.875;-73.5;15.44;13.07;0.004052;17219072.0;-0.002964;15.22
Togui;Boyaca;2022-01-01;5.875;-73.5;14.87;11.87;0.002732;19019776.0;-0.00303;14.63
Togui;Boyaca;2022-02-01;5.875;-73.5;14.63;12.19;0.00615;17533696.0;-0.002971;14.59
Togui;Boyaca;2022-03-01;5.875;-73.5;15.08;12.72;0.007612;17864768.0;-0.003195;15.08
Togui;Boyaca;2022-04-01;5.875;-73.5;15.28;12.84;0.010174;16494847.0;-0.00311;15.38
Togui;Boyaca;2022-05-01;5.875;-73.5;15.98;12.9;0.009028;16382720.0;-0.003114;15.51
Togui;Boyaca;2022-06-01;5.875;-73.5;14.76;12.51;0.010665;15831552.0;-0.002993;14.77
Togui;Boyaca;2022-07-01;5.875;-73.5;15.28;12.04;0.006549;17788416.0;-0.003246;15.12
Togui;Boyaca;2022-08-01;5.875;-73.5;14.98;11.38;0.006223;18160640.0;-0.003245;14.96
Togui;Boyaca;2022-09-01;5.875;-73.5;14.73;11.77;0.008063;18424332.0;-0.003296;15.1
Togui;Boyaca;2022-10-01;5.875;-73.5;14.88;12.52;0.007609;16761344.0;-0.003038;14.89
Togui;Boyaca;2022-11-01;5.875;-73.5;14.99;12.8;0.007442;15642112.0;-0.002852;14.84
Togui;Boyaca;2022-12-01;5.875;-73.5;14.72;11.95;0.002932;18018816.0;-0.003012;14.42
Togui;Boyaca;2023-01-01;5.875;-73.5;14.54;11.89;0.00463;18251776.0;-0.003142;14.12
Togui;Boyaca;2023-02-01;5.875;-73.5;14.92;11.98;0.004522;19834368.0;-0.0034;14.77
Togui;Boyaca;2023-03-01;5.875;-73.5;15.04;12.95;0.00885;16719587.5;-0.003116;15.1
Togui;Boyaca;2023-04-01;5.875;-73.5;15.44;13.03;0.008284;16850688.0;-0.003108;15.3
Togui;Boyaca;2023-05-01;5.875;-73.5;16.52;13.41;0.008006;17174528.0;-0.003198;16.02
Togui;Boyaca;2023-06-01;5.875;-73.5;16.4;12.29;0.004723;17900800.0;-0.003214;15.81
Togui;Boyaca;2023-07-01;5.875;-73.5;16.3;12.26;0.005062;18301696.0;-0.003112;15.93
Togui;Boyaca;2023-08-01;5.875;-73.5;16.48;11.78;0.0042;19857664.0;-0.003048;16.16
Togui;Boyaca;2023-09-01;5.875;-73.5;16.51;11.3;0.004528;20616524.0;-0.002829;16.46
Togui;Boyaca;2023-10-01;5.875;-73.5;15.92;12.76;0.008074;16905728.0;-0.002751;16.12
Togui;Boyaca;2023-11-01;5.875;-73.5;16.22;13.32;0.006339;16968704.0;-0.002925;15.9
Togui;Boyaca;2023-12-01;5.875;-73.5;16.44;13.36;0.002927;18030592.0;-0.002856;16.13
Togui;Boyaca;2024-01-01;5.875;-73.5;16.96;11.99;0.00097;21836800.0;-0.002875;16.1
Togui;Boyaca;2024-02-01;5.875;-73.5;16.54;13.68;0.006344;18933248.0;-0.003237;16.32
Togui;Boyaca;2024-03-01;5.875;-73.5;16.87;13.55;0.003877;20601488.0;-0.00328;16.82
Togui;Boyaca;2024-04-01;5.875;-73.5;16.5;13.83;0.010086;17360896.0;-0.003202;16.52
Togui;Boyaca;2024-05-01;5.875;-73.5;17.11;14.15;0.008988;16054272.0;-0.003101;16.6
Togui;Boyaca;2024-06-01;5.875;-73.5;16.27;13.49;0.008366;16277760.0;-0.003124;15.93
Togui;Boyaca;2024-07-01;5.875;-73.5;16.42;12.3;0.004407;18400000.0;-0.003206;15.86
Togui;Boyaca;2024-08-01;5.875;-73.5;16.14;11.6;0.003989;19963392.0;-0.003214;15.8
Togui;Boyaca;2024-09-01;5.875;-73.5;16.39;11.64;0.005724;19461856.0;-0.002886;16.41
Togui;Boyaca;2024-10-01;5.875;-73.5;16.1;12.86;0.006699;17654272.0;-0.003152;15.84
Togui;Boyaca;2024-11-01;5.875;-73.5;15.46;13.36;0.008926;14858240.0;-0.002798;15.3
Togui;Boyaca;2024-12-01;5.875;-73.5;15.86;12.99;0.00382;17292800.0;-0.00292;15.27
Valle_de_San_Jose;Santander;2007-01-01;6.5;-73.125;18.8;15.42;0.004866;20249088.0;-0.003582;19.02
Valle_de_San_Jose;Santander;2007-02-01;6.5;-73.125;18.62;13.58;0.003882;22754560.0;-0.003356;18.78
Valle_de_San_Jose;Santander;2007-03-01;6.5;-73.125;18.55;15.16;0.010156;19307920.0;-0.00322;19.22
Valle_de_San_Jose;Santander;2007-04-01;6.5;-73.125;18.63;16.42;0.018468;19006976.0;-0.003641;18.95
Valle_de_San_Jose;Santander;2007-05-01;6.5;-73.125;18.16;16.2;0.019268;17176064.0;-0.003354;18.6
Valle_de_San_Jose;Santander;2007-06-01;6.5;-73.125;18.16;15.47;0.017413;18171648.0;-0.003346;18.59
Valle_de_San_Jose;Santander;2007-07-01;6.5;-73.125;18.12;14.89;0.015146;19580160.0;-0.003391;18.77
Valle_de_San_Jose;Santander;2007-08-01;6.5;-73.125;17.72;15.02;0.020049;18636544.0;-0.003327;18.38
Valle_de_San_Jose;Santander;2007-09-01;6.5;-73.125;17.94;14.88;0.014871;19866744.0;-0.00342;18.73
Valle_de_San_Jose;Santander;2007-10-01;6.5;-73.125;17.63;15.32;0.013975;18407680.0;-0.003289;18.39
Valle_de_San_Jose;Santander;2007-11-01;6.5;-73.125;18.19;15.4;0.010167;18236416.0;-0.003181;18.46
Valle_de_San_Jose;Santander;2007-12-01;6.5;-73.125;17.4;14.67;0.006607;17483264.0;-0.002988;17.64
Valle_de_San_Jose;Santander;2008-01-01;6.5;-73.125;17.91;14.49;0.00479;19062784.0;-0.003188;18.13
Valle_de_San_Jose;Santander;2008-02-01;6.5;-73.125;17.97;14.75;0.008376;20047104.0;-0.003287;18.32
Valle_de_San_Jose;Santander;2008-03-01;6.5;-73.125;18.1;14.5;0.008341;21055644.0;-0.003267;18.83
Valle_de_San_Jose;Santander;2008-04-01;6.5;-73.125;17.96;15.4;0.01383;18952960.0;-0.003516;18.49
Valle_de_San_Jose;Santander;2008-05-01;6.5;-73.125;18.15;15.57;0.016318;17248768.0;-0.003248;18.37
Valle_de_San_Jose;Santander;2008-06-01;6.5;-73.125;17.95;15.46;0.017885;18156288.0;-0.003476;18.17
Valle_de_San_Jose;Santander;2008-07-01;6.5;-73.125;17.84;14.91;0.020752;18140672.0;-0.003356;18.18
Valle_de_San_Jose;Santander;2008-08-01;6.5;-73.125;17.87;14.72;0.015075;18987008.0;-0.003242;18.52
Valle_de_San_Jose;Santander;2008-09-01;6.5;-73.125;18.1;14.84;0.013341;20000456.0;-0.003394;18.77
Valle_de_San_Jose;Santander;2008-10-01;6.5;-73.125;18.2;14.94;0.011956;19195648.0;-0.003202;18.69
Valle_de_San_Jose;Santander;2008-11-01;6.5;-73.125;17.78;15.62;0.018678;15165440.0;-0.002846;18.02
Valle_de_San_Jose;Santander;2008-12-01;6.5;-73.125;17.7;14.9;0.007262;17329152.0;-0.003088;17.76
Valle_de_San_Jose;Santander;2009-01-01;6.5;-73.125;18.0;14.9;0.00697;18606080.0;-0.00311;18.21
Valle_de_San_Jose;Santander;2009-02-01;6.5;-73.125;18.17;14.91;0.00812;19735552.0;-0.003265;18.73
Valle_de_San_Jose;Santander;2009-03-01;6.5;-73.125;18.0;15.37;0.010758;19452208.0;-0.00352;18.68
Valle_de_San_Jose;Santander;2009-04-01;6.5;-73.125;18.73;15.83;0.014966;19662080.0;-0.003425;19.26
Valle_de_San_Jose;Santander;2009-05-01;6.5;-73.125;18.54;15.6;0.012397;18539776.0;-0.003451;18.85
Valle_de_San_Jose;Santander;2009-06-01;6.5;-73.125;18.29;15.5;0.018708;18060032.0;-0.003356;18.77
Valle_de_San_Jose;Santander;2009-07-01;6.5;-73.125;18.5;14.97;0.015803;19233280.0;-0.003338;19.07
Valle_de_San_Jose;Santander;2009-08-01;6.5;-73.125;18.56;15.26;0.018696;19431168.0;-0.003429;19.13
Valle_de_San_Jose;Santander;2009-09-01;6.5;-73.125;19.04;14.91;0.008527;21398732.0;-0.003598;19.54
Valle_de_San_Jose;Santander;2009-10-01;6.5;-73.125;18.56;15.34;0.010898;18745088.0;-0.00327;18.95
Valle_de_San_Jose;Santander;2009-11-01;6.5;-73.125;19.04;15.67;0.007688;18803200.0;-0.003164;19.17
Valle_de_San_Jose;Santander;2009-12-01;6.5;-73.125;18.9;14.84;0.004308;19347968.0;-0.002984;19.07
Valle_de_San_Jose;Santander;2010-01-01;6.5;-73.125;19.24;14.18;0.001846;21956096.0;-0.003061;19.42
Valle_de_San_Jose;Santander;2010-02-01;6.5;-73.125;20.25;15.74;0.00452;21165824.0;-0.002934;20.64
Valle_de_San_Jose;Santander;2010-03-01;6.5;-73.125;19.99;16.11;0.008723;21295346.0;-0.003456;20.4
Valle_de_San_Jose;Santander;2010-04-01;6.5;-73.125;19.62;16.77;0.014422;18176256.0;-0.003426;19.74
Valle_de_San_Jose;Santander;2010-05-01;6.5;-73.125;19.17;16.71;0.019181;17340928.0;-0.003418;19.34
Valle_de_San_Jose;Santander;2010-06-01;6.5;-73.125;18.46;16.16;0.02075;18239488.0;-0.003627;18.68
Valle_de_San_Jose;Santander;2010-07-01;6.5;-73.125;17.87;15.84;0.021303;16499456.0;-0.003253;18.15
Valle_de_San_Jose;Santander;2010-08-01;6.5;-73.125;18.07;15.44;0.021902;18471424.0;-0.003367;18.64
Valle_de_San_Jose;Santander;2010-09-01;6.5;-73.125;18.0;15.26;0.014336;18331002.0;-0.00334;18.42
Valle_de_San_Jose;Santander;2010-10-01;6.5;-73.125;18.19;15.5;0.016961;17988096.0;-0.003362;18.44
Valle_de_San_Jose;Santander;2010-11-01;6.5;-73.125;17.9;15.76;0.015049;14974976.0;-0.002931;17.7
Valle_de_San_Jose;Santander;2010-12-01;6.5;-73.125;17.81;15.34;0.01175;16286720.0;-0.003106;17.58
Valle_de_San_Jose;Santander;2011-01-01;6.5;-73.125;18.31;14.28;0.00492;19864576.0;-0.00313;18.23
Valle_de_San_Jose;Santander;2011-02-01;6.5;-73.125;18.25;14.93;0.008003;19361024.0;-0.003173;18.42
Valle_de_San_Jose;Santander;2011-03-01;6.5;-73.125;17.78;15.12;0.012718;18214496.0;-0.003394;17.97
Valle_de_San_Jose;Santander;2011-04-01;6.5;-73.125;18.38;15.67;0.015957;17058560.0;-0.003226;18.41
Valle_de_San_Jose;Santander;2011-05-01;6.5;-73.125;18.56;16.22;0.018434;16626432.0;-0.003388;18.4
Valle_de_San_Jose;Santander;2011-06-01;6.5;-73.125;18.54;15.69;0.016882;18055168.0;-0.003504;18.58
Valle_de_San_Jose;Santander;2011-07-01;6.5;-73.125;18.03;15.02;0.019069;18438400.0;-0.003398;18.5
Valle_de_San_Jose;Santander;2011-08-01;6.5;-73.125;18.35;14.94;0.014792;20356864.0;-0.003572;18.82
Valle_de_San_Jose;Santander;2011-09-01;6.5;-73.125;18.48;14.82;0.012626;20164070.0;-0.003406;18.96
Valle_de_San_Jose;Santander;2011-10-01;6.5;-73.125;17.76;15.4;0.014534;15773696.0;-0.002995;17.92
Valle_de_San_Jose;Santander;2011-11-01;6.5;-73.125;17.9;15.82;0.015509;15370752.0;-0.00297;17.84
Valle_de_San_Jose;Santander;2011-12-01;6.5;-73.125;18.27;15.84;0.010725;16473599.0;-0.00318;17.94
Valle_de_San_Jose;Santander;2012-01-01;6.5;-73.125;17.99;15.24;0.006528;19013632.0;-0.00348;18.07
Valle_de_San_Jose;Santander;2012-02-01;6.5;-73.125;18.12;14.4;0.007092;20892160.0;-0.003422;18.24
Valle_de_San_Jose;Santander;2012-03-01;6.5;-73.125;18.37;15.34;0.011462;18865120.0;-0.003442;18.66
Valle_de_San_Jose;Santander;2012-04-01;6.5;-73.125;18.13;15.74;0.015768;17119744.0;-0.003348;18.23
Valle_de_San_Jose;Santander;2012-05-01;6.5;-73.125;18.51;15.71;0.016447;18194688.0;-0.00347;18.61
Valle_de_San_Jose;Santander;2012-06-01;6.5;-73.125;18.49;14.8;0.01309;19600896.0;-0.003379;18.86
Valle_de_San_Jose;Santander;2012-07-01;6.5;-73.125;18.26;15.0;0.018948;18319104.0;-0.003289;18.8
Valle_de_San_Jose;Santander;2012-08-01;6.5;-73.125;18.17;15.12;0.020783;19255808.0;-0.003465;18.78
Valle_de_San_Jose;Santander;2012-09-01;6.5;-73.125;18.13;14.7;0.014882;20325936.0;-0.00355;18.98
Valle_de_San_Jose;Santander;2012-10-01;6.5;-73.125;18.48;15.4;0.013854;17754880.0;-0.003252;18.6
Valle_de_San_Jose;Santander;2012-11-01;6.5;-73.125;18.7;15.6;0.008691;18316288.0;-0.003218;18.73
Valle_de_San_Jose;Santander;2012-12-01;6.5;-73.125;18.77;15.1;0.006494;18510336.0;-0.00303;18.77
Valle_de_San_Jose;Santander;2013-01-01;6.5;-73.125;19.38;14.66;0.002328;20759552.0;-0.002992;19.38
Valle_de_San_Jose;Santander;2013-02-01;6.5;-73.125;18.74;15.84;0.010244;19310592.0;-0.003387;19.1
Valle_de_San_Jose;Santander;2013-03-01;6.5;-73.125;19.52;16.03;0.010308;20198008.0;-0.003374;19.87
Valle_de_San_Jose;Santander;2013-04-01;6.5;-73.125;19.66;16.13;0.009726;19995648.0;-0.003366;20.0
Valle_de_San_Jose;Santander;2013-05-01;6.5;-73.125;18.9;16.11;0.018155;16378112.0;-0.00313;18.83
Valle_de_San_Jose;Santander;2013-06-01;6.5;-73.125;18.81;15.34;0.016659;18104832.0;-0.003212;19.02
Valle_de_San_Jose;Santander;2013-07-01;6.5;-73.125;18.64;14.86;0.015314;19526144.0;-0.003366;18.98
Valle_de_San_Jose;Santander;2013-08-01;6.5;-73.125;18.51;15.24;0.018933;19024384.0;-0.003394;18.88
Valle_de_San_Jose;Santander;2013-09-01;6.5;-73.125;18.6;15.14;0.01392;19394164.0;-0.003274;19.1
Valle_de_San_Jose;Santander;2013-10-01;6.5;-73.125;18.42;15.04;0.01135;18716160.0;-0.003202;18.74
Valle_de_San_Jose;Santander;2013-11-01;6.5;-73.125;18.22;15.47;0.009998;17368064.0;-0.003128;18.23
Valle_de_San_Jose;Santander;2013-12-01;6.5;-73.125;18.46;15.18;0.006346;18600448.0;-0.003239;18.42
Valle_de_San_Jose;Santander;2014-01-01;6.5;-73.125;18.86;14.82;0.003656;19786240.0;-0.002986;19.01
Valle_de_San_Jose;Santander;2014-02-01;6.5;-73.125;19.0;15.33;0.007083;19683328.0;-0.003006;19.38
Valle_de_San_Jose;Santander;2014-03-01;6.5;-73.125;18.89;15.86;0.009778;20383216.0;-0.003541;19.1
Valle_de_San_Jose;Santander;2014-04-01;6.5;-73.125;19.59;15.98;0.01407;19996416.0;-0.00347;19.8
Valle_de_San_Jose;Santander;2014-05-01;6.5;-73.125;19.07;16.22;0.01409;18092544.0;-0.00339;19.04
Valle_de_San_Jose;Santander;2014-06-01;6.5;-73.125;19.27;15.9;0.017167;18172416.0;-0.003296;19.52
Valle_de_San_Jose;Santander;2014-07-01;6.5;-73.125;19.19;15.38;0.015278;19756288.0;-0.003474;19.54
Valle_de_San_Jose;Santander;2014-08-01;6.5;-73.125;18.41;15.0;0.017706;19895552.0;-0.0035;19.02
Valle_de_San_Jose;Santander;2014-09-01;6.5;-73.125;18.51;14.88;0.012912;20155252.0;-0.003411;19.06
Valle_de_San_Jose;Santander;2014-10-01;6.5;-73.125;18.2;15.63;0.015422;18183680.0;-0.003386;18.62
Valle_de_San_Jose;Santander;2014-11-01;6.5;-73.125;18.38;15.8;0.010724;17388032.0;-0.00324;18.34
Valle_de_San_Jose;Santander;2014-12-01;6.5;-73.125;18.76;14.88;0.00536;19635200.0;-0.00318;18.7
Valle_de_San_Jose;Santander;2015-01-01;6.5;-73.125;18.78;14.27;0.00403;20655616.0;-0.003102;19.02
Valle_de_San_Jose;Santander;2015-02-01;6.5;-73.125;18.94;15.14;0.006086;19874048.0;-0.003313;19.08
Valle_de_San_Jose;Santander;2015-03-01;6.5;-73.125;19.05;15.76;0.009509;20311596.0;-0.003448;19.39
Valle_de_San_Jose;Santander;2015-04-01;6.5;-73.125;18.95;16.11;0.014712;19179520.0;-0.003689;19.24
Valle_de_San_Jose;Santander;2015-05-01;6.5;-73.125;19.31;15.96;0.014376;19080960.0;-0.003535;19.56
Valle_de_San_Jose;Santander;2015-06-01;6.5;-73.125;19.38;15.66;0.015546;18432000.0;-0.003369;19.64
Valle_de_San_Jose;Santander;2015-07-01;6.5;-73.125;19.05;15.52;0.01634;18000384.0;-0.00331;19.23
Valle_de_San_Jose;Santander;2015-08-01;6.5;-73.125;18.99;15.52;0.016495;19149312.0;-0.003464;19.38
Valle_de_San_Jose;Santander;2015-09-01;6.5;-73.125;19.28;15.34;0.010324;20243312.0;-0.003537;19.64
Valle_de_San_Jose;Santander;2015-10-01;6.5;-73.125;18.94;15.87;0.011888;18075904.0;-0.003233;19.24
Valle_de_San_Jose;Santander;2015-11-01;6.5;-73.125;18.68;16.27;0.012663;16498176.0;-0.003183;18.62
Valle_de_San_Jose;Santander;2015-12-01;6.5;-73.125;19.67;15.54;0.006644;19271168.0;-0.003337;19.52
Valle_de_San_Jose;Santander;2016-01-01;6.5;-73.125;19.4;15.64;0.00632;20130304.0;-0.003216;19.62
Valle_de_San_Jose;Santander;2016-02-01;6.5;-73.125;19.97;16.8;0.00915;20655104.0;-0.003612;20.19
Valle_de_San_Jose;Santander;2016-03-01;6.5;-73.125;20.32;16.8;0.010611;22041670.0;-0.003757;20.62
Valle_de_San_Jose;Santander;2016-04-01;6.5;-73.125;19.64;17.01;0.01346;18633216.0;-0.003405;20.15
Valle_de_San_Jose;Santander;2016-05-01;6.5;-73.125;19.37;16.67;0.016482;16839168.0;-0.003274;19.5
Valle_de_San_Jose;Santander;2016-06-01;6.5;-73.125;18.87;15.54;0.01842;18596352.0;-0.0034;19.19
Valle_de_San_Jose;Santander;2016-07-01;6.5;-73.125;18.67;15.37;0.017364;18295808.0;-0.003243;19.08
Valle_de_San_Jose;Santander;2016-08-01;6.5;-73.125;18.83;15.31;0.013649;20202496.0;-0.003481;19.53
Valle_de_San_Jose;Santander;2016-09-01;6.5;-73.125;18.6;15.18;0.013055;19881324.0;-0.003376;19.1
Valle_de_San_Jose;Santander;2016-10-01;6.5;-73.125;18.65;15.74;0.012428;18371328.0;-0.003327;19.05
Valle_de_San_Jose;Santander;2016-11-01;6.5;-73.125;18.52;15.98;0.01113;17417216.0;-0.0032;18.7
Valle_de_San_Jose;Santander;2016-12-01;6.5;-73.125;18.65;15.54;0.007916;17787392.0;-0.00327;18.44
Valle_de_San_Jose;Santander;2017-01-01;6.5;-73.125;18.52;14.91;0.005443;19444224.0;-0.003333;18.34
Valle_de_San_Jose;Santander;2017-02-01;6.5;-73.125;19.06;13.92;0.004168;22270976.0;-0.003154;19.12
Valle_de_San_Jose;Santander;2017-03-01;6.5;-73.125;18.28;15.88;0.014381;18355088.0;-0.003394;18.78
Valle_de_San_Jose;Santander;2017-04-01;6.5;-73.125;18.94;15.86;0.010319;20504576.0;-0.00384;19.16
Valle_de_San_Jose;Santander;2017-05-01;6.5;-73.125;18.99;16.13;0.014098;18204416.0;-0.003384;19.3
Valle_de_San_Jose;Santander;2017-06-01;6.5;-73.125;18.67;15.87;0.018097;17772032.0;-0.00335;19.0
Valle_de_San_Jose;Santander;2017-07-01;6.5;-73.125;18.82;15.44;0.020587;18403840.0;-0.003286;19.33
Valle_de_San_Jose;Santander;2017-08-01;6.5;-73.125;18.68;15.14;0.012612;20420352.0;-0.00348;19.38
Valle_de_San_Jose;Santander;2017-09-01;6.5;-73.125;18.55;15.38;0.013334;19897680.0;-0.003425;19.45
Valle_de_San_Jose;Santander;2017-10-01;6.5;-73.125;18.44;15.49;0.010716;18451200.0;-0.003296;18.93
Valle_de_San_Jose;Santander;2017-11-01;6.5;-73.125;18.77;15.6;0.007654;18790912.0;-0.003144;19.04
Valle_de_San_Jose;Santander;2017-12-01;6.5;-73.125;18.65;14.56;0.006141;19915776.0;-0.003193;18.7
Valle_de_San_Jose;Santander;2018-01-01;6.5;-73.125;18.38;14.66;0.006404;19296768.0;-0.003153;18.6
Valle_de_San_Jose;Santander;2018-02-01;6.5;-73.125;18.81;14.06;0.003562;20497152.0;-0.003017;18.94
Valle_de_San_Jose;Santander;2018-03-01;6.5;-73.125;18.88;15.31;0.0086;21263664.0;-0.003396;19.47
Valle_de_San_Jose;Santander;2018-04-01;6.5;-73.125;18.09;15.82;0.015722;18408704.0;-0.003522;18.64
Valle_de_San_Jose;Santander;2018-05-01;6.5;-73.125;18.26;16.05;0.017371;16917248.0;-0.00331;18.56
Valle_de_San_Jose;Santander;2018-06-01;6.5;-73.125;18.43;15.46;0.018754;18263552.0;-0.00338;18.98
Valle_de_San_Jose;Santander;2018-07-01;6.5;-73.125;18.84;15.2;0.014147;19328256.0;-0.003353;19.3
Valle_de_San_Jose;Santander;2018-08-01;6.5;-73.125;18.47;14.62;0.012657;20787712.0;-0.003585;19.14
Valle_de_San_Jose;Santander;2018-09-01;6.5;-73.125;18.45;15.21;0.013833;19645144.0;-0.003413;19.17
Valle_de_San_Jose;Santander;2018-10-01;6.5;-73.125;18.49;15.94;0.014156;17733120.0;-0.003398;18.69
Valle_de_San_Jose;Santander;2018-11-01;6.5;-73.125;18.72;16.16;0.007844;17820160.0;-0.003188;18.87
Valle_de_San_Jose;Santander;2018-12-01;6.5;-73.125;18.81;14.08;0.002384;21057024.0;-0.003056;18.84
Valle_de_San_Jose;Santander;2019-01-01;6.5;-73.125;18.98;14.48;0.003204;20333056.0;-0.002896;19.24
Valle_de_San_Jose;Santander;2019-02-01;6.5;-73.125;19.59;15.1;0.004947;20941824.0;-0.002994;20.12
Valle_de_San_Jose;Santander;2019-03-01;6.5;-73.125;19.32;16.23;0.011144;19617872.0;-0.00325;19.88
Valle_de_San_Jose;Santander;2019-04-01;6.5;-73.125;19.3;16.34;0.011023;19029760.0;-0.003463;19.67
Valle_de_San_Jose;Santander;2019-05-01;6.5;-73.125;19.14;16.31;0.015571;17788928.0;-0.003363;19.41
Valle_de_San_Jose;Santander;2019-06-01;6.5;-73.125;19.62;16.07;0.016875;18537984.0;-0.00341;19.71
Valle_de_San_Jose;Santander;2019-07-01;6.5;-73.125;19.07;15.39;0.014267;19670016.0;-0.003464;19.52
Valle_de_San_Jose;Santander;2019-08-01;6.5;-73.125;18.66;15.16;0.014371;20614912.0;-0.003652;19.49
Valle_de_San_Jose;Santander;2019-09-01;6.5;-73.125;18.8;15.41;0.011566;20627988.0;-0.003618;19.48
Valle_de_San_Jose;Santander;2019-10-01;6.5;-73.125;18.1;15.43;0.012635;18905088.0;-0.003406;18.73
Valle_de_San_Jose;Santander;2019-11-01;6.5;-73.125;18.58;15.66;0.007725;18269184.0;-0.003211;18.92
Valle_de_San_Jose;Santander;2019-12-01;6.5;-73.125;18.98;15.5;0.005568;18853888.0;-0.003074;19.19
Valle_de_San_Jose;Santander;2020-01-01;6.5;-73.125;19.0;14.34;0.003238;20281856.0;-0.003038;19.07
Valle_de_San_Jose;Santander;2020-02-01;6.5;-73.125;19.6;14.94;0.006007;20951040.0;-0.003112;19.82
Valle_de_San_Jose;Santander;2020-03-01;6.5;-73.125;18.95;15.88;0.008093;22041808.0;-0.00398;19.4
Valle_de_San_Jose;Santander;2020-04-01;6.5;-73.125;19.0;16.34;0.01305;20280064.0;-0.00382;19.46
Valle_de_San_Jose;Santander;2020-05-01;6.5;-73.125;19.86;16.54;0.014946;18576128.0;-0.003337;20.12
Valle_de_San_Jose;Santander;2020-06-01;6.5;-73.125;18.8;15.66;0.01633;18105088.0;-0.003282;19.08
Valle_de_San_Jose;Santander;2020-07-01;6.5;-73.125;18.54;15.34;0.017982;18255616.0;-0.003222;18.86
Valle_de_San_Jose;Santander;2020-08-01;6.5;-73.125;18.74;15.46;0.016548;19062784.0;-0.003312;19.21
Valle_de_San_Jose;Santander;2020-09-01;6.5;-73.125;18.12;15.34;0.017489;19530596.0;-0.003566;18.78
Valle_de_San_Jose;Santander;2020-10-01;6.5;-73.125;18.08;15.54;0.017301;18267392.0;-0.003364;18.62
Valle_de_San_Jose;Santander;2020-11-01;6.5;-73.125;18.18;15.87;0.011587;17270272.0;-0.003165;18.3
Valle_de_San_Jose;Santander;2020-12-01;6.5;-73.125;18.35;14.82;0.004804;19559936.0;-0.003137;18.45
Valle_de_San_Jose;Santander;2021-01-01;6.5;-73.125;18.6;13.22;0.004037;21612544.0;-0.00317;18.45
Valle_de_San_Jose;Santander;2021-02-01;6.5;-73.125;18.67;14.43;0.006762;20707328.0;-0.003072;19.34
Valle_de_San_Jose;Santander;2021-03-01;6.5;-73.125;17.95;14.87;0.011676;19388976.0;-0.003407;18.62
Valle_de_San_Jose;Santander;2021-04-01;6.5;-73.125;18.64;16.02;0.015525;18247424.0;-0.003336;19.02
Valle_de_San_Jose;Santander;2021-05-01;6.5;-73.125;18.78;16.32;0.016365;17622016.0;-0.003441;18.81
Valle_de_San_Jose;Santander;2021-06-01;6.5;-73.125;18.26;15.74;0.015982;18285056.0;-0.003428;18.58
Valle_de_San_Jose;Santander;2021-07-01;6.5;-73.125;18.67;15.26;0.019293;18828032.0;-0.003352;19.01
Valle_de_San_Jose;Santander;2021-08-01;6.5;-73.125;18.32;15.42;0.018862;19116800.0;-0.00339;18.92
Valle_de_San_Jose;Santander;2021-09-01;6.5;-73.125;18.44;15.08;0.015013;19977328.0;-0.003382;19.02
Valle_de_San_Jose;Santander;2021-10-01;6.5;-73.125;18.43;15.66;0.012621;18881024.0;-0.003288;18.98
Valle_de_San_Jose;Santander;2021-11-01;6.5;-73.125;18.38;15.31;0.007008;18898432.0;-0.003215;18.56
Valle_de_San_Jose;Santander;2021-12-01;6.5;-73.125;18.66;15.63;0.005494;18514432.0;-0.003069;18.87
Valle_de_San_Jose;Santander;2022-01-01;6.5;-73.125;18.3;14.48;0.003528;19020288.0;-0.002832;18.52
Valle_de_San_Jose;Santander;2022-02-01;6.5;-73.125;18.17;14.9;0.00902;18904576.0;-0.002988;18.59
Valle_de_San_Jose;Santander;2022-03-01;6.5;-73.125;18.34;15.97;0.014092;20048448.0;-0.003696;18.81
Valle_de_San_Jose;Santander;2022-04-01;6.5;-73.125;18.44;15.98;0.013916;17960192.0;-0.003342;18.98
Valle_de_San_Jose;Santander;2022-05-01;6.5;-73.125;18.85;16.38;0.01721;17625856.0;-0.003492;18.83
Valle_de_San_Jose;Santander;2022-06-01;6.5;-73.125;17.62;15.54;0.01917;16751104.0;-0.003218;17.93
Valle_de_San_Jose;Santander;2022-07-01;6.5;-73.125;18.24;15.32;0.016978;18449408.0;-0.003326;18.56
Valle_de_San_Jose;Santander;2022-08-01;6.5;-73.125;18.0;14.94;0.016604;18721792.0;-0.003345;18.54
Valle_de_San_Jose;Santander;2022-09-01;6.5;-73.125;17.84;15.03;0.01535;19736848.0;-0.003416;18.8
Valle_de_San_Jose;Santander;2022-10-01;6.5;-73.125;18.08;15.36;0.010798;18164736.0;-0.003185;18.55
Valle_de_San_Jose;Santander;2022-11-01;6.5;-73.125;18.26;15.71;0.011575;16738304.0;-0.003044;18.51
Valle_de_San_Jose;Santander;2022-12-01;6.5;-73.125;18.2;14.22;0.003757;19479552.0;-0.00294;18.23
Valle_de_San_Jose;Santander;2023-01-01;6.5;-73.125;17.98;14.12;0.005614;19691008.0;-0.0031;17.98
Valle_de_San_Jose;Santander;2023-02-01;6.5;-73.125;18.45;14.29;0.005878;20818432.0;-0.003188;18.72
Valle_de_San_Jose;Santander;2023-03-01;6.5;-73.125;18.22;15.9;0.013576;18089700.0;-0.003368;18.66
Valle_de_San_Jose;Santander;2023-04-01;6.5;-73.125;18.51;16.27;0.012748;18565632.0;-0.003511;18.84
Valle_de_San_Jose;Santander;2023-05-01;6.5;-73.125;19.4;16.55;0.013844;18043392.0;-0.003423;19.34
Valle_de_San_Jose;Santander;2023-06-01;6.5;-73.125;19.02;16.08;0.018325;18250496.0;-0.003478;19.13
Valle_de_San_Jose;Santander;2023-07-01;6.5;-73.125;19.46;16.07;0.017909;19123456.0;-0.00341;19.81
Valle_de_San_Jose;Santander;2023-08-01;6.5;-73.125;19.31;15.83;0.015185;20334336.0;-0.003583;19.76
Valle_de_San_Jose;Santander;2023-09-01;6.5;-73.125;19.34;15.66;0.01211;21274440.0;-0.003612;19.97
Valle_de_San_Jose;Santander;2023-10-01;6.5;-73.125;18.77;16.14;0.012481;18388224.0;-0.003238;19.56
Valle_de_San_Jose;Santander;2023-11-01;6.5;-73.125;19.13;16.51;0.01046;17980416.0;-0.003361;19.16
Valle_de_San_Jose;Santander;2023-12-01;6.5;-73.125;19.58;16.4;0.00496;19466240.0;-0.003262;19.61
Valle_de_San_Jose;Santander;2024-01-01;6.5;-73.125;20.07;14.76;0.001162;23347712.0;-0.003286;19.74
Valle_de_San_Jose;Santander;2024-02-01;6.5;-73.125;19.84;16.42;0.006753;20385792.0;-0.003418;20.06
Valle_de_San_Jose;Santander;2024-03-01;6.5;-73.125;20.1;16.85;0.012792;22037392.0;-0.003708;20.54
Valle_de_San_Jose;Santander;2024-04-01;6.5;-73.125;19.49;16.94;0.014222;19417600.0;-0.00374;19.84
Valle_de_San_Jose;Santander;2024-05-01;6.5;-73.125;19.87;17.72;0.02348;16898048.0;-0.00351;19.72
Valle_de_San_Jose;Santander;2024-06-01;6.5;-73.125;18.92;16.94;0.023559;16701184.0;-0.003442;18.94
Valle_de_San_Jose;Santander;2024-07-01;6.5;-73.125;19.05;16.48;0.022657;18412544.0;-0.003676;19.13
Valle_de_San_Jose;Santander;2024-08-01;6.5;-73.125;19.19;15.63;0.01475;20569856.0;-0.003568;19.64
Valle_de_San_Jose;Santander;2024-09-01;6.5;-73.125;19.25;15.68;0.012329;19722464.0;-0.003424;19.86
Valle_de_San_Jose;Santander;2024-10-01;6.5;-73.125;19.09;16.08;0.012831;18671872.0;-0.003322;19.34
Valle_de_San_Jose;Santander;2024-11-01;6.5;-73.125;18.38;16.23;0.016195;16019456.0;-0.003177;18.54
Valle_de_San_Jose;Santander;2024-12-01;6.5;-73.125;18.92;15.94;0.005944;18544640.0;-0.003242;18.74
