{
  "type": "FeatureCollection",
  "timestamp": "2026-04-12T01:13:48Z",
  "features": [
    {
      "type": "Feature",
      "properties": {
        "@id": "relation/1315422",
        "DANE:area": "411.00",
        "DANE:departamento": "68",
        "admin_level": "6",
        "boundary": "administrative",
        "clcfile": "MunicipiosDepartamentos/ADM_Municipios.shp",
        "divipola": "68167",
        "entidad_te": "Cabecera Municipal",
        "is_in:country": "Colombia",
        "is_in:state": "Santander",
        "name": "Charalá",
        "objectid": "3745",
        "source": "OCHA - SIGOT",
        "type": "boundary",
        "wikidata": "Q652409",
        "wikipedia": "es:Charalá"
      },
      "geometry": {
        "type": "Polygon",
        "coordinates": [
          [
            [
              -73.1762471,
              5.9959422
            ],
            [
              -73.1728294,
              5.9941799
            ],
            [
              -73.1666396,
              5.9891051
            ],
            [
              -73.1580399,
              5.9831515
            ],
            [
              -73.1565846,
              5.9824427
            ],
            [
              -73.1548741,
              5.9845974
            ],
            [
              -73.1537022,
              5.9854385
            ],
            [
              -73.1526911,
              5.9867709
            ],
            [
              -73.1520201,
              5.9875553
            ],
            [
              -73.1512074,
              5.9894642
            ],
            [
              -73.1503663,
              5.992649
            ],
            [
              -73.1495725,
              5.997289
            ],
            [
              -73.1491472,
              5.9984514
            ],
            [
              -73.1490244,
              5.9992924
            ],
            [
              -73.1492701,
              6.0006816
            ],
            [
              -73.149289,
              6.0016455
            ],
            [
              -73.1483345,
              6.0030914
            ],
            [
              -73.1480416,
              6.0044239
            ],
            [
              -73.14824,
              6.006484
            ],
            [
              -73.1488661,
              6.0097869
            ],
            [
              -73.1480888,
              6.0122038
            ],
            [
              -73.1484385,
              6.0159815
            ],
            [
              -73.1482778,
              6.0175975
            ],
            [
              -73.1485046,
              6.0191757
            ],
            [
              -73.1479849,
              6.0215949
            ],
            [
              -73.1475691,
              6.0224265
            ],
            [
              -73.1473423,
              6.0237495
            ],
            [
              -73.1469024,
              6.0248008
            ],
            [
              -73.1453241,
              6.0284019
            ],
            [
              -73.1450466,
              6.0291178
            ],
            [
              -73.1447618,
              6.0299355
            ],
            [
              -73.1445324,
              6.0306981
            ],
            [
              -73.1443513,
              6.0314207
            ],
            [
              -73.1442135,
              6.032111
            ],
            [
              -73.1441137,
              6.0327815
            ],
            [
              -73.144049,
              6.0334311
            ],
            [
              -73.1440147,
              6.0340734
            ],
            [
              -73.1440161,
              6.0351599
            ],
            [
              -73.1441461,
              6.0375268
            ],
            [
              -73.1441679,
              6.038153
            ],
            [
              -73.1441688,
              6.0387315
            ],
            [
              -73.1441488,
              6.0392416
            ],
            [
              -73.1441128,
              6.0396817
            ],
            [
              -73.1440615,
              6.0400934
            ],
            [
              -73.1439562,
              6.0406815
            ],
            [
              -73.1438075,
              6.0412827
            ],
            [
              -73.1436076,
              6.0419011
            ],
            [
              -73.1433608,
              6.0425089
            ],
            [
              -73.1430705,
              6.0430945
            ],
            [
              -73.1427418,
              6.0436481
            ],
            [
              -73.1423825,
              6.0441609
            ],
            [
              -73.1419992,
              6.0446297
            ],
            [
              -73.1415994,
              6.0450523
            ],
            [
              -73.1411903,
              6.045429
            ],
            [
              -73.1408885,
              6.0456769
            ],
            [
              -73.1405946,
              6.0458977
            ],
            [
              -73.1400722,
              6.0462484
            ],
            [
              -73.1394454,
              6.0466176
            ],
            [
              -73.1381193,
              6.047321
            ],
            [
              -73.1372938,
              6.0477783
            ],
            [
              -73.1365451,
              6.0482534
            ],
            [
              -73.1360404,
              6.0486228
            ],
            [
              -73.1355652,
              6.0490182
            ],
            [
              -73.1351309,
              6.049432
            ],
            [
              -73.1348536,
              6.0497361
            ],
            [
              -73.1349135,
              6.0497667
            ],
            [
              -73.1357026,
              6.0501493
            ],
            [
              -73.1357206,
              6.0501581
            ],
            [
              -73.1357437,
              6.0501692
            ],
            [
              -73.1372584,
              6.0504791
            ],
            [
              -73.1382045,
              6.0505386
            ],
            [
              -73.1400995,
              6.0513521
            ],
            [
              -73.141236,
              6.0517266
            ],
            [
              -73.1429401,
              6.0520989
            ],
            [
              -73.1441407,
              6.0527256
            ],
            [
              -73.1455978,
              6.0544876
            ],
            [
              -73.1459165,
              6.0553702
            ],
            [
              -73.1463016,
              6.0571363
            ],
            [
              -73.1459913,
              6.0584632
            ],
            [
              -73.1450511,
              6.0599819
            ],
            [
              -73.1442371,
              6.0615001
            ],
            [
              -73.1437372,
              6.0627014
            ],
            [
              -73.1431759,
              6.0643449
            ],
            [
              -73.1428037,
              6.0659877
            ],
            [
              -73.1428218,
              6.0707222
            ],
            [
              -73.1429573,
              6.0731837
            ],
            [
              -73.1435918,
              6.0741914
            ],
            [
              -73.1441023,
              6.0757676
            ],
            [
              -73.1447365,
              6.0767121
            ],
            [
              -73.1456221,
              6.0774032
            ],
            [
              -73.1467577,
              6.0775251
            ],
            [
              -73.1473922,
              6.0785327
            ],
            [
              -73.1477754,
              6.0797938
            ],
            [
              -73.1481591,
              6.0811811
            ],
            [
              -73.149425,
              6.0823757
            ],
            [
              -73.1502485,
              6.0833195
            ],
            [
              -73.1499382,
              6.0846464
            ],
            [
              -73.148806,
              6.0854083
            ],
            [
              -73.1481782,
              6.0861682
            ],
            [
              -73.1474869,
              6.0868021
            ],
            [
              -73.1468589,
              6.087499
            ],
            [
              -73.1462948,
              6.0883976
            ],
            [
              -73.1456668,
              6.0890944
            ],
            [
              -73.1449764,
              6.0899808
            ],
            [
              -73.144917,
              6.090928
            ],
            [
              -73.1451096,
              6.091811
            ],
            [
              -73.1464352,
              6.0921216
            ],
            [
              -73.1478852,
              6.0919898
            ],
            [
              -73.1494618,
              6.0919837
            ],
            [
              -73.1504081,
              6.0920432
            ],
            [
              -73.1516066,
              6.0921017
            ],
            [
              -73.1523027,
              6.0927303
            ],
            [
              -73.1531888,
              6.0935476
            ],
            [
              -73.1538221,
              6.0942395
            ],
            [
              -73.1548986,
              6.0953717
            ],
            [
              -73.1561012,
              6.0965034
            ],
            [
              -73.1576172,
              6.0971288
            ],
            [
              -73.1586901,
              6.097314
            ],
            [
              -73.1603298,
              6.0973077
            ],
            [
              -73.1619692,
              6.0972382
            ],
            [
              -73.1629776,
              6.0970449
            ],
            [
              -73.1643005,
              6.0966611
            ],
            [
              -73.1687781,
              6.0966437
            ],
            [
              -73.1702932,
              6.0970166
            ],
            [
              -73.1716232,
              6.0984633
            ],
            [
              -73.1725115,
              6.0998487
            ],
            [
              -73.173337,
              6.1012974
            ],
            [
              -73.1740363,
              6.1027466
            ],
            [
              -73.1743568,
              6.104071
            ],
            [
              -73.1744879,
              6.105333
            ],
            [
              -73.1747441,
              6.1063421
            ],
            [
              -73.1753777,
              6.1070972
            ],
            [
              -73.1756977,
              6.1082953
            ],
            [
              -73.1757107,
              6.111641
            ],
            [
              -73.1756518,
              6.1127144
            ],
            [
              -73.1756563,
              6.1138507
            ],
            [
              -73.1747795,
              6.1154323
            ],
            [
              -73.1741517,
              6.1161923
            ],
            [
              -73.1727034,
              6.1167661
            ],
            [
              -73.1720121,
              6.1174
            ],
            [
              -73.1715735,
              6.1181214
            ],
            [
              -73.1715771,
              6.1190683
            ],
            [
              -73.171707,
              6.1200147
            ],
            [
              -73.1722159,
              6.121149
            ],
            [
              -73.1722199,
              6.122159
            ],
            [
              -73.1720974,
              6.1231064
            ],
            [
              -73.1717858,
              6.1240545
            ],
            [
              -73.17116,
              6.1253195
            ],
            [
              -73.1706599,
              6.1264578
            ],
            [
              -73.1703482,
              6.1274059
            ],
            [
              -73.1699735,
              6.1283543
            ],
            [
              -73.1695372,
              6.1296816
            ],
            [
              -73.1695018,
              6.1297352
            ],
            [
              -73.1686594,
              6.1310107
            ],
            [
              -73.1678342,
              6.1320883
            ],
            [
              -73.1675926,
              6.1324037
            ],
            [
              -73.167091,
              6.1331632
            ],
            [
              -73.1667791,
              6.1340482
            ],
            [
              -73.1662794,
              6.1353127
            ],
            [
              -73.1655884,
              6.1360098
            ],
            [
              -73.1647061,
              6.1362026
            ],
            [
              -73.1638884,
              6.136774
            ],
            [
              -73.1632622,
              6.1379127
            ],
            [
              -73.1629552,
              6.1400602
            ],
            [
              -73.1626435,
              6.1410084
            ],
            [
              -73.1621421,
              6.141831
            ],
            [
              -73.1617669,
              6.1426531
            ],
            [
              -73.1618336,
              6.1435997
            ],
            [
              -73.1629694,
              6.1437216
            ],
            [
              -73.1644203,
              6.143779
            ],
            [
              -73.1649283,
              6.1446608
            ],
            [
              -73.1644284,
              6.1458622
            ],
            [
              -73.1639283,
              6.1470005
            ],
            [
              -73.1641895,
              6.1503098
            ],
            [
              -73.1629063,
              6.1532184
            ],
            [
              -73.1621364,
              6.1556992
            ],
            [
              -73.161281,
              6.1606608
            ],
            [
              -73.1611099,
              6.1630561
            ],
            [
              -73.1611954,
              6.1648526
            ],
            [
              -73.1629063,
              6.1669057
            ],
            [
              -73.1643168,
              6.1679222
            ],
            [
              -73.16524,
              6.1688604
            ],
            [
              -73.1655853,
              6.1694984
            ],
            [
              -73.1655628,
              6.1696185
            ],
            [
              -73.1652851,
              6.1698662
            ],
            [
              -73.1644669,
              6.169641
            ],
            [
              -73.1626497,
              6.169472
            ],
            [
              -73.16034,
              6.169472
            ],
            [
              -73.1575084,
              6.1693842
            ],
            [
              -73.1575729,
              6.1699864
            ],
            [
              -73.1574585,
              6.1704016
            ],
            [
              -73.1572251,
              6.1709835
            ],
            [
              -73.1570824,
              6.1712878
            ],
            [
              -73.1567588,
              6.1719071
            ],
            [
              -73.1563859,
              6.1725451
            ],
            [
              -73.1561122,
              6.1729769
            ],
            [
              -73.1556584,
              6.1736399
            ],
            [
              -73.1550485,
              6.1744487
            ],
            [
              -73.1544938,
              6.1751274
            ],
            [
              -73.1532348,
              6.176613
            ],
            [
              -73.1527743,
              6.1772031
            ],
            [
              -73.1525241,
              6.1775537
            ],
            [
              -73.1522553,
              6.1779677
            ],
            [
              -73.1520087,
              6.1783985
            ],
            [
              -73.1517636,
              6.1789058
            ],
            [
              -73.15161,
              6.1792912
            ],
            [
              -73.151509,
              6.1795921
            ],
            [
              -73.1513599,
              6.1801613
            ],
            [
              -73.1512417,
              6.180851
            ],
            [
              -73.1510986,
              6.1821385
            ],
            [
              -73.1510523,
              6.1824453
            ],
            [
              -73.1509404,
              6.1829576
            ],
            [
              -73.1507541,
              6.1835167
            ],
            [
              -73.1504608,
              6.1841586
            ],
            [
              -73.1496273,
              6.1856582
            ],
            [
              -73.1492745,
              6.1863471
            ],
            [
              -73.148887,
              6.1872451
            ],
            [
              -73.1482081,
              6.1891068
            ],
            [
              -73.1479794,
              6.18968
            ],
            [
              -73.1477441,
              6.1902162
            ],
            [
              -73.1476204,
              6.1904669
            ],
            [
              -73.1472301,
              6.1912578
            ],
            [
              -73.146084,
              6.1933431
            ],
            [
              -73.1459263,
              6.1936301
            ],
            [
              -73.1455789,
              6.1942887
            ],
            [
              -73.1452366,
              6.1949771
            ],
            [
              -73.1446804,
              6.1962029
            ],
            [
              -73.1444543,
              6.196745
            ],
            [
              -73.1440907,
              6.1976853
            ],
            [
              -73.1440873,
              6.1976949
            ],
            [
              -73.1417529,
              6.1987047
            ],
            [
              -73.1412872,
              6.1991655
            ],
            [
              -73.1407943,
              6.1996607
            ],
            [
              -73.1405315,
              6.1999306
            ],
            [
              -73.1403077,
              6.2001685
            ],
            [
              -73.1401221,
              6.2003738
            ],
            [
              -73.1399121,
              6.2006166
            ],
            [
              -73.1397129,
              6.200862
            ],
            [
              -73.1395463,
              6.2010831
            ],
            [
              -73.1393765,
              6.2013315
            ],
            [
              -73.13928,
              6.2014876
            ],
            [
              -73.1391982,
              6.2016317
            ],
            [
              -73.1391209,
              6.2017799
            ],
            [
              -73.1390399,
              6.2019491
            ],
            [
              -73.1386804,
              6.2027824
            ],
            [
              -73.1385246,
              6.2031066
            ],
            [
              -73.1384312,
              6.2032831
            ],
            [
              -73.1382541,
              6.2035896
            ],
            [
              -73.1381156,
              6.2038099
            ],
            [
              -73.138023,
              6.2039412
            ],
            [
              -73.1371735,
              6.2052577
            ],
            [
              -73.1365186,
              6.2055886
            ],
            [
              -73.136219,
              6.20574
            ],
            [
              -73.1351771,
              6.2052415
            ],
            [
              -73.1345841,
              6.2049637
            ],
            [
              -73.13425,
              6.2048213
            ],
            [
              -73.1339376,
              6.2047045
            ],
            [
              -73.1336487,
              6.2046143
            ],
            [
              -73.1334996,
              6.2045752
            ],
            [
              -73.1333214,
              6.2045353
            ],
            [
              -73.1331435,
              6.2045025
            ],
            [
              -73.132923,
              6.2044712
            ],
            [
              -73.1327039,
              6.2044491
            ],
            [
              -73.1325187,
              6.204437
            ],
            [
              -73.1323347,
              6.2044299
            ],
            [
              -73.1319608,
              6.2044275
            ],
            [
              -73.131124,
              6.2044367
            ],
            [
              -73.1303712,
              6.2044334
            ],
            [
              -73.13007,
              6.2044455
            ],
            [
              -73.1297961,
              6.2044713
            ],
            [
              -73.1296819,
              6.2044869
            ],
            [
              -73.1294442,
              6.2045281
            ],
            [
              -73.1292963,
              6.2045591
            ],
            [
              -73.129002,
              6.2046301
            ],
            [
              -73.1284738,
              6.2047762
            ],
            [
              -73.1279082,
              6.2049392
            ],
            [
              -73.1275279,
              6.2050534
            ],
            [
              -73.1273397,
              6.2051161
            ],
            [
              -73.1271422,
              6.2051906
            ],
            [
              -73.1269505,
              6.2052754
            ],
            [
              -73.1268391,
              6.2053325
            ],
            [
              -73.126731,
              6.2053949
            ],
            [
              -73.1265535,
              6.2055147
            ],
            [
              -73.1264284,
              6.2056102
            ],
            [
              -73.1255321,
              6.2063363
            ],
            [
              -73.1250982,
              6.2067058
            ],
            [
              -73.1246378,
              6.2071194
            ],
            [
              -73.1235811,
              6.2080965
            ],
            [
              -73.1232914,
              6.2083565
            ],
            [
              -73.1231449,
              6.2084833
            ],
            [
              -73.1229042,
              6.2086805
            ],
            [
              -73.1227814,
              6.2087741
            ],
            [
              -73.1226233,
              6.2088856
            ],
            [
              -73.122461,
              6.2089877
            ],
            [
              -73.1222956,
              6.209077
            ],
            [
              -73.1221246,
              6.209152
            ],
            [
              -73.1220148,
              6.2091904
            ],
            [
              -73.1219028,
              6.2092221
            ],
            [
              -73.121742,
              6.2092558
            ],
            [
              -73.1215781,
              6.2092784
            ],
            [
              -73.1214525,
              6.2092888
            ],
            [
              -73.1213259,
              6.2092944
            ],
            [
              -73.1211086,
              6.2092943
            ],
            [
              -73.1208882,
              6.209285
            ],
            [
              -73.1201525,
              6.2092281
            ],
            [
              -73.1197879,
              6.2092104
            ],
            [
              -73.1195323,
              6.2092094
            ],
            [
              -73.1193197,
              6.2092175
            ],
            [
              -73.1191077,
              6.209235
            ],
            [
              -73.1188905,
              6.2092643
            ],
            [
              -73.1187415,
              6.209292
            ],
            [
              -73.118594,
              6.2093265
            ],
            [
              -73.1184276,
              6.2093758
            ],
            [
              -73.1182651,
              6.2094364
            ],
            [
              -73.1181311,
              6.2094979
            ],
            [
              -73.1180017,
              6.2095693
            ],
            [
              -73.1178611,
              6.2096636
            ],
            [
              -73.1177295,
              6.2097719
            ],
            [
              -73.1176336,
              6.2098669
            ],
            [
              -73.1175452,
              6.2099703
            ],
            [
              -73.1174556,
              6.2100954
            ],
            [
              -73.1173769,
              6.2102289
            ],
            [
              -73.1173113,
              6.2103658
            ],
            [
              -73.1172569,
              6.2105067
            ],
            [
              -73.1172151,
              6.2106435
            ],
            [
              -73.117183,
              6.2107781
            ],
            [
              -73.1171546,
              6.2110204
            ],
            [
              -73.1169107,
              6.2111268
            ],
            [
              -73.1167437,
              6.2111676
            ],
            [
              -73.1165681,
              6.2112001
            ],
            [
              -73.1163901,
              6.211225
            ],
            [
              -73.1155263,
              6.2113098
            ],
            [
              -73.1153816,
              6.21133
            ],
            [
              -73.1151904,
              6.2113665
            ],
            [
              -73.1150093,
              6.2114176
            ],
            [
              -73.1148879,
              6.2114657
            ],
            [
              -73.1147746,
              6.2115238
            ],
            [
              -73.114661,
              6.2115996
            ],
            [
              -73.1145309,
              6.2117223
            ],
            [
              -73.1142308,
              6.212132
            ],
            [
              -73.1141258,
              6.2122696
            ],
            [
              -73.1139012,
              6.2125483
            ],
            [
              -73.1136046,
              6.2129032
            ],
            [
              -73.1134646,
              6.2130653
            ],
            [
              -73.1132554,
              6.2132936
            ],
            [
              -73.11308,
              6.2134671
            ],
            [
              -73.1129786,
              6.2135587
            ],
            [
              -73.1128738,
              6.2136467
            ],
            [
              -73.1127528,
              6.2137404
            ],
            [
              -73.1126278,
              6.2138295
            ],
            [
              -73.1124992,
              6.2139145
            ],
            [
              -73.1123569,
              6.2140018
            ],
            [
              -73.1120636,
              6.2141669
            ],
            [
              -73.1114286,
              6.2145038
            ],
            [
              -73.1112572,
              6.2146005
            ],
            [
              -73.1110886,
              6.2147021
            ],
            [
              -73.1109249,
              6.2148106
            ],
            [
              -73.1108153,
              6.2148909
            ],
            [
              -73.11071,
              6.2149759
            ],
            [
              -73.1105791,
              6.2150967
            ],
            [
              -73.1104607,
              6.2152277
            ],
            [
              -73.1103765,
              6.2153415
            ],
            [
              -73.1103042,
              6.215462
            ],
            [
              -73.1102178,
              6.2156608
            ],
            [
              -73.1101808,
              6.2157873
            ],
            [
              -73.110155,
              6.2159129
            ],
            [
              -73.1101352,
              6.2160808
            ],
            [
              -73.1101255,
              6.2162529
            ],
            [
              -73.1101326,
              6.2164848
            ],
            [
              -73.1101074,
              6.2164857
            ],
            [
              -73.1099246,
              6.2164515
            ],
            [
              -73.1097403,
              6.2164713
            ],
            [
              -73.1095604,
              6.2165175
            ],
            [
              -73.1094402,
              6.2165663
            ],
            [
              -73.1092848,
              6.2166562
            ],
            [
              -73.1091651,
              6.2167474
            ],
            [
              -73.1090331,
              6.2168801
            ],
            [
              -73.1089174,
              6.2170283
            ],
            [
              -73.1088135,
              6.2171895
            ],
            [
              -73.1086937,
              6.2174066
            ],
            [
              -73.1085069,
              6.2177641
            ],
            [
              -73.1083539,
              6.2180248
            ],
            [
              -73.1081617,
              6.2183142
            ],
            [
              -73.1078104,
              6.2188157
            ],
            [
              -73.1077219,
              6.2189573
            ],
            [
              -73.1076419,
              6.2191014
            ],
            [
              -73.1075727,
              6.2192485
            ],
            [
              -73.1075035,
              6.2194336
            ],
            [
              -73.1074162,
              6.2197033
            ],
            [
              -73.107347,
              6.2198848
            ],
            [
              -73.1072782,
              6.2200286
            ],
            [
              -73.107198,
              6.2201619
            ],
            [
              -73.107107,
              6.2202899
            ],
            [
              -73.1070071,
              6.2204132
            ],
            [
              -73.1069006,
              6.220532
            ],
            [
              -73.1067892,
              6.2206473
            ],
            [
              -73.1064387,
              6.2209857
            ],
            [
              -73.1063233,
              6.2211056
            ],
            [
              -73.1062177,
              6.221232
            ],
            [
              -73.1061392,
              6.2213464
            ],
            [
              -73.1060719,
              6.2214677
            ],
            [
              -73.1060057,
              6.2216227
            ],
            [
              -73.1059527,
              6.221785
            ],
            [
              -73.1059142,
              6.2219318
            ],
            [
              -73.1058804,
              6.2220814
            ],
            [
              -73.1057689,
              6.2226163
            ],
            [
              -73.1057235,
              6.2227911
            ],
            [
              -73.1056683,
              6.2229614
            ],
            [
              -73.1056242,
              6.2230714
            ],
            [
              -73.1055735,
              6.2231779
            ],
            [
              -73.1055129,
              6.2232851
            ],
            [
              -73.1054449,
              6.2233877
            ],
            [
              -73.1053411,
              6.2235199
            ],
            [
              -73.1052267,
              6.2236435
            ],
            [
              -73.1051033,
              6.2237586
            ],
            [
              -73.1049415,
              6.2238885
            ],
            [
              -73.1045371,
              6.2241681
            ],
            [
              -73.1044263,
              6.2242507
            ],
            [
              -73.1043193,
              6.224342
            ],
            [
              -73.1042227,
              6.2244402
            ],
            [
              -73.1041393,
              6.2245464
            ],
            [
              -73.1040712,
              6.2246618
            ],
            [
              -73.1040194,
              6.2247848
            ],
            [
              -73.1039857,
              6.224904
            ],
            [
              -73.1039599,
              6.2250808
            ],
            [
              -73.1039442,
              6.2255474
            ],
            [
              -73.1039298,
              6.2257065
            ],
            [
              -73.1038923,
              6.2259073
            ],
            [
              -73.103837,
              6.2261089
            ],
            [
              -73.1037889,
              6.2262531
            ],
            [
              -73.1036882,
              6.2263851
            ],
            [
              -73.1034269,
              6.2271396
            ],
            [
              -73.1033131,
              6.2274441
            ],
            [
              -73.1032642,
              6.2275959
            ],
            [
              -73.1032212,
              6.2277493
            ],
            [
              -73.1031849,
              6.2279062
            ],
            [
              -73.103156,
              6.2280647
            ],
            [
              -73.103135,
              6.2282247
            ],
            [
              -73.1031222,
              6.2283828
            ],
            [
              -73.1031152,
              6.228542
            ],
            [
              -73.1031032,
              6.2290744
            ],
            [
              -73.1031489,
              6.2292421
            ],
            [
              -73.1030761,
              6.2295132
            ],
            [
              -73.1030529,
              6.2297293
            ],
            [
              -73.1030222,
              6.2299461
            ],
            [
              -73.1029832,
              6.2301631
            ],
            [
              -73.1029442,
              6.2303403
            ],
            [
              -73.1028979,
              6.2305167
            ],
            [
              -73.1028431,
              6.2306913
            ],
            [
              -73.1027947,
              6.2308225
            ],
            [
              -73.1027397,
              6.2309514
            ],
            [
              -73.1026798,
              6.2310725
            ],
            [
              -73.1026128,
              6.2311901
            ],
            [
              -73.1025155,
              6.2313358
            ],
            [
              -73.1024078,
              6.2314731
            ],
            [
              -73.1022917,
              6.2316005
            ],
            [
              -73.1021667,
              6.2317192
            ],
            [
              -73.1020414,
              6.2318236
            ],
            [
              -73.101923,
              6.2319111
            ],
            [
              -73.1018245,
              6.2319759
            ],
            [
              -73.1014249,
              6.2321816
            ],
            [
              -73.1002305,
              6.2328795
            ],
            [
              -73.0999291,
              6.2345375
            ],
            [
              -73.1001552,
              6.2368739
            ],
            [
              -73.1003813,
              6.2391349
            ],
            [
              -73.0999291,
              6.2404162
            ],
            [
              -73.0991,
              6.2424511
            ],
            [
              -73.0987232,
              6.2439585
            ],
            [
              -73.0986478,
              6.2452397
            ],
            [
              -73.0990247,
              6.2463702
            ],
            [
              -73.0999291,
              6.2475761
            ],
            [
              -73.1016625,
              6.2491588
            ],
            [
              -73.1030191,
              6.2509676
            ],
            [
              -73.1039235,
              6.2529272
            ],
            [
              -73.1043004,
              6.254133
            ],
            [
              -73.1045265,
              6.2558665
            ],
            [
              -73.1050541,
              6.256997
            ],
            [
              -73.105902,
              6.2577452
            ],
            [
              -73.1063353,
              6.2581275
            ],
            [
              -73.1069382,
              6.259258
            ],
            [
              -73.107089,
              6.2605393
            ],
            [
              -73.1076165,
              6.262122
            ],
            [
              -73.1085209,
              6.2636293
            ],
            [
              -73.1095761,
              6.2657396
            ],
            [
              -73.1093585,
              6.26718
            ],
            [
              -73.1079934,
              6.2673223
            ],
            [
              -73.1061846,
              6.2677745
            ],
            [
              -73.1039235,
              6.268076
            ],
            [
              -73.1018133,
              6.2679253
            ],
            [
              -73.1003813,
              6.2677745
            ],
            [
              -73.0967636,
              6.2664933
            ],
            [
              -73.0926938,
              6.2659657
            ],
            [
              -73.0902821,
              6.2663425
            ],
            [
              -73.0882471,
              6.2671716
            ],
            [
              -73.0859108,
              6.2686789
            ],
            [
              -73.0844034,
              6.2694326
            ],
            [
              -73.0826699,
              6.2704878
            ],
            [
              -73.0808611,
              6.2712414
            ],
            [
              -73.0797306,
              6.2722966
            ],
            [
              -73.0782233,
              6.2729749
            ],
            [
              -73.0760376,
              6.27403
            ],
            [
              -73.0748299,
              6.2756127
            ],
            [
              -73.07483,
              6.2756421
            ],
            [
              -73.0747854,
              6.2761305
            ],
            [
              -73.0745777,
              6.2765032
            ],
            [
              -73.0746156,
              6.2768659
            ],
            [
              -73.0746843,
              6.2775215
            ],
            [
              -73.0747865,
              6.2776202
            ],
            [
              -73.074899,
              6.2777063
            ],
            [
              -73.0750669,
              6.2778252
            ],
            [
              -73.0752663,
              6.2779548
            ],
            [
              -73.0756534,
              6.2781921
            ],
            [
              -73.0758461,
              6.2783147
            ],
            [
              -73.0760375,
              6.278448
            ],
            [
              -73.076146,
              6.2785315
            ],
            [
              -73.0762504,
              6.2786186
            ],
            [
              -73.0764086,
              6.2787651
            ],
            [
              -73.0765468,
              6.2789076
            ],
            [
              -73.0766777,
              6.2790549
            ],
            [
              -73.0767901,
              6.2791908
            ],
            [
              -73.076898,
              6.2793291
            ],
            [
              -73.0771353,
              6.2796558
            ],
            [
              -73.0775897,
              6.2803117
            ],
            [
              -73.0778514,
              6.2806714
            ],
            [
              -73.0780308,
              6.2809052
            ],
            [
              -73.0781697,
              6.2810781
            ],
            [
              -73.0783821,
              6.2813291
            ],
            [
              -73.0785635,
              6.2815335
            ],
            [
              -73.0787863,
              6.2817752
            ],
            [
              -73.0791604,
              6.2821651
            ],
            [
              -73.0794467,
              6.2824544
            ],
            [
              -73.07974,
              6.2827424
            ],
            [
              -73.0801995,
              6.2831719
            ],
            [
              -73.0808289,
              6.2837339
            ],
            [
              -73.0810393,
              6.2839304
            ],
            [
              -73.0811764,
              6.2840649
            ],
            [
              -73.0813111,
              6.2842018
            ],
            [
              -73.0815704,
              6.2844762
            ],
            [
              -73.0818128,
              6.2847434
            ],
            [
              -73.082016,
              6.2849764
            ],
            [
              -73.0824276,
              6.2855877
            ],
            [
              -73.0818392,
              6.2862998
            ],
            [
              -73.0808935,
              6.2863626
            ],
            [
              -73.0800075,
              6.2865434
            ],
            [
              -73.079241,
              6.2870788
            ],
            [
              -73.0793038,
              6.2880249
            ],
            [
              -73.0793124,
              6.2902727
            ],
            [
              -73.0791384,
              6.2911606
            ],
            [
              -73.0791419,
              6.2920657
            ],
            [
              -73.0773711,
              6.2927823
            ],
            [
              -73.0765451,
              6.2931995
            ],
            [
              -73.0753657,
              6.293973
            ],
            [
              -73.0739521,
              6.2953389
            ],
            [
              -73.0731285,
              6.2964068
            ],
            [
              -73.0724232,
              6.2974742
            ],
            [
              -73.0717758,
              6.2982457
            ],
            [
              -73.0708943,
              6.2996095
            ],
            [
              -73.0704263,
              6.3009127
            ],
            [
              -73.0698408,
              6.3023937
            ],
            [
              -73.068306,
              6.3029911
            ],
            [
              -73.0675354,
              6.3024617
            ],
            [
              -73.0669415,
              6.3017541
            ],
            [
              -73.0659956,
              6.3017577
            ],
            [
              -73.0647564,
              6.302354
            ],
            [
              -73.0636975,
              6.3037185
            ],
            [
              -73.063526,
              6.3052572
            ],
            [
              -73.0634138,
              6.3068547
            ],
            [
              -73.0628265,
              6.3078625
            ],
            [
              -73.0621786,
              6.3085157
            ],
            [
              -73.0614124,
              6.3091101
            ],
            [
              -73.0604725,
              6.3107108
            ],
            [
              -73.0603581,
              6.3117169
            ],
            [
              -73.0603617,
              6.3126633
            ],
            [
              -73.0607787,
              6.3134898
            ],
            [
              -73.0607203,
              6.3136675
            ],
            [
              -73.0603694,
              6.3146744
            ],
            [
              -73.0597836,
              6.3160963
            ],
            [
              -73.059316,
              6.3175178
            ],
            [
              -73.0589058,
              6.3184658
            ],
            [
              -73.058318,
              6.3193553
            ],
            [
              -73.0577902,
              6.3204812
            ],
            [
              -73.0573795,
              6.3213109
            ],
            [
              -73.057324,
              6.3222576
            ],
            [
              -73.0565014,
              6.3236213
            ],
            [
              -73.0559739,
              6.3248063
            ],
            [
              -73.0556821,
              6.325813
            ],
            [
              -73.0553898,
              6.3267014
            ],
            [
              -73.0543873,
              6.3273559
            ],
            [
              -73.0534998,
              6.3271818
            ],
            [
              -73.0527879,
              6.3265339
            ],
            [
              -73.051839,
              6.3257685
            ],
            [
              -73.0508928,
              6.3257129
            ],
            [
              -73.0500072,
              6.3260121
            ],
            [
              -73.049536,
              6.3264871
            ],
            [
              -73.0485905,
              6.326609
            ],
            [
              -73.0465842,
              6.3276222
            ],
            [
              -73.0458176,
              6.3281575
            ],
            [
              -73.0452884,
              6.3289285
            ],
            [
              -73.0449371,
              6.3298171
            ],
            [
              -73.0445264,
              6.3306468
            ],
            [
              -73.0442932,
              6.331535
            ],
            [
              -73.0440012,
              6.3324825
            ],
            [
              -73.0427054,
              6.3337888
            ],
            [
              -73.0418215,
              6.3345612
            ],
            [
              -73.0410001,
              6.3362206
            ],
            [
              -73.0410041,
              6.3372853
            ],
            [
              -73.0405963,
              6.338884
            ],
            [
              -73.0400089,
              6.3399036
            ],
            [
              -73.0394804,
              6.3408521
            ],
            [
              -73.0390112,
              6.3418595
            ],
            [
              -73.0383637,
              6.3426309
            ],
            [
              -73.0374807,
              6.3436399
            ],
            [
              -73.0367186,
              6.3453582
            ],
            [
              -73.0360162,
              6.3472538
            ],
            [
              -73.0357838,
              6.3483194
            ],
            [
              -73.0351399,
              6.3500373
            ],
            [
              -73.03473,
              6.3511036
            ],
            [
              -73.0337896,
              6.352586
            ],
            [
              -73.0331417,
              6.3532392
            ],
            [
              -73.0323758,
              6.3539519
            ],
            [
              -73.0316092,
              6.3544872
            ],
            [
              -73.0308441,
              6.3554365
            ],
            [
              -73.0302582,
              6.3568584
            ],
            [
              -73.0302631,
              6.3581598
            ],
            [
              -73.0304439,
              6.3590464
            ],
            [
              -73.0310382,
              6.3598723
            ],
            [
              -73.0325784,
              6.3606355
            ],
            [
              -73.0333493,
              6.3612241
            ],
            [
              -73.0332937,
              6.3621708
            ],
            [
              -73.0334155,
              6.3631168
            ],
            [
              -73.0334191,
              6.3640632
            ],
            [
              -73.0337183,
              6.3650085
            ],
            [
              -73.0339011,
              6.3664275
            ],
            [
              -73.0343204,
              6.3678456
            ],
            [
              -73.034857,
              6.3690267
            ],
            [
              -73.0350395,
              6.3703865
            ],
            [
              -73.0347472,
              6.3712749
            ],
            [
              -73.0343365,
              6.3721046
            ],
            [
              -73.0338949,
              6.3725014
            ],
            [
              -73.0337373,
              6.372304
            ],
            [
              -73.0336018,
              6.3721291
            ],
            [
              -73.0334708,
              6.3719518
            ],
            [
              -73.0333466,
              6.3717711
            ],
            [
              -73.0332322,
              6.3715854
            ],
            [
              -73.03314,
              6.3714125
            ],
            [
              -73.033058,
              6.371235
            ],
            [
              -73.0329862,
              6.3710537
            ],
            [
              -73.0329251,
              6.3708691
            ],
            [
              -73.0328761,
              6.3706813
            ],
            [
              -73.0328409,
              6.3704937
            ],
            [
              -73.032817,
              6.3703042
            ],
            [
              -73.0328027,
              6.3701138
            ],
            [
              -73.0327967,
              6.3699233
            ],
            [
              -73.0327984,
              6.3697337
            ],
            [
              -73.0328133,
              6.3693806
            ],
            [
              -73.0328259,
              6.3692076
            ],
            [
              -73.0328041,
              6.3690272
            ],
            [
              -73.0327807,
              6.3688504
            ],
            [
              -73.0327443,
              6.3686756
            ],
            [
              -73.0327006,
              6.3685201
            ],
            [
              -73.0326495,
              6.3683662
            ],
            [
              -73.0324891,
              6.3679138
            ],
            [
              -73.032443,
              6.3677619
            ],
            [
              -73.0323989,
              6.3675816
            ],
            [
              -73.0323659,
              6.3673989
            ],
            [
              -73.0323439,
              6.3672148
            ],
            [
              -73.0323329,
              6.3670301
            ],
            [
              -73.03233,
              6.3668465
            ],
            [
              -73.0323354,
              6.3663849
            ],
            [
              -73.0323284,
              6.3662504
            ],
            [
              -73.0323117,
              6.3661294
            ],
            [
              -73.0322828,
              6.3660142
            ],
            [
              -73.0322128,
              6.3658537
            ],
            [
              -73.0321153,
              6.3657134
            ],
            [
              -73.0319944,
              6.3655981
            ],
            [
              -73.0318522,
              6.3655145
            ],
            [
              -73.0317383,
              6.3654781
            ],
            [
              -73.0316168,
              6.3654602
            ],
            [
              -73.03149,
              6.3654592
            ],
            [
              -73.0313575,
              6.365474
            ],
            [
              -73.0312232,
              6.3655007
            ],
            [
              -73.030823,
              6.3656085
            ],
            [
              -73.0306892,
              6.3656371
            ],
            [
              -73.0305576,
              6.3656534
            ],
            [
              -73.030426,
              6.3656562
            ],
            [
              -73.0302958,
              6.3656441
            ],
            [
              -73.0301433,
              6.3656079
            ],
            [
              -73.0299965,
              6.3655504
            ],
            [
              -73.0298571,
              6.3654736
            ],
            [
              -73.029727,
              6.3653785
            ],
            [
              -73.0296163,
              6.3652748
            ],
            [
              -73.0295151,
              6.3651582
            ],
            [
              -73.0294231,
              6.3650309
            ],
            [
              -73.0293403,
              6.3648943
            ],
            [
              -73.0292458,
              6.3647047
            ],
            [
              -73.029162,
              6.3645059
            ],
            [
              -73.0289272,
              6.3638969
            ],
            [
              -73.0288388,
              6.3636993
            ],
            [
              -73.0287657,
              6.3635581
            ],
            [
              -73.0286853,
              6.3634214
            ],
            [
              -73.0285976,
              6.36329
            ],
            [
              -73.0285005,
              6.3631625
            ],
            [
              -73.028396,
              6.3630415
            ],
            [
              -73.0282841,
              6.3629275
            ],
            [
              -73.0281556,
              6.3628132
            ],
            [
              -73.0280198,
              6.3627073
            ],
            [
              -73.0278775,
              6.3626097
            ],
            [
              -73.0277038,
              6.3625057
            ],
            [
              -73.0275246,
              6.3624101
            ],
            [
              -73.0271581,
              6.3622333
            ],
            [
              -73.026818,
              6.3620814
            ],
            [
              -73.0266468,
              6.3620134
            ],
            [
              -73.0264737,
              6.3619548
            ],
            [
              -73.026298,
              6.3619092
            ],
            [
              -73.0261401,
              6.3618821
            ],
            [
              -73.0259801,
              6.3618651
            ],
            [
              -73.0258185,
              6.3618552
            ],
            [
              -73.0253276,
              6.3618381
            ],
            [
              -73.0251627,
              6.3618253
            ],
            [
              -73.0249982,
              6.3618055
            ],
            [
              -73.0248347,
              6.3617779
            ],
            [
              -73.024625,
              6.3617294
            ],
            [
              -73.0244176,
              6.3616683
            ],
            [
              -73.0242125,
              6.3615968
            ],
            [
              -73.0240171,
              6.3615195
            ],
            [
              -73.0238234,
              6.3614359
            ],
            [
              -73.023631,
              6.3613477
            ],
            [
              -73.0229441,
              6.3610222
            ],
            [
              -73.0227612,
              6.3609424
            ],
            [
              -73.0225765,
              6.3608672
            ],
            [
              -73.0223901,
              6.3607971
            ],
            [
              -73.0222017,
              6.3607333
            ],
            [
              -73.0219863,
              6.3606696
            ],
            [
              -73.0217688,
              6.3606142
            ],
            [
              -73.0215497,
              6.3605667
            ],
            [
              -73.0213292,
              6.3605271
            ],
            [
              -73.0211795,
              6.3605054
            ],
            [
              -73.0210294,
              6.3604883
            ],
            [
              -73.0208789,
              6.3604763
            ],
            [
              -73.0207206,
              6.36047
            ],
            [
              -73.0205622,
              6.3604699
            ],
            [
              -73.0204038,
              6.3604762
            ],
            [
              -73.0201906,
              6.3604945
            ],
            [
              -73.0199781,
              6.3605227
            ],
            [
              -73.0197667,
              6.3605594
            ],
            [
              -73.0195566,
              6.3606044
            ],
            [
              -73.0193479,
              6.3606575
            ],
            [
              -73.0191414,
              6.3607179
            ],
            [
              -73.0189374,
              6.3607851
            ],
            [
              -73.0187366,
              6.3608589
            ],
            [
              -73.0182762,
              6.361047
            ],
            [
              -73.0181235,
              6.3611051
            ],
            [
              -73.0179411,
              6.3611643
            ],
            [
              -73.0177571,
              6.3612094
            ],
            [
              -73.0175714,
              6.3612356
            ],
            [
              -73.0174065,
              6.3612399
            ],
            [
              -73.0172405,
              6.3612286
            ],
            [
              -73.0170736,
              6.3612044
            ],
            [
              -73.0169062,
              6.3611693
            ],
            [
              -73.0167307,
              6.3611227
            ],
            [
              -73.0165548,
              6.3610682
            ],
            [
              -73.0163784,
              6.3610079
            ],
            [
              -73.015674,
              6.3607436
            ],
            [
              -73.0154925,
              6.3606783
            ],
            [
              -73.0153085,
              6.3606173
            ],
            [
              -73.0151215,
              6.3605628
            ],
            [
              -73.0149368,
              6.3605185
            ],
            [
              -73.014749,
              6.3604847
            ],
            [
              -73.0145583,
              6.3604637
            ],
            [
              -73.01438,
              6.3604576
            ],
            [
              -73.0142006,
              6.3604642
            ],
            [
              -73.0140214,
              6.3604834
            ],
            [
              -73.01378,
              6.3605285
            ],
            [
              -73.0135473,
              6.3605897
            ],
            [
              -73.0133316,
              6.3606593
            ],
            [
              -73.0131491,
              6.3607269
            ],
            [
              -73.0129635,
              6.3608055
            ],
            [
              -73.012298,
              6.3606527
            ],
            [
              -73.0117058,
              6.3604183
            ],
            [
              -73.011055,
              6.3603024
            ],
            [
              -73.0102257,
              6.3598914
            ],
            [
              -73.0096331,
              6.3595387
            ],
            [
              -73.0087429,
              6.3586547
            ],
            [
              -73.0081497,
              6.3581245
            ],
            [
              -73.0077344,
              6.3577712
            ],
            [
              -73.0070243,
              6.3575963
            ],
            [
              -73.0059598,
              6.3575412
            ],
            [
              -73.0050729,
              6.3575445
            ],
            [
              -73.0038546,
              6.3577096
            ],
            [
              -73.0039324,
              6.357776
            ],
            [
              -73.004645,
              6.3588482
            ],
            [
              -73.0055871,
              6.3601711
            ],
            [
              -73.005889,
              6.3614507
            ],
            [
              -73.0059145,
              6.3621595
            ],
            [
              -73.0061006,
              6.3630278
            ],
            [
              -73.0061713,
              6.3635993
            ],
            [
              -73.0061756,
              6.3647427
            ],
            [
              -73.006175,
              6.3647632
            ],
            [
              -73.0062869,
              6.3650947
            ],
            [
              -73.0062981,
              6.3680995
            ],
            [
              -73.0067517,
              6.3689241
            ],
            [
              -73.0070554,
              6.3698244
            ],
            [
              -73.0070593,
              6.370876
            ],
            [
              -73.0073664,
              6.3726778
            ],
            [
              -73.007595,
              6.3735783
            ],
            [
              -73.0077494,
              6.3747046
            ],
            [
              -73.0079775,
              6.3754699
            ],
            [
              -73.0082061,
              6.3763705
            ],
            [
              -73.0088116,
              6.3776453
            ],
            [
              -73.0090422,
              6.3790717
            ],
            [
              -73.0095518,
              6.3811505
            ],
            [
              -73.0100573,
              6.3826781
            ],
            [
              -73.0109036,
              6.3834803
            ],
            [
              -73.0109503,
              6.3835876
            ],
            [
              -73.0111191,
              6.3838563
            ],
            [
              -73.0113775,
              6.3842226
            ],
            [
              -73.0117032,
              6.3846436
            ],
            [
              -73.0120806,
              6.3850901
            ],
            [
              -73.0124982,
              6.3855427
            ],
            [
              -73.0129479,
              6.3859884
            ],
            [
              -73.013424,
              6.3864188
            ],
            [
              -73.013971,
              6.3868662
            ],
            [
              -73.0145537,
              6.3872925
            ],
            [
              -73.0151535,
              6.3876815
            ],
            [
              -73.0157615,
              6.3880277
            ],
            [
              -73.0163668,
              6.3883268
            ],
            [
              -73.0169647,
              6.3885795
            ],
            [
              -73.0175498,
              6.3887871
            ],
            [
              -73.0181183,
              6.3889524
            ],
            [
              -73.0186229,
              6.38907
            ],
            [
              -73.0191103,
              6.3891585
            ],
            [
              -73.0195945,
              6.389223
            ],
            [
              -73.020004,
              6.3892604
            ],
            [
              -73.0206214,
              6.3892902
            ],
            [
              -73.0217236,
              6.3892875
            ],
            [
              -73.0237147,
              6.389228
            ],
            [
              -73.024421,
              6.3891829
            ],
            [
              -73.0247485,
              6.3891476
            ],
            [
              -73.0252888,
              6.3890599
            ],
            [
              -73.0259286,
              6.3889021
            ],
            [
              -73.0263364,
              6.3887742
            ],
            [
              -73.0280647,
              6.3881653
            ],
            [
              -73.0288085,
              6.387954
            ],
            [
              -73.0292584,
              6.3878516
            ],
            [
              -73.029859,
              6.387743
            ],
            [
              -73.0304654,
              6.3876634
            ],
            [
              -73.0310755,
              6.3876125
            ],
            [
              -73.0317752,
              6.3875904
            ],
            [
              -73.0323608,
              6.3876036
            ],
            [
              -73.0328889,
              6.3876422
            ],
            [
              -73.0333701,
              6.3877015
            ],
            [
              -73.0340232,
              6.387822
            ],
            [
              -73.0346074,
              6.3879727
            ],
            [
              -73.0351357,
              6.3881468
            ],
            [
              -73.0356192,
              6.3883388
            ],
            [
              -73.0361562,
              6.3885878
            ],
            [
              -73.0376805,
              6.3894126
            ],
            [
              -73.0383909,
              6.3897724
            ],
            [
              -73.0390563,
              6.3900586
            ],
            [
              -73.0394431,
              6.3902016
            ],
            [
              -73.0400463,
              6.3903927
            ],
            [
              -73.0406573,
              6.3905499
            ],
            [
              -73.0411508,
              6.3906508
            ],
            [
              -73.0416461,
              6.390728
            ],
            [
              -73.0422633,
              6.3907882
            ],
            [
              -73.0428778,
              6.3908053
            ],
            [
              -73.0436309,
              6.3907605
            ],
            [
              -73.0443667,
              6.3906364
            ],
            [
              -73.0447921,
              6.3905212
            ],
            [
              -73.0454286,
              6.390286
            ],
            [
              -73.0460256,
              6.3900202
            ],
            [
              -73.0480346,
              6.3890818
            ],
            [
              -73.0491479,
              6.3885316
            ],
            [
              -73.0496533,
              6.3882553
            ],
            [
              -73.0503699,
              6.3878126
            ],
            [
              -73.050459,
              6.3877463
            ],
            [
              -73.0511638,
              6.387037
            ],
            [
              -73.0513312,
              6.3870997
            ],
            [
              -73.051487,
              6.3871396
            ],
            [
              -73.0516497,
              6.3871666
            ],
            [
              -73.0518015,
              6.3871808
            ],
            [
              -73.0519551,
              6.3871856
            ],
            [
              -73.0521557,
              6.3871787
            ],
            [
              -73.0523478,
              6.3871591
            ],
            [
              -73.0525211,
              6.3871303
            ],
            [
              -73.0526471,
              6.3871012
            ],
            [
              -73.0527659,
              6.3870576
            ],
            [
              -73.0529643,
              6.3872442
            ],
            [
              -73.0530614,
              6.3873455
            ],
            [
              -73.0531778,
              6.3874907
            ],
            [
              -73.0532874,
              6.3876762
            ],
            [
              -73.0533957,
              6.3878997
            ],
            [
              -73.0534685,
              6.3880343
            ],
            [
              -73.0535536,
              6.3881615
            ],
            [
              -73.053696,
              6.3883449
            ],
            [
              -73.0537906,
              6.3884783
            ],
            [
              -73.0538964,
              6.3886528
            ],
            [
              -73.0539812,
              6.3888254
            ],
            [
              -73.0540644,
              6.3890379
            ],
            [
              -73.0541487,
              6.3893101
            ],
            [
              -73.0542358,
              6.3896436
            ],
            [
              -73.0543425,
              6.3900879
            ],
            [
              -73.0544002,
              6.3903448
            ],
            [
              -73.0544452,
              6.3905906
            ],
            [
              -73.054462,
              6.3907408
            ],
            [
              -73.0544596,
              6.3908797
            ],
            [
              -73.0545915,
              6.3908241
            ],
            [
              -73.0547376,
              6.3908313
            ],
            [
              -73.0549026,
              6.3908777
            ],
            [
              -73.0550796,
              6.390967
            ],
            [
              -73.0552029,
              6.3910522
            ],
            [
              -73.0553181,
              6.3911487
            ],
            [
              -73.0556092,
              6.3914226
            ],
            [
              -73.0556975,
              6.3915
            ],
            [
              -73.0557885,
              6.391571
            ],
            [
              -73.0559084,
              6.391646
            ],
            [
              -73.0560534,
              6.3917119
            ],
            [
              -73.056215,
              6.3917519
            ],
            [
              -73.0563777,
              6.3917686
            ],
            [
              -73.0565012,
              6.391766
            ],
            [
              -73.0566256,
              6.3917531
            ],
            [
              -73.0567541,
              6.3917304
            ],
            [
              -73.0568827,
              6.3916994
            ],
            [
              -73.0570396,
              6.3916521
            ],
            [
              -73.0571959,
              6.3915968
            ],
            [
              -73.0573289,
              6.3915447
            ],
            [
              -73.0575933,
              6.3914312
            ],
            [
              -73.05862,
              6.3909517
            ],
            [
              -73.0590795,
              6.3907517
            ],
            [
              -73.0593933,
              6.3906308
            ],
            [
              -73.0595521,
              6.390578
            ],
            [
              -73.0597192,
              6.390531
            ],
            [
              -73.0598884,
              6.3904938
            ],
            [
              -73.0600482,
              6.3904698
            ],
            [
              -73.0602098,
              6.3904567
            ],
            [
              -73.0603369,
              6.3904543
            ],
            [
              -73.0604648,
              6.3904586
            ],
            [
              -73.0605837,
              6.3904681
            ],
            [
              -73.0607032,
              6.3904822
            ],
            [
              -73.0608652,
              6.3905074
            ],
            [
              -73.0614871,
              6.390631
            ],
            [
              -73.0617264,
              6.3906751
            ],
            [
              -73.06186,
              6.3906956
            ],
            [
              -73.0619939,
              6.3907114
            ],
            [
              -73.0621414,
              6.3907216
            ],
            [
              -73.0622876,
              6.3907226
            ],
            [
              -73.0624235,
              6.3907145
            ],
            [
              -73.0625548,
              6.3906988
            ],
            [
              -73.062679,
              6.3906767
            ],
            [
              -73.0628108,
              6.3906453
            ],
            [
              -73.0629204,
              6.3906119
            ],
            [
              -73.0630266,
              6.3905599
            ],
            [
              -73.0636718,
              6.3899062
            ],
            [
              -73.0641197,
              6.3892284
            ],
            [
              -73.0645682,
              6.3887009
            ],
            [
              -73.0650146,
              6.3876475
            ],
            [
              -73.0651622,
              6.3869709
            ],
            [
              -73.0651613,
              6.3867455
            ],
            [
              -73.065684,
              6.3859923
            ],
            [
              -73.0660568,
              6.3853148
            ],
            [
              -73.0662064,
              6.385164
            ],
            [
              -73.0668045,
              6.3844857
            ],
            [
              -73.0670289,
              6.3842594
            ],
            [
              -73.0677023,
              6.3836559
            ],
            [
              -73.0681514,
              6.3832786
            ],
            [
              -73.0683755,
              6.3829773
            ],
            [
              -73.069124,
              6.3823734
            ],
            [
              -73.0700236,
              6.3819944
            ],
            [
              -73.0707724,
              6.3814656
            ],
            [
              -73.0719685,
              6.3801089
            ],
            [
              -73.0723407,
              6.3792812
            ],
            [
              -73.0726089,
              6.3787393
            ],
            [
              -73.0727877,
              6.3783781
            ],
            [
              -73.0730846,
              6.3774755
            ],
            [
              -73.0736072,
              6.3767223
            ],
            [
              -73.0745715,
              6.375794
            ],
            [
              -73.0757095,
              6.3752827
            ],
            [
              -73.0758317,
              6.3741418
            ],
            [
              -73.0762083,
              6.3732534
            ],
            [
              -73.0768376,
              6.3722372
            ],
            [
              -73.0773413,
              6.371475
            ],
            [
              -73.0779716,
              6.3707123
            ],
            [
              -73.0784753,
              6.36995
            ],
            [
              -73.0784655,
              6.3674158
            ],
            [
              -73.078841,
              6.3662739
            ],
            [
              -73.0794699,
              6.365131
            ],
            [
              -73.0799731,
              6.3642421
            ],
            [
              -73.0806034,
              6.3634794
            ],
            [
              -73.0816107,
              6.3619549
            ],
            [
              -73.0822406,
              6.3610654
            ],
            [
              -73.0829936,
              6.3592885
            ],
            [
              -73.0833682,
              6.3578932
            ],
            [
              -73.0839965,
              6.3566237
            ],
            [
              -73.0844967,
              6.3549744
            ],
            [
              -73.0853764,
              6.353197
            ],
            [
              -73.0860053,
              6.3520542
            ],
            [
              -73.0866346,
              6.351038
            ],
            [
              -73.0871382,
              6.3502758
            ],
            [
              -73.0873881,
              6.3493878
            ],
            [
              -73.0877646,
              6.3484994
            ],
            [
              -73.0878873,
              6.3474852
            ],
            [
              -73.0881367,
              6.3464705
            ],
            [
              -73.0883856,
              6.3453291
            ],
            [
              -73.0883743,
              6.3424148
            ],
            [
              -73.0886222,
              6.34102
            ],
            [
              -73.0893776,
              6.3398766
            ],
            [
              -73.0901346,
              6.3391134
            ],
            [
              -73.0906372,
              6.3380977
            ],
            [
              -73.091267,
              6.3372083
            ],
            [
              -73.091643,
              6.3361931
            ],
            [
              -73.0920195,
              6.3353047
            ],
            [
              -73.0926464,
              6.333655
            ],
            [
              -73.0935275,
              6.3322577
            ],
            [
              -73.093904,
              6.3313693
            ],
            [
              -73.0944076,
              6.330607
            ],
            [
              -73.0947841,
              6.3297186
            ],
            [
              -73.0955396,
              6.3285752
            ],
            [
              -73.0962974,
              6.3280654
            ],
            [
              -73.0973086,
              6.3275546
            ],
            [
              -73.0987007,
              6.3272958
            ],
            [
              -73.1003471,
              6.3272894
            ],
            [
              -73.1013607,
              6.3274121
            ],
            [
              -73.1014834,
              6.326398
            ],
            [
              -73.1014795,
              6.3253843
            ],
            [
              -73.1010961,
              6.3244988
            ],
            [
              -73.1010922,
              6.3234851
            ],
            [
              -73.101342,
              6.3225972
            ],
            [
              -73.1017185,
              6.3217087
            ],
            [
              -73.1018412,
              6.3206945
            ],
            [
              -73.1018309,
              6.3180336
            ],
            [
              -73.1023335,
              6.317018
            ],
            [
              -73.1030913,
              6.3165082
            ],
            [
              -73.1042306,
              6.316377
            ],
            [
              -73.1054956,
              6.3159919
            ],
            [
              -73.1075203,
              6.3156039
            ],
            [
              -73.1104331,
              6.3155925
            ],
            [
              -73.111321,
              6.3159692
            ],
            [
              -73.1133532,
              6.3174818
            ],
            [
              -73.114115,
              6.3179857
            ],
            [
              -73.1153849,
              6.3188677
            ],
            [
              -73.1160211,
              6.3196254
            ],
            [
              -73.1166578,
              6.3205099
            ],
            [
              -73.1184367,
              6.3220235
            ],
            [
              -73.1197031,
              6.3220185
            ],
            [
              -73.1202067,
              6.3212563
            ],
            [
              -73.1201848,
              6.3156811
            ],
            [
              -73.1200542,
              6.3146679
            ],
            [
              -73.1200502,
              6.3136542
            ],
            [
              -73.1195397,
              6.3126425
            ],
            [
              -73.1188498,
              6.3108953
            ],
            [
              -73.1188216,
              6.3107001
            ],
            [
              -73.1187971,
              6.3104047
            ],
            [
              -73.1187863,
              6.3102201
            ],
            [
              -73.1187727,
              6.3098202
            ],
            [
              -73.1187594,
              6.3088369
            ],
            [
              -73.1187534,
              6.3086618
            ],
            [
              -73.1187344,
              6.308343
            ],
            [
              -73.1186988,
              6.3080021
            ],
            [
              -73.1186708,
              6.3078079
            ],
            [
              -73.118638,
              6.307617
            ],
            [
              -73.1185612,
              6.3072367
            ],
            [
              -73.118402,
              6.306506
            ],
            [
              -73.1183432,
              6.3061784
            ],
            [
              -73.118324,
              6.3060384
            ],
            [
              -73.1183092,
              6.3058986
            ],
            [
              -73.1182986,
              6.3057424
            ],
            [
              -73.1182949,
              6.3055869
            ],
            [
              -73.118299,
              6.3054328
            ],
            [
              -73.1183118,
              6.3052799
            ],
            [
              -73.1183436,
              6.3050806
            ],
            [
              -73.1183727,
              6.3049566
            ],
            [
              -73.1184087,
              6.3048343
            ],
            [
              -73.1184472,
              6.3047245
            ],
            [
              -73.1184906,
              6.3046161
            ],
            [
              -73.1185396,
              6.3045068
            ],
            [
              -73.1185929,
              6.3043991
            ],
            [
              -73.118667,
              6.304263
            ],
            [
              -73.1187466,
              6.3041292
            ],
            [
              -73.1188308,
              6.3039976
            ],
            [
              -73.1189366,
              6.3038429
            ],
            [
              -73.1190468,
              6.3036905
            ],
            [
              -73.1192763,
              6.3033907
            ],
            [
              -73.1193846,
              6.3032305
            ],
            [
              -73.1197127,
              6.3028459
            ],
            [
              -73.1199025,
              6.3025933
            ],
            [
              -73.1200214,
              6.3024157
            ],
            [
              -73.1201295,
              6.3022321
            ],
            [
              -73.1202022,
              6.30209
            ],
            [
              -73.1202677,
              6.3019444
            ],
            [
              -73.1203249,
              6.3017986
            ],
            [
              -73.1203757,
              6.3016502
            ],
            [
              -73.1204351,
              6.3014477
            ],
            [
              -73.1204864,
              6.3012423
            ],
            [
              -73.1205314,
              6.3010347
            ],
            [
              -73.1205687,
              6.3008396
            ],
            [
              -73.1206313,
              6.300447
            ],
            [
              -73.1206762,
              6.3000611
            ],
            [
              -73.1206912,
              6.2998725
            ],
            [
              -73.1207007,
              6.2996845
            ],
            [
              -73.1207036,
              6.2995369
            ],
            [
              -73.1207021,
              6.2993903
            ],
            [
              -73.1206958,
              6.299245
            ],
            [
              -73.1206815,
              6.2990772
            ],
            [
              -73.1206592,
              6.2989125
            ],
            [
              -73.1206281,
              6.2987516
            ],
            [
              -73.1205869,
              6.2985956
            ],
            [
              -73.1205265,
              6.2984221
            ],
            [
              -73.1204075,
              6.2981157
            ],
            [
              -73.1203464,
              6.2979062
            ],
            [
              -73.1203167,
              6.2977411
            ],
            [
              -73.1203011,
              6.2975601
            ],
            [
              -73.1202914,
              6.2970611
            ],
            [
              -73.120285,
              6.2969364
            ],
            [
              -73.1202686,
              6.2967828
            ],
            [
              -73.12024,
              6.2966337
            ],
            [
              -73.1201866,
              6.2964656
            ],
            [
              -73.1201202,
              6.2963308
            ],
            [
              -73.1199948,
              6.2961544
            ],
            [
              -73.1197511,
              6.2958993
            ],
            [
              -73.1196522,
              6.2957908
            ],
            [
              -73.1195566,
              6.2956595
            ],
            [
              -73.1194941,
              6.2955402
            ],
            [
              -73.119451,
              6.2954132
            ],
            [
              -73.119429,
              6.2951914
            ],
            [
              -73.1194518,
              6.2949812
            ],
            [
              -73.1194872,
              6.2948128
            ],
            [
              -73.1195911,
              6.2943806
            ],
            [
              -73.1196158,
              6.2942509
            ],
            [
              -73.119635,
              6.2941227
            ],
            [
              -73.1196492,
              6.2939929
            ],
            [
              -73.1196616,
              6.2937792
            ],
            [
              -73.1196618,
              6.2935633
            ],
            [
              -73.1196497,
              6.2933292
            ],
            [
              -73.1196316,
              6.2931357
            ],
            [
              -73.1196084,
              6.2929419
            ],
            [
              -73.1195078,
              6.2922211
            ],
            [
              -73.1194731,
              6.2919251
            ],
            [
              -73.1194483,
              6.2916452
            ],
            [
              -73.1194133,
              6.2911097
            ],
            [
              -73.1193871,
              6.2907875
            ],
            [
              -73.1193689,
              6.2906332
            ],
            [
              -73.1193458,
              6.2904819
            ],
            [
              -73.1192501,
              6.2899986
            ],
            [
              -73.1192358,
              6.2898684
            ],
            [
              -73.1192407,
              6.2897157
            ],
            [
              -73.1192882,
              6.2895121
            ],
            [
              -73.1193994,
              6.2892852
            ],
            [
              -73.1195225,
              6.2891148
            ],
            [
              -73.1196012,
              6.289024
            ],
            [
              -73.1196868,
              6.288935
            ],
            [
              -73.119808,
              6.2888213
            ],
            [
              -73.1199384,
              6.2887104
            ],
            [
              -73.1201059,
              6.2885799
            ],
            [
              -73.1202823,
              6.2884524
            ],
            [
              -73.1204648,
              6.2883279
            ],
            [
              -73.120836,
              6.28809
            ],
            [
              -73.1215706,
              6.2876404
            ],
            [
              -73.1219306,
              6.2875422
            ],
            [
              -73.1222251,
              6.2877229
            ],
            [
              -73.1247973,
              6.2894209
            ],
            [
              -73.1255669,
              6.2898949
            ],
            [
              -73.1259917,
              6.2901377
            ],
            [
              -73.126773,
              6.2905418
            ],
            [
              -73.1276165,
              6.2909109
            ],
            [
              -73.1281573,
              6.2911098
            ],
            [
              -73.1287929,
              6.2913062
            ],
            [
              -73.1294206,
              6.2914598
            ],
            [
              -73.1299965,
              6.2915627
            ],
            [
              -73.1305342,
              6.2916201
            ],
            [
              -73.1310074,
              6.291628
            ],
            [
              -73.1313789,
              6.2915828
            ],
            [
              -73.1314832,
              6.2915513
            ],
            [
              -73.1315846,
              6.2914947
            ],
            [
              -73.1316171,
              6.2914543
            ],
            [
              -73.131633,
              6.2910473
            ],
            [
              -73.1315721,
              6.2907142
            ],
            [
              -73.1317504,
              6.290774
            ],
            [
              -73.1322034,
              6.2908802
            ],
            [
              -73.1326777,
              6.2909472
            ],
            [
              -73.1331569,
              6.2909745
            ],
            [
              -73.1335957,
              6.2909674
            ],
            [
              -73.1342447,
              6.2909068
            ],
            [
              -73.1350065,
              6.2907768
            ],
            [
              -73.1368899,
              6.2903809
            ],
            [
              -73.137502,
              6.2903727
            ],
            [
              -73.1382379,
              6.2903269
            ],
            [
              -73.1386533,
              6.2902333
            ],
            [
              -73.1390089,
              6.2902543
            ],
            [
              -73.1393181,
              6.2902909
            ],
            [
              -73.1395928,
              6.2903394
            ],
            [
              -73.1400574,
              6.2904608
            ],
            [
              -73.1404859,
              6.2906236
            ],
            [
              -73.1408168,
              6.2907867
            ],
            [
              -73.1408503,
              6.2908068
            ],
            [
              -73.1412466,
              6.2910497
            ],
            [
              -73.1415299,
              6.2912457
            ],
            [
              -73.1431578,
              6.2925235
            ],
            [
              -73.1438477,
              6.2930974
            ],
            [
              -73.14437,
              6.2936157
            ],
            [
              -73.1446782,
              6.293987
            ],
            [
              -73.1449714,
              6.2944136
            ],
            [
              -73.1451055,
              6.2946445
            ],
            [
              -73.1453358,
              6.2951271
            ],
            [
              -73.1454685,
              6.2954925
            ],
            [
              -73.1455612,
              6.2958277
            ],
            [
              -73.1456325,
              6.2961942
            ],
            [
              -73.1456768,
              6.2965954
            ],
            [
              -73.145687,
              6.2970515
            ],
            [
              -73.145654,
              6.2975325
            ],
            [
              -73.1455704,
              6.2980484
            ],
            [
              -73.1455168,
              6.2982811
            ],
            [
              -73.1453177,
              6.2989256
            ],
            [
              -73.1451023,
              6.2994563
            ],
            [
              -73.1448402,
              6.3000046
            ],
            [
              -73.1437887,
              6.3019625
            ],
            [
              -73.1434822,
              6.3025928
            ],
            [
              -73.1431631,
              6.3033443
            ],
            [
              -73.1430218,
              6.3037237
            ],
            [
              -73.1427719,
              6.3045034
            ],
            [
              -73.1425614,
              6.3053391
            ],
            [
              -73.1423942,
              6.3062537
            ],
            [
              -73.1422824,
              6.3072245
            ],
            [
              -73.142247,
              6.3077725
            ],
            [
              -73.1422308,
              6.3088492
            ],
            [
              -73.1422654,
              6.309719
            ],
            [
              -73.142491,
              6.3124186
            ],
            [
              -73.1425241,
              6.3131998
            ],
            [
              -73.1425121,
              6.3139671
            ],
            [
              -73.1424551,
              6.3146389
            ],
            [
              -73.1423338,
              6.3153881
            ],
            [
              -73.1421284,
              6.3162231
            ],
            [
              -73.1418394,
              6.3171173
            ],
            [
              -73.1411476,
              6.3189273
            ],
            [
              -73.1407272,
              6.3200929
            ],
            [
              -73.1405053,
              6.3208273
            ],
            [
              -73.1402829,
              6.3217699
            ],
            [
              -73.1401697,
              6.3224277
            ],
            [
              -73.1400868,
              6.3231099
            ],
            [
              -73.1400353,
              6.3238243
            ],
            [
              -73.1400173,
              6.3245698
            ],
            [
              -73.1400345,
              6.3253498
            ],
            [
              -73.1400887,
              6.3261655
            ],
            [
              -73.1401819,
              6.3270189
            ],
            [
              -73.1402972,
              6.3277981
            ],
            [
              -73.1404469,
              6.3286114
            ],
            [
              -73.1406281,
              6.3294333
            ],
            [
              -73.1408251,
              6.3302018
            ],
            [
              -73.1410373,
              6.330929
            ],
            [
              -73.1412669,
              6.3316293
            ],
            [
              -73.1415123,
              6.3323006
            ],
            [
              -73.1417721,
              6.3329419
            ],
            [
              -73.1420335,
              6.3335284
            ],
            [
              -73.1423055,
              6.3340863
            ],
            [
              -73.1425866,
              6.3346156
            ],
            [
              -73.1428754,
              6.3351168
            ],
            [
              -73.1432073,
              6.3356477
            ],
            [
              -73.1435605,
              6.3361677
            ],
            [
              -73.143932,
              6.3366723
            ],
            [
              -73.1443227,
              6.3371625
            ],
            [
              -73.1447476,
              6.3376554
            ],
            [
              -73.145193,
              6.3381332
            ],
            [
              -73.1456592,
              6.3385959
            ],
            [
              -73.146146,
              6.3390439
            ],
            [
              -73.1466534,
              6.3394774
            ],
            [
              -73.1471813,
              6.3398967
            ],
            [
              -73.1477296,
              6.3403025
            ],
            [
              -73.1482977,
              6.3406956
            ],
            [
              -73.148885,
              6.3410771
            ],
            [
              -73.1494906,
              6.3414488
            ],
            [
              -73.1527117,
              6.3432854
            ],
            [
              -73.1533629,
              6.3436976
            ],
            [
              -73.1536768,
              6.343915
            ],
            [
              -73.1541139,
              6.3442442
            ],
            [
              -73.1545348,
              6.3445928
            ],
            [
              -73.1551104,
              6.3451244
            ],
            [
              -73.155661,
              6.3456996
            ],
            [
              -73.1559967,
              6.3460872
            ],
            [
              -73.1563136,
              6.3464825
            ],
            [
              -73.1566121,
              6.3468847
            ],
            [
              -73.1571557,
              6.3477077
            ],
            [
              -73.1576307,
              6.3485523
            ],
            [
              -73.1580395,
              6.3494161
            ],
            [
              -73.1583847,
              6.3502972
            ],
            [
              -73.1586099,
              6.3509901
            ],
            [
              -73.1588002,
              6.351692
            ],
            [
              -73.1590192,
              6.3527312
            ],
            [
              -73.1591227,
              6.3533766
            ],
            [
              -73.1593908,
              6.3553963
            ],
            [
              -73.1594018,
              6.3554795
            ],
            [
              -73.1594861,
              6.3559535
            ],
            [
              -73.1594896,
              6.355973
            ],
            [
              -73.1595077,
              6.3560749
            ],
            [
              -73.159622,
              6.3558388
            ],
            [
              -73.159877,
              6.3558402
            ],
            [
              -73.1600855,
              6.3558327
            ],
            [
              -73.1603175,
              6.3558129
            ],
            [
              -73.1605437,
              6.3557798
            ],
            [
              -73.1606847,
              6.3557513
            ],
            [
              -73.1608248,
              6.3557168
            ],
            [
              -73.1609835,
              6.3556701
            ],
            [
              -73.161139,
              6.3556162
            ],
            [
              -73.1612869,
              6.3555569
            ],
            [
              -73.1613627,
              6.3555222
            ],
            [
              -73.1614303,
              6.3554912
            ],
            [
              -73.1615525,
              6.3554283
            ],
            [
              -73.1616705,
              6.3553609
            ],
            [
              -73.1618115,
              6.3552705
            ],
            [
              -73.1619453,
              6.3551735
            ],
            [
              -73.1620478,
              6.3550905
            ],
            [
              -73.1621451,
              6.3550032
            ],
            [
              -73.162252,
              6.3548961
            ],
            [
              -73.1623514,
              6.3547836
            ],
            [
              -73.1624314,
              6.3546817
            ],
            [
              -73.1625056,
              6.3545761
            ],
            [
              -73.1625467,
              6.3545191
            ],
            [
              -73.1625751,
              6.3544653
            ],
            [
              -73.1626202,
              6.3543844
            ],
            [
              -73.1626387,
              6.3543511
            ],
            [
              -73.1627291,
              6.3541602
            ],
            [
              -73.1627756,
              6.3540453
            ],
            [
              -73.1628177,
              6.3539285
            ],
            [
              -73.1628829,
              6.3537173
            ],
            [
              -73.1629337,
              6.3535224
            ],
            [
              -73.1630732,
              6.3529062
            ],
            [
              -73.1631593,
              6.3525673
            ],
            [
              -73.1632037,
              6.3524181
            ],
            [
              -73.1632071,
              6.3522557
            ],
            [
              -73.1633133,
              6.3521078
            ],
            [
              -73.1633798,
              6.3519477
            ],
            [
              -73.163452,
              6.3517904
            ],
            [
              -73.1635767,
              6.3515514
            ],
            [
              -73.1636568,
              6.3514158
            ],
            [
              -73.163742,
              6.3512836
            ],
            [
              -73.1638136,
              6.3511811
            ],
            [
              -73.1638885,
              6.3510809
            ],
            [
              -73.1640214,
              6.3509188
            ],
            [
              -73.1641337,
              6.3507945
            ],
            [
              -73.1642508,
              6.3506745
            ],
            [
              -73.1643867,
              6.3505452
            ],
            [
              -73.1645271,
              6.3504203
            ],
            [
              -73.1647048,
              6.3502724
            ],
            [
              -73.1649653,
              6.3500725
            ],
            [
              -73.1650992,
              6.3499776
            ],
            [
              -73.1652779,
              6.3498597
            ],
            [
              -73.1654534,
              6.3497547
            ],
            [
              -73.1657105,
              6.3496171
            ],
            [
              -73.1660722,
              6.3494447
            ],
            [
              -73.1664322,
              6.3492871
            ],
            [
              -73.1673554,
              6.3488974
            ],
            [
              -73.1675525,
              6.3488092
            ],
            [
              -73.167746,
              6.348717
            ],
            [
              -73.1679344,
              6.3486187
            ],
            [
              -73.1680541,
              6.34855
            ],
            [
              -73.1681702,
              6.348477
            ],
            [
              -73.1683204,
              6.3483699
            ],
            [
              -73.1684605,
              6.348252
            ],
            [
              -73.1685453,
              6.3481686
            ],
            [
              -73.1686247,
              6.34808
            ],
            [
              -73.1687295,
              6.3479445
            ],
            [
              -73.1687749,
              6.3478772
            ],
            [
              -73.168826,
              6.3478014
            ],
            [
              -73.1688932,
              6.3476923
            ],
            [
              -73.1692244,
              6.3471094
            ],
            [
              -73.169301,
              6.3469846
            ],
            [
              -73.1694196,
              6.3468136
            ],
            [
              -73.1695266,
              6.3466842
            ],
            [
              -73.1697145,
              6.3464999
            ],
            [
              -73.1698226,
              6.3464154
            ],
            [
              -73.1699363,
              6.3463377
            ],
            [
              -73.1701092,
              6.3462344
            ],
            [
              -73.1707171,
              6.3459134
            ],
            [
              -73.1708958,
              6.3458107
            ],
            [
              -73.1714351,
              6.3454607
            ],
            [
              -73.1715683,
              6.3453819
            ],
            [
              -73.171705,
              6.3453094
            ],
            [
              -73.1718201,
              6.3452559
            ],
            [
              -73.1719377,
              6.3452078
            ],
            [
              -73.1721098,
              6.3451486
            ],
            [
              -73.1722714,
              6.3450499
            ],
            [
              -73.1724248,
              6.3450685
            ],
            [
              -73.1725653,
              6.3450426
            ],
            [
              -73.172729,
              6.3450187
            ],
            [
              -73.1728941,
              6.3450006
            ],
            [
              -73.1730564,
              6.3449879
            ],
            [
              -73.173384,
              6.3449746
            ],
            [
              -73.1737141,
              6.3449744
            ],
            [
              -73.1738972,
              6.3449789
            ],
            [
              -73.1742635,
              6.344996
            ],
            [
              -73.1746295,
              6.3450233
            ],
            [
              -73.1748122,
              6.345041
            ],
            [
              -73.1752279,
              6.345093
            ],
            [
              -73.1756075,
              6.3451546
            ],
            [
              -73.1761285,
              6.3452505
            ],
            [
              -73.1765204,
              6.3453159
            ],
            [
              -73.1767392,
              6.3453455
            ],
            [
              -73.1769977,
              6.3453718
            ],
            [
              -73.1773674,
              6.3453946
            ],
            [
              -73.1777382,
              6.3454043
            ],
            [
              -73.1781097,
              6.3454052
            ],
            [
              -73.1786251,
              6.3453957
            ],
            [
              -73.1789645,
              6.3453796
            ],
            [
              -73.1791321,
              6.3453676
            ],
            [
              -73.1794771,
              6.3453325
            ],
            [
              -73.179948,
              6.3452662
            ],
            [
              -73.1803093,
              6.3452063
            ],
            [
              -73.1806928,
              6.3451372
            ],
            [
              -73.1812529,
              6.3450245
            ],
            [
              -73.1814373,
              6.3449822
            ],
            [
              -73.1816671,
              6.3449233
            ],
            [
              -73.1818715,
              6.3448623
            ],
            [
              -73.1820404,
              6.3448032
            ],
            [
              -73.182204,
              6.3447356
            ],
            [
              -73.182318,
              6.3446804
            ],
            [
              -73.1824279,
              6.3446192
            ],
            [
              -73.1825846,
              6.344514
            ],
            [
              -73.1826811,
              6.3444353
            ],
            [
              -73.1827711,
              6.3443495
            ],
            [
              -73.1829039,
              6.3441938
            ],
            [
              -73.1829953,
              6.3440606
            ],
            [
              -73.1830779,
              6.3439198
            ],
            [
              -73.1831778,
              6.3437257
            ],
            [
              -73.1833679,
              6.3433217
            ],
            [
              -73.183466,
              6.3431263
            ],
            [
              -73.1835782,
              6.3429319
            ],
            [
              -73.183652,
              6.3428216
            ],
            [
              -73.1837318,
              6.342716
            ],
            [
              -73.1838264,
              6.3426062
            ],
            [
              -73.1839278,
              6.3425025
            ],
            [
              -73.1840775,
              6.3423686
            ],
            [
              -73.184236,
              6.3422431
            ],
            [
              -73.1844012,
              6.3421241
            ],
            [
              -73.1845711,
              6.3420099
            ],
            [
              -73.1847443,
              6.3418995
            ],
            [
              -73.1850923,
              6.3416919
            ],
            [
              -73.1852694,
              6.3415944
            ],
            [
              -73.1854055,
              6.3415242
            ],
            [
              -73.1855433,
              6.3414582
            ],
            [
              -73.1856811,
              6.3413978
            ],
            [
              -73.1858732,
              6.3413246
            ],
            [
              -73.1861759,
              6.341231
            ],
            [
              -73.1864645,
              6.3411518
            ],
            [
              -73.1866609,
              6.3410899
            ],
            [
              -73.1868224,
              6.3410278
            ],
            [
              -73.1869791,
              6.3409552
            ],
            [
              -73.1871101,
              6.3408836
            ],
            [
              -73.1872362,
              6.3408035
            ],
            [
              -73.1873292,
              6.3407365
            ],
            [
              -73.1874191,
              6.3406648
            ],
            [
              -73.1875414,
              6.3405561
            ],
            [
              -73.1876587,
              6.3404404
            ],
            [
              -73.1877718,
              6.340319
            ],
            [
              -73.187884,
              6.3401899
            ],
            [
              -73.1881012,
              6.3399216
            ],
            [
              -73.1885798,
              6.3392979
            ],
            [
              -73.1888449,
              6.3389665
            ],
            [
              -73.1889571,
              6.3388352
            ],
            [
              -73.1890726,
              6.3387072
            ],
            [
              -73.1891893,
              6.338586
            ],
            [
              -73.1893107,
              6.3384696
            ],
            [
              -73.1894446,
              6.3383529
            ],
            [
              -73.1895846,
              6.3382427
            ],
            [
              -73.1897547,
              6.3381223
            ],
            [
              -73.189931,
              6.3380081
            ],
            [
              -73.190458,
              6.3376848
            ],
            [
              -73.1906433,
              6.3375641
            ],
            [
              -73.1908283,
              6.3374377
            ],
            [
              -73.1910131,
              6.3373059
            ],
            [
              -73.1911977,
              6.3371685
            ],
            [
              -73.1913817,
              6.3370255
            ],
            [
              -73.1915674,
              6.3368742
            ],
            [
              -73.1917506,
              6.336718
            ],
            [
              -73.1919214,
              6.3365654
            ],
            [
              -73.1921005,
              6.3363979
            ],
            [
              -73.1922511,
              6.3362513
            ],
            [
              -73.1924448,
              6.336055
            ],
            [
              -73.1926032,
              6.3358855
            ],
            [
              -73.1942677,
              6.3347361
            ],
            [
              -73.195776,
              6.3337211
            ],
            [
              -73.1969441,
              6.3316987
            ],
            [
              -73.1977795,
              6.3305183
            ],
            [
              -73.1987837,
              6.3295054
            ],
            [
              -73.2011377,
              6.3298321
            ],
            [
              -73.2036618,
              6.3306624
            ],
            [
              -73.2050137,
              6.3325064
            ],
            [
              -73.2057089,
              6.331585
            ],
            [
              -73.206391,
              6.3307985
            ],
            [
              -73.2071714,
              6.3301096
            ],
            [
              -73.2080498,
              6.3294203
            ],
            [
              -73.2095136,
              6.3282388
            ],
            [
              -73.210879,
              6.3269597
            ],
            [
              -73.2120463,
              6.3250937
            ],
            [
              -73.2126269,
              6.323426
            ],
            [
              -73.2126164,
              6.3208791
            ],
            [
              -73.2125089,
              6.3185285
            ],
            [
              -73.2124005,
              6.315982
            ],
            [
              -73.2125907,
              6.3146098
            ],
            [
              -73.2135629,
              6.3129404
            ],
            [
              -73.2164976,
              6.3123406
            ],
            [
              -73.2184557,
              6.3123326
            ],
            [
              -73.220608,
              6.3119319
            ],
            [
              -73.2223694,
              6.3117287
            ],
            [
              -73.2262827,
              6.3110269
            ],
            [
              -73.2273572,
              6.3104347
            ],
            [
              -73.2290211,
              6.3103299
            ],
            [
              -73.2305876,
              6.3103234
            ],
            [
              -73.2321511,
              6.3096312
            ],
            [
              -73.2330682,
              6.3090755
            ],
            [
              -73.2315975,
              6.3083235
            ],
            [
              -73.2304543,
              6.3074414
            ],
            [
              -73.2279836,
              6.3064644
            ],
            [
              -73.2279177,
              6.3064383
            ],
            [
              -73.2251321,
              6.3064498
            ],
            [
              -73.2214606,
              6.3065916
            ],
            [
              -73.219689,
              6.3068523
            ],
            [
              -73.2165235,
              6.3068653
            ],
            [
              -73.2148717,
              6.3054784
            ],
            [
              -73.2125848,
              6.3035874
            ],
            [
              -73.2115671,
              6.3024513
            ],
            [
              -73.2090218,
              6.2992943
            ],
            [
              -73.2078657,
              6.2952448
            ],
            [
              -73.2078497,
              6.2913174
            ],
            [
              -73.2079696,
              6.2896698
            ],
            [
              -73.2064404,
              6.2872689
            ],
            [
              -73.2047867,
              6.2853752
            ],
            [
              -73.2030032,
              6.2827218
            ],
            [
              -73.2010317,
              6.2648658
            ],
            [
              -73.2017836,
              6.2629623
            ],
            [
              -73.201776,
              6.2610619
            ],
            [
              -73.2005006,
              6.2587865
            ],
            [
              -73.2006196,
              6.2568856
            ],
            [
              -73.202386,
              6.2553581
            ],
            [
              -73.203261,
              6.2525673
            ],
            [
              -73.2032543,
              6.2509203
            ],
            [
              -73.2036301,
              6.2499052
            ],
            [
              -73.2048844,
              6.2469861
            ],
            [
              -73.2053831,
              6.2450837
            ],
            [
              -73.206132,
              6.2424201
            ],
            [
              -73.2061243,
              6.2405197
            ],
            [
              -73.2062392,
              6.2376052
            ],
            [
              -73.2062121,
              6.2308905
            ],
            [
              -73.2068354,
              6.2284808
            ],
            [
              -73.2073357,
              6.2269584
            ],
            [
              -73.2059339,
              6.2246835
            ],
            [
              -73.2050375,
              6.2221532
            ],
            [
              -73.2057867,
              6.2195783
            ],
            [
              -73.2066623,
              6.2169269
            ],
            [
              -73.2075377,
              6.2142627
            ],
            [
              -73.2075224,
              6.2104619
            ],
            [
              -73.2073892,
              6.2088154
            ],
            [
              -73.2083954,
              6.2071644
            ],
            [
              -73.2087711,
              6.2061493
            ],
            [
              -73.208767,
              6.2051357
            ],
            [
              -73.2078722,
              6.2029855
            ],
            [
              -73.2066017,
              6.2018504
            ],
            [
              -73.2065946,
              6.2000767
            ],
            [
              -73.2077273,
              6.1984251
            ],
            [
              -73.2088606,
              6.1969002
            ],
            [
              -73.2105032,
              6.1961334
            ],
            [
              -73.2117656,
              6.1952415
            ],
            [
              -73.2136599,
              6.1940936
            ],
            [
              -73.2155497,
              6.1918054
            ],
            [
              -73.2174363,
              6.1887572
            ],
            [
              -73.2179345,
              6.1867281
            ],
            [
              -73.218814,
              6.1850775
            ],
            [
              -73.2198221,
              6.1839332
            ],
            [
              -73.2213305,
              6.1812665
            ],
            [
              -73.2208134,
              6.178608
            ],
            [
              -73.2204265,
              6.1768359
            ],
            [
              -73.2206716,
              6.1748078
            ],
            [
              -73.2215495,
              6.1727771
            ],
            [
              -73.2229298,
              6.1697309
            ],
            [
              -73.224435,
              6.1663041
            ],
            [
              -73.2256917,
              6.1640185
            ],
            [
              -73.2274563,
              6.162111
            ],
            [
              -73.2296056,
              6.1614689
            ],
            [
              -73.2354285,
              6.1614453
            ],
            [
              -73.2368184,
              6.1608062
            ],
            [
              -73.2374472,
              6.1597902
            ],
            [
              -73.23744,
              6.1580165
            ],
            [
              -73.2366708,
              6.1556124
            ],
            [
              -73.2361573,
              6.1538408
            ],
            [
              -73.235261,
              6.1513106
            ],
            [
              -73.2341141,
              6.1494148
            ],
            [
              -73.2324568,
              6.1465075
            ],
            [
              -73.2310555,
              6.1442961
            ],
            [
              -73.2299107,
              6.142907
            ],
            [
              -73.2291482,
              6.1421499
            ],
            [
              -73.2291441,
              6.1411364
            ],
            [
              -73.2305309,
              6.1397372
            ],
            [
              -73.2312847,
              6.1383405
            ],
            [
              -73.2315328,
              6.1370726
            ],
            [
              -73.2324143,
              6.1359288
            ],
            [
              -73.2327904,
              6.1350404
            ],
            [
              -73.2329109,
              6.1335196
            ],
            [
              -73.2327777,
              6.1318732
            ],
            [
              -73.2323893,
              6.1297209
            ],
            [
              -73.2323842,
              6.128454
            ],
            [
              -73.2332677,
              6.127817
            ],
            [
              -73.2341522,
              6.1274334
            ],
            [
              -73.2354915,
              6.1274673
            ],
            [
              -73.2363315,
              6.1276387
            ],
            [
              -73.2373551,
              6.1277589
            ],
            [
              -73.2380431,
              6.1278594
            ],
            [
              -73.2372735,
              6.1273985
            ],
            [
              -73.2365101,
              6.1269073
            ],
            [
              -73.2353883,
              6.1261201
            ],
            [
              -73.2344406,
              6.1253871
            ],
            [
              -73.2338311,
              6.1248783
            ],
            [
              -73.2332252,
              6.1243401
            ],
            [
              -73.2326117,
              6.1237593
            ],
            [
              -73.2320078,
              6.1231492
            ],
            [
              -73.2314166,
              6.1225111
            ],
            [
              -73.2308411,
              6.1218469
            ],
            [
              -73.2302847,
              6.1211586
            ],
            [
              -73.2297508,
              6.1204487
            ],
            [
              -73.2292431,
              6.11972
            ],
            [
              -73.2287655,
              6.1189753
            ],
            [
              -73.2284488,
              6.1184422
            ],
            [
              -73.2281483,
              6.1179002
            ],
            [
              -73.2278521,
              6.1173219
            ],
            [
              -73.227476,
              6.1165029
            ],
            [
              -73.2272646,
              6.1159729
            ],
            [
              -73.2268293,
              6.1124753
            ],
            [
              -73.2269819,
              6.1118662
            ],
            [
              -73.2276338,
              6.1101493
            ],
            [
              -73.227663,
              6.109226
            ],
            [
              -73.227652,
              6.1064567
            ],
            [
              -73.2280754,
              6.1052681
            ],
            [
              -73.2284013,
              6.1043766
            ],
            [
              -73.2289246,
              6.1034514
            ],
            [
              -73.2293162,
              6.1025597
            ],
            [
              -73.2294106,
              6.1014384
            ],
            [
              -73.2294068,
              6.1004823
            ],
            [
              -73.2294359,
              6.0995261
            ],
            [
              -73.2295309,
              6.0985696
            ],
            [
              -73.2297571,
              6.0974807
            ],
            [
              -73.229885,
              6.0965241
            ],
            [
              -73.2304749,
              6.0957635
            ],
            [
              -73.2307675,
              6.0948062
            ],
            [
              -73.2310274,
              6.093915
            ],
            [
              -73.23165,
              6.0931213
            ],
            [
              -73.2322071,
              6.0923937
            ],
            [
              -73.232731,
              6.0916334
            ],
            [
              -73.233321,
              6.0909057
            ],
            [
              -73.2334805,
              6.089616
            ],
            [
              -73.2334751,
              6.0882643
            ],
            [
              -73.2336688,
              6.0872744
            ],
            [
              -73.2340606,
              6.0864157
            ],
            [
              -73.2343525,
              6.0852936
            ],
            [
              -73.2344796,
              6.0841062
            ],
            [
              -73.2348052,
              6.0831818
            ],
            [
              -73.2346698,
              6.0822592
            ],
            [
              -73.2346613,
              6.0801162
            ],
            [
              -73.2347225,
              6.0789621
            ],
            [
              -73.2349166,
              6.0780712
            ],
            [
              -73.2351433,
              6.0771142
            ],
            [
              -73.2352055,
              6.0761908
            ],
            [
              -73.2352018,
              6.0752677
            ],
            [
              -73.2349996,
              6.0741146
            ],
            [
              -73.2348623,
              6.0726975
            ],
            [
              -73.2345952,
              6.0718084
            ],
            [
              -73.2345771,
              6.0672522
            ],
            [
              -73.2349643,
              6.0652395
            ],
            [
              -73.235026,
              6.0641843
            ],
            [
              -73.2349881,
              6.0629316
            ],
            [
              -73.2349836,
              6.0618107
            ],
            [
              -73.2351765,
              6.0606231
            ],
            [
              -73.2360277,
              6.0593339
            ],
            [
              -73.2365843,
              6.0585075
            ],
            [
              -73.2372379,
              6.0572191
            ],
            [
              -73.2380238,
              6.056095
            ],
            [
              -73.2387131,
              6.0554988
            ],
            [
              -73.2392035,
              6.0546067
            ],
            [
              -73.2393326,
              6.0539468
            ],
            [
              -73.2394884,
              6.0531166
            ],
            [
              -73.2389329,
              6.0528044
            ],
            [
              -73.2373152,
              6.0518218
            ],
            [
              -73.2360614,
              6.0512333
            ],
            [
              -73.235171,
              6.0509402
            ],
            [
              -73.2336225,
              6.0507815
            ],
            [
              -73.2327002,
              6.0507522
            ],
            [
              -73.2315464,
              6.05046
            ],
            [
              -73.2303594,
              6.050135
            ],
            [
              -73.2295015,
              6.0497098
            ],
            [
              -73.2287092,
              6.0492514
            ],
            [
              -73.2278842,
              6.0488261
            ],
            [
              -73.2264681,
              6.0488317
            ],
            [
              -73.2251522,
              6.0491996
            ],
            [
              -73.2244629,
              6.0497957
            ],
            [
              -73.2243703,
              6.0501334
            ],
            [
              -73.2239382,
              6.0478323
            ],
            [
              -73.2219623,
              6.0447925
            ],
            [
              -73.2196065,
              6.0425887
            ],
            [
              -73.2170184,
              6.0407831
            ],
            [
              -73.2165171,
              6.0405163
            ],
            [
              -73.2158204,
              6.0400656
            ],
            [
              -73.2150078,
              6.0395217
            ],
            [
              -73.2142214,
              6.0389606
            ],
            [
              -73.2135452,
              6.0384357
            ],
            [
              -73.2128594,
              6.0378461
            ],
            [
              -73.21226,
              6.0372654
            ],
            [
              -73.2117312,
              6.036685
            ],
            [
              -73.2112619,
              6.0361003
            ],
            [
              -73.2108358,
              6.0354979
            ],
            [
              -73.2104214,
              6.0348318
            ],
            [
              -73.210017,
              6.0340907
            ],
            [
              -73.209618,
              6.0332568
            ],
            [
              -73.2092944,
              6.0324992
            ],
            [
              -73.2089561,
              6.0316305
            ],
            [
              -73.2077319,
              6.0282231
            ],
            [
              -73.2073396,
              6.0272383
            ],
            [
              -73.2069425,
              6.0263558
            ],
            [
              -73.2065249,
              6.0255519
            ],
            [
              -73.2060862,
              6.0248302
            ],
            [
              -73.2056345,
              6.0241983
            ],
            [
              -73.2051673,
              6.0236427
            ],
            [
              -73.2046387,
              6.0231118
            ],
            [
              -73.2043431,
              6.0228524
            ],
            [
              -73.2040386,
              6.0226093
            ],
            [
              -73.2037143,
              6.0223739
            ],
            [
              -73.2033641,
              6.0221436
            ],
            [
              -73.2029879,
              6.02192
            ],
            [
              -73.2025825,
              6.0217029
            ],
            [
              -73.2021435,
              6.0214913
            ],
            [
              -73.2013564,
              6.0211613
            ],
            [
              -73.2004312,
              6.0208331
            ],
            [
              -73.1995068,
              6.0205476
            ],
            [
              -73.196552,
              6.0197112
            ],
            [
              -73.1953419,
              6.019321
            ],
            [
              -73.1947879,
              6.0191196
            ],
            [
              -73.193788,
              6.0187096
            ],
            [
              -73.1932578,
              6.0184648
            ],
            [
              -73.1925109,
              6.0180866
            ],
            [
              -73.1921061,
              6.0178654
            ],
            [
              -73.1913079,
              6.0173968
            ],
            [
              -73.1901827,
              6.0166636
            ],
            [
              -73.1894667,
              6.0161525
            ],
            [
              -73.1887674,
              6.0156192
            ],
            [
              -73.1880859,
              6.015066
            ],
            [
              -73.1875466,
              6.0146039
            ],
            [
              -73.1870199,
              6.0141311
            ],
            [
              -73.1860056,
              6.0131576
            ],
            [
              -73.1854028,
              6.0125383
            ],
            [
              -73.1844713,
              6.0115202
            ],
            [
              -73.1834906,
              6.0103597
            ],
            [
              -73.1830169,
              6.0097549
            ],
            [
              -73.1823626,
              6.0088478
            ],
            [
              -73.1818422,
              6.0080374
            ],
            [
              -73.1814148,
              6.0072778
            ],
            [
              -73.1810683,
              6.0065621
            ],
            [
              -73.1807782,
              6.0058466
            ],
            [
              -73.1806599,
              6.005505
            ],
            [
              -73.1804713,
              6.0048547
            ],
            [
              -73.1803396,
              6.0042498
            ],
            [
              -73.1802927,
              6.0039656
            ],
            [
              -73.1802313,
              6.0034272
            ],
            [
              -73.1802103,
              6.0028406
            ],
            [
              -73.1802383,
              6.002427
            ],
            [
              -73.1802999,
              6.0022574
            ],
            [
              -73.1802306,
              6.0011333
            ],
            [
              -73.1792505,
              5.9996562
            ],
            [
              -73.1779896,
              5.9981786
            ],
            [
              -73.1766583,
              5.9969117
            ],
            [
              -73.1762471,
              5.9959422
            ]
          ]
        ]
      },
      "id": "relation/1315422"
    }
  ]
}