{
  "type": "FeatureCollection",
  "features": [
    {
      "type": "Feature",
      "properties": {
        "@id": "relation/1315450",
        "DANE:area": "296.00",
        "DANE:departamento": "68",
        "admin_level": "6",
        "boundary": "administrative",
        "clcfile": "MunicipiosDepartamentos/ADM_Municipios.shp",
        "divipola": "68770",
        "entidad_te": "Cabecera Municipal",
        "is_in:country": "Colombia",
        "is_in:state": "Santander",
        "name": "Suaita",
        "objectid": "3734",
        "source": "OCHA - SIGOT",
        "type": "boundary",
        "wikidata": "Q2434325",
        "wikipedia": "es:Suaita"
      },
      "geometry": {
        "type": "Polygon",
        "coordinates": [
          [
            [
              -73.4744951,
              6.1560352
            ],
            [
              -73.4742933,
              6.1556947
            ],
            [
              -73.4741193,
              6.1553014
            ],
            [
              -73.4739947,
              6.1548922
            ],
            [
              -73.4739086,
              6.1544061
            ],
            [
              -73.4738783,
              6.1538319
            ],
            [
              -73.4739249,
              6.1531515
            ],
            [
              -73.4740631,
              6.1524034
            ],
            [
              -73.4742872,
              6.1516387
            ],
            [
              -73.474565,
              6.1509328
            ],
            [
              -73.4747608,
              6.1505192
            ],
            [
              -73.4751309,
              6.149852
            ],
            [
              -73.4753394,
              6.1489125
            ],
            [
              -73.4762464,
              6.148283
            ],
            [
              -73.4777045,
              6.1465066
            ],
            [
              -73.4780214,
              6.1460995
            ],
            [
              -73.4785812,
              6.1453113
            ],
            [
              -73.4788296,
              6.1449163
            ],
            [
              -73.4790441,
              6.1445409
            ],
            [
              -73.4793918,
              6.1438323
            ],
            [
              -73.4796466,
              6.143192
            ],
            [
              -73.4798577,
              6.1425469
            ],
            [
              -73.4804137,
              6.1405522
            ],
            [
              -73.4806695,
              6.1398182
            ],
            [
              -73.4808013,
              6.1395053
            ],
            [
              -73.481073,
              6.1389615
            ],
            [
              -73.4812917,
              6.1385945
            ],
            [
              -73.4815509,
              6.1382149
            ],
            [
              -73.4818229,
              6.1378633
            ],
            [
              -73.4823623,
              6.137261
            ],
            [
              -73.4835854,
              6.1360776
            ],
            [
              -73.4840729,
              6.1355676
            ],
            [
              -73.4855628,
              6.1338256
            ],
            [
              -73.486099,
              6.1332292
            ],
            [
              -73.4877436,
              6.1315359
            ],
            [
              -73.4885426,
              6.1306777
            ],
            [
              -73.4891015,
              6.1299882
            ],
            [
              -73.4893573,
              6.129624
            ],
            [
              -73.4907568,
              6.1280953
            ],
            [
              -73.4904596,
              6.1264241
            ],
            [
              -73.4906438,
              6.1241897
            ],
            [
              -73.4907451,
              6.1234412
            ],
            [
              -73.4908128,
              6.1230861
            ],
            [
              -73.4909738,
              6.1224536
            ],
            [
              -73.4911411,
              6.1219568
            ],
            [
              -73.4912531,
              6.1216747
            ],
            [
              -73.4913856,
              6.1213751
            ],
            [
              -73.4917256,
              6.1207164
            ],
            [
              -73.4919754,
              6.1202985
            ],
            [
              -73.4922445,
              6.1198901
            ],
            [
              -73.4925393,
              6.1194793
            ],
            [
              -73.4928863,
              6.119031
            ],
            [
              -73.4944081,
              6.117217
            ],
            [
              -73.495023,
              6.1164249
            ],
            [
              -73.4955605,
              6.1156285
            ],
            [
              -73.4959554,
              6.1149455
            ],
            [
              -73.4962981,
              6.114256
            ],
            [
              -73.4964784,
              6.1138433
            ],
            [
              -73.4967817,
              6.1130366
            ],
            [
              -73.4970166,
              6.1122679
            ],
            [
              -73.4966544,
              6.1101021
            ],
            [
              -73.497233,
              6.1082833
            ],
            [
              -73.4973081,
              6.1080471
            ],
            [
              -73.4968033,
              6.1078786
            ],
            [
              -73.4965252,
              6.1076457
            ],
            [
              -73.4962009,
              6.1074181
            ],
            [
              -73.4956969,
              6.1071144
            ],
            [
              -73.4940264,
              6.1062125
            ],
            [
              -73.4934887,
              6.1058868
            ],
            [
              -73.4929137,
              6.1054953
            ],
            [
              -73.4924018,
              6.1051047
            ],
            [
              -73.4918293,
              6.1046217
            ],
            [
              -73.4912777,
              6.104119
            ],
            [
              -73.4899242,
              6.1028421
            ],
            [
              -73.4892164,
              6.1022292
            ],
            [
              -73.4888612,
              6.1019504
            ],
            [
              -73.488224,
              6.1015049
            ],
            [
              -73.4878728,
              6.101289
            ],
            [
              -73.4874833,
              6.1010721
            ],
            [
              -73.4870624,
              6.1008617
            ],
            [
              -73.4866028,
              6.1006563
            ],
            [
              -73.4851613,
              6.1001143
            ],
            [
              -73.4851187,
              6.1001169
            ],
            [
              -73.4834063,
              6.0995928
            ],
            [
              -73.4822431,
              6.0992035
            ],
            [
              -73.4815514,
              6.0988654
            ],
            [
              -73.4812945,
              6.0988164
            ],
            [
              -73.480879,
              6.0986175
            ],
            [
              -73.4801422,
              6.0982096
            ],
            [
              -73.4796593,
              6.0979001
            ],
            [
              -73.4791653,
              6.0975501
            ],
            [
              -73.4781146,
              6.0967464
            ],
            [
              -73.4775498,
              6.0963327
            ],
            [
              -73.4772791,
              6.0961511
            ],
            [
              -73.4768114,
              6.0958723
            ],
            [
              -73.4762103,
              6.0955875
            ],
            [
              -73.4757044,
              6.0954114
            ],
            [
              -73.4754156,
              6.0953341
            ],
            [
              -73.4747647,
              6.0952102
            ],
            [
              -73.4745596,
              6.0950991
            ],
            [
              -73.4743862,
              6.0951631
            ],
            [
              -73.4734559,
              6.0957728
            ],
            [
              -73.4722201,
              6.0955983
            ],
            [
              -73.4717663,
              6.095486
            ],
            [
              -73.4713883,
              6.0950901
            ],
            [
              -73.4710645,
              6.0948981
            ],
            [
              -73.4705859,
              6.0948136
            ],
            [
              -73.4701033,
              6.0947062
            ],
            [
              -73.4696155,
              6.0945737
            ],
            [
              -73.4691213,
              6.0944135
            ],
            [
              -73.46862,
              6.0942234
            ],
            [
              -73.4681102,
              6.0940009
            ],
            [
              -73.4675911,
              6.0937436
            ],
            [
              -73.4670615,
              6.0934489
            ],
            [
              -73.4663632,
              6.0930112
            ],
            [
              -73.4659409,
              6.0927198
            ],
            [
              -73.465263,
              6.0922118
            ],
            [
              -73.4644916,
              6.0915767
            ],
            [
              -73.4634844,
              6.0906656
            ],
            [
              -73.4622793,
              6.0894753
            ],
            [
              -73.4607032,
              6.0878009
            ],
            [
              -73.4593541,
              6.0862801
            ],
            [
              -73.458449,
              6.0851934
            ],
            [
              -73.4563558,
              6.0825132
            ],
            [
              -73.4558478,
              6.0819007
            ],
            [
              -73.4553861,
              6.0813842
            ],
            [
              -73.454963,
              6.0809511
            ],
            [
              -73.4544677,
              6.0804965
            ],
            [
              -73.4539938,
              6.080115
            ],
            [
              -73.4535327,
              6.0797923
            ],
            [
              -73.4530786,
              6.0795179
            ],
            [
              -73.4527595,
              6.0793488
            ],
            [
              -73.4521192,
              6.079061
            ],
            [
              -73.4513817,
              6.0787984
            ],
            [
              -73.4503171,
              6.0785042
            ],
            [
              -73.4481686,
              6.0780889
            ],
            [
              -73.4474269,
              6.0777601
            ],
            [
              -73.4465051,
              6.0774303
            ],
            [
              -73.4459821,
              6.0772114
            ],
            [
              -73.4454431,
              6.0769605
            ],
            [
              -73.4448832,
              6.0766727
            ],
            [
              -73.4442938,
              6.0763408
            ],
            [
              -73.4437215,
              6.0759928
            ],
            [
              -73.442491,
              6.0751757
            ],
            [
              -73.4396872,
              6.0732091
            ],
            [
              -73.4391339,
              6.0728433
            ],
            [
              -73.4381176,
              6.0722131
            ],
            [
              -73.4370691,
              6.0716224
            ],
            [
              -73.4365439,
              6.071133
            ],
            [
              -73.4354765,
              6.0709945
            ],
            [
              -73.4318876,
              6.0696767
            ],
            [
              -73.4310104,
              6.0690425
            ],
            [
              -73.4302329,
              6.0686732
            ],
            [
              -73.429007,
              6.0683378
            ],
            [
              -73.4280646,
              6.0689939
            ],
            [
              -73.4276686,
              6.0690298
            ],
            [
              -73.4272594,
              6.069086
            ],
            [
              -73.426835,
              6.0691646
            ],
            [
              -73.4263939,
              6.0692678
            ],
            [
              -73.4258902,
              6.0694953
            ],
            [
              -73.4254524,
              6.0695582
            ],
            [
              -73.4247626,
              6.0698269
            ],
            [
              -73.42399,
              6.0701772
            ],
            [
              -73.4229136,
              6.070736
            ],
            [
              -73.4222102,
              6.0715277
            ],
            [
              -73.4197352,
              6.0726032
            ],
            [
              -73.4190351,
              6.0730003
            ],
            [
              -73.4182342,
              6.0734227
            ],
            [
              -73.4175288,
              6.0737565
            ],
            [
              -73.4167438,
              6.0740752
            ],
            [
              -73.4160378,
              6.0743056
            ],
            [
              -73.4153971,
              6.0744622
            ],
            [
              -73.4148136,
              6.0745569
            ],
            [
              -73.4143883,
              6.0745953
            ],
            [
              -73.4143096,
              6.074597
            ],
            [
              -73.4143635,
              6.0742796
            ],
            [
              -73.4145579,
              6.0736252
            ],
            [
              -73.4147263,
              6.0732171
            ],
            [
              -73.4149291,
              6.0728214
            ],
            [
              -73.4152035,
              6.0723899
            ],
            [
              -73.4153955,
              6.0721358
            ],
            [
              -73.4156204,
              6.0718736
            ],
            [
              -73.4160492,
              6.0714433
            ],
            [
              -73.4167419,
              6.0708334
            ],
            [
              -73.4171314,
              6.0704695
            ],
            [
              -73.4173017,
              6.0702835
            ],
            [
              -73.4174418,
              6.0701045
            ],
            [
              -73.4175774,
              6.06989
            ],
            [
              -73.4176915,
              6.0696441
            ],
            [
              -73.417757,
              6.0694362
            ],
            [
              -73.4178024,
              6.0691911
            ],
            [
              -73.4178143,
              6.0688097
            ],
            [
              -73.4177814,
              6.0685112
            ],
            [
              -73.4177064,
              6.068171
            ],
            [
              -73.4175546,
              6.0677136
            ],
            [
              -73.4174384,
              6.0674338
            ],
            [
              -73.41711,
              6.0667769
            ],
            [
              -73.4168886,
              6.0663961
            ],
            [
              -73.4166062,
              6.0659552
            ],
            [
              -73.4160611,
              6.0652033
            ],
            [
              -73.4156875,
              6.0647451
            ],
            [
              -73.4152554,
              6.0642627
            ],
            [
              -73.4148004,
              6.0638023
            ],
            [
              -73.4143605,
              6.0633969
            ],
            [
              -73.4138847,
              6.0629927
            ],
            [
              -73.4132158,
              6.0624644
            ],
            [
              -73.4121092,
              6.0616381
            ],
            [
              -73.4113854,
              6.0611298
            ],
            [
              -73.4109999,
              6.060879
            ],
            [
              -73.4105154,
              6.0605884
            ],
            [
              -73.4100548,
              6.0603364
            ],
            [
              -73.4095086,
              6.0600626
            ],
            [
              -73.4076314,
              6.0592115
            ],
            [
              -73.4069618,
              6.0588857
            ],
            [
              -73.4066334,
              6.0587075
            ],
            [
              -73.4062491,
              6.0584751
            ],
            [
              -73.4059549,
              6.058275
            ],
            [
              -73.4056667,
              6.0580571
            ],
            [
              -73.4050617,
              6.0575136
            ],
            [
              -73.4046508,
              6.0570551
            ],
            [
              -73.4044659,
              6.0568133
            ],
            [
              -73.4041756,
              6.0563609
            ],
            [
              -73.4039514,
              6.0558962
            ],
            [
              -73.4038015,
              6.0554313
            ],
            [
              -73.4037291,
              6.0550005
            ],
            [
              -73.4037167,
              6.0547267
            ],
            [
              -73.4037281,
              6.0544823
            ],
            [
              -73.4038036,
              6.0540256
            ],
            [
              -73.4039219,
              6.0536145
            ],
            [
              -73.4042296,
              6.0527623
            ],
            [
              -73.4043581,
              6.0523522
            ],
            [
              -73.4044568,
              6.0518945
            ],
            [
              -73.4044883,
              6.0515935
            ],
            [
              -73.4044783,
              6.0511797
            ],
            [
              -73.4044351,
              6.0509177
            ],
            [
              -73.4043829,
              6.0507238
            ],
            [
              -73.404305,
              6.0505089
            ],
            [
              -73.4042025,
              6.0502844
            ],
            [
              -73.4039813,
              6.049893
            ],
            [
              -73.403842,
              6.0496801
            ],
            [
              -73.4017416,
              6.049604
            ],
            [
              -73.400232,
              6.0495065
            ],
            [
              -73.3997107,
              6.0495454
            ],
            [
              -73.399008,
              6.0493401
            ],
            [
              -73.3983301,
              6.0490601
            ],
            [
              -73.3974663,
              6.0486315
            ],
            [
              -73.3970433,
              6.0484966
            ],
            [
              -73.3964804,
              6.0484426
            ],
            [
              -73.3951045,
              6.0485136
            ],
            [
              -73.3944239,
              6.0484681
            ],
            [
              -73.3934435,
              6.048208
            ],
            [
              -73.3921355,
              6.0476286
            ],
            [
              -73.3917223,
              6.0475686
            ],
            [
              -73.3913052,
              6.0476445
            ],
            [
              -73.3908513,
              6.0479338
            ],
            [
              -73.3905048,
              6.0483126
            ],
            [
              -73.3901906,
              6.0487602
            ],
            [
              -73.389244,
              6.0503143
            ],
            [
              -73.3881319,
              6.0515016
            ],
            [
              -73.3870075,
              6.0530735
            ],
            [
              -73.3864541,
              6.0536445
            ],
            [
              -73.3858002,
              6.0541417
            ],
            [
              -73.3849167,
              6.0545764
            ],
            [
              -73.3836197,
              6.0549305
            ],
            [
              -73.3832949,
              6.0550664
            ],
            [
              -73.3829872,
              6.0553102
            ],
            [
              -73.382141,
              6.056235
            ],
            [
              -73.38116,
              6.057091
            ],
            [
              -73.3805266,
              6.0575406
            ],
            [
              -73.3797174,
              6.0579487
            ],
            [
              -73.3784457,
              6.0584036
            ],
            [
              -73.3772212,
              6.058736
            ],
            [
              -73.3760399,
              6.0589829
            ],
            [
              -73.37319,
              6.0594579
            ],
            [
              -73.3728097,
              6.0594653
            ],
            [
              -73.3719521,
              6.0593849
            ],
            [
              -73.3707686,
              6.0595211
            ],
            [
              -73.3697355,
              6.0594887
            ],
            [
              -73.368733,
              6.0595154
            ],
            [
              -73.3680137,
              6.0594134
            ],
            [
              -73.367569,
              6.0592532
            ],
            [
              -73.3669859,
              6.058961
            ],
            [
              -73.3654453,
              6.0580064
            ],
            [
              -73.3648862,
              6.0577044
            ],
            [
              -73.3645142,
              6.0575736
            ],
            [
              -73.3636777,
              6.0573862
            ],
            [
              -73.3626094,
              6.056862
            ],
            [
              -73.3621043,
              6.0566704
            ],
            [
              -73.3606901,
              6.0563557
            ],
            [
              -73.3603991,
              6.056791
            ],
            [
              -73.3596586,
              6.0573464
            ],
            [
              -73.3592902,
              6.0576779
            ],
            [
              -73.3590714,
              6.0578076
            ],
            [
              -73.3570771,
              6.0583622
            ],
            [
              -73.35583,
              6.0583622
            ],
            [
              -73.3532266,
              6.0574455
            ],
            [
              -73.3521037,
              6.0568841
            ],
            [
              -73.3511596,
              6.0559022
            ],
            [
              -73.3501822,
              6.055239
            ],
            [
              -73.3495063,
              6.0550024
            ],
            [
              -73.3489475,
              6.0549714
            ],
            [
              -73.3478336,
              6.055954
            ],
            [
              -73.3469081,
              6.0563401
            ],
            [
              -73.3460788,
              6.0563401
            ],
            [
              -73.3439071,
              6.055494
            ],
            [
              -73.342546,
              6.0548134
            ],
            [
              -73.3405492,
              6.0542785
            ],
            [
              -73.3397981,
              6.0541761
            ],
            [
              -73.33915,
              6.0543057
            ],
            [
              -73.3385651,
              6.0547874
            ],
            [
              -73.3379213,
              6.05523
            ],
            [
              -73.3359633,
              6.0549007
            ],
            [
              -73.3346222,
              6.0576659
            ],
            [
              -73.3341128,
              6.0584661
            ],
            [
              -73.3333226,
              6.059482
            ],
            [
              -73.3329607,
              6.0600993
            ],
            [
              -73.332776,
              6.0606337
            ],
            [
              -73.3324823,
              6.0619355
            ],
            [
              -73.3322839,
              6.0625865
            ],
            [
              -73.3319864,
              6.0633216
            ],
            [
              -73.3312338,
              6.0649126
            ],
            [
              -73.3309719,
              6.0655403
            ],
            [
              -73.3307329,
              6.0662647
            ],
            [
              -73.3305405,
              6.0671485
            ],
            [
              -73.3304213,
              6.0683155
            ],
            [
              -73.330396,
              6.071571
            ],
            [
              -73.3303026,
              6.0729227
            ],
            [
              -73.3301285,
              6.0741038
            ],
            [
              -73.3295839,
              6.0767397
            ],
            [
              -73.3294781,
              6.0772517
            ],
            [
              -73.3293711,
              6.0779356
            ],
            [
              -73.3292701,
              6.0794694
            ],
            [
              -73.329332,
              6.0804613
            ],
            [
              -73.3288002,
              6.0806021
            ],
            [
              -73.3277487,
              6.0806007
            ],
            [
              -73.3268517,
              6.0804394
            ],
            [
              -73.3250854,
              6.0798794
            ],
            [
              -73.3246028,
              6.0798165
            ],
            [
              -73.3240563,
              6.0798376
            ],
            [
              -73.3232275,
              6.0799739
            ],
            [
              -73.3224487,
              6.0801927
            ],
            [
              -73.3219313,
              6.0804132
            ],
            [
              -73.3209005,
              6.0810413
            ],
            [
              -73.3205119,
              6.08122
            ],
            [
              -73.3199086,
              6.0813928
            ],
            [
              -73.3193078,
              6.0814555
            ],
            [
              -73.3170974,
              6.081433
            ],
            [
              -73.3164186,
              6.0813237
            ],
            [
              -73.3159558,
              6.0810667
            ],
            [
              -73.3152092,
              6.0802223
            ],
            [
              -73.3149706,
              6.0800644
            ],
            [
              -73.3148205,
              6.0800231
            ],
            [
              -73.3144681,
              6.0800435
            ],
            [
              -73.3138868,
              6.0803268
            ],
            [
              -73.3134643,
              6.0803883
            ],
            [
              -73.3121165,
              6.080103
            ],
            [
              -73.3102999,
              6.0800267
            ],
            [
              -73.3094189,
              6.079881
            ],
            [
              -73.3058698,
              6.078722
            ],
            [
              -73.3036003,
              6.0777657
            ],
            [
              -73.3030337,
              6.0775912
            ],
            [
              -73.3020517,
              6.0773666
            ],
            [
              -73.3008851,
              6.077186
            ],
            [
              -73.2981461,
              6.0768744
            ],
            [
              -73.2974097,
              6.0768423
            ],
            [
              -73.2954804,
              6.07692
            ],
            [
              -73.2947898,
              6.0768382
            ],
            [
              -73.2943626,
              6.0766552
            ],
            [
              -73.2939881,
              6.0763121
            ],
            [
              -73.2938828,
              6.0761549
            ],
            [
              -73.2938453,
              6.0759709
            ],
            [
              -73.2937096,
              6.0758061
            ],
            [
              -73.2934849,
              6.0752843
            ],
            [
              -73.2933134,
              6.0749954
            ],
            [
              -73.2931054,
              6.0747759
            ],
            [
              -73.292334,
              6.074152
            ],
            [
              -73.2921297,
              6.0738921
            ],
            [
              -73.2919476,
              6.0735023
            ],
            [
              -73.2912616,
              6.0737311
            ],
            [
              -73.2908928,
              6.0737292
            ],
            [
              -73.2903761,
              6.0735981
            ],
            [
              -73.2892013,
              6.0731288
            ],
            [
              -73.2886734,
              6.0730063
            ],
            [
              -73.2879061,
              6.0729974
            ],
            [
              -73.2872611,
              6.0731616
            ],
            [
              -73.2869275,
              6.0733686
            ],
            [
              -73.2866848,
              6.0737005
            ],
            [
              -73.2866213,
              6.0741901
            ],
            [
              -73.2867433,
              6.0751816
            ],
            [
              -73.2867306,
              6.0756846
            ],
            [
              -73.2866524,
              6.075937
            ],
            [
              -73.2865067,
              6.0761472
            ],
            [
              -73.286295,
              6.0762852
            ],
            [
              -73.2861443,
              6.0763234
            ],
            [
              -73.2858164,
              6.0762888
            ],
            [
              -73.2854479,
              6.0760921
            ],
            [
              -73.2842894,
              6.0750758
            ],
            [
              -73.2838906,
              6.0748346
            ],
            [
              -73.2834986,
              6.0747746
            ],
            [
              -73.2831299,
              6.0748942
            ],
            [
              -73.2826885,
              6.0751808
            ],
            [
              -73.2825382,
              6.0751455
            ],
            [
              -73.2823275,
              6.0749253
            ],
            [
              -73.2820442,
              6.074359
            ],
            [
              -73.2818028,
              6.0740749
            ],
            [
              -73.2811439,
              6.0738165
            ],
            [
              -73.2807135,
              6.0735596
            ],
            [
              -73.2801204,
              6.073465
            ],
            [
              -73.2799233,
              6.0733026
            ],
            [
              -73.279727,
              6.0729309
            ],
            [
              -73.27926,
              6.0716409
            ],
            [
              -73.2790996,
              6.0713943
            ],
            [
              -73.2789233,
              6.0712296
            ],
            [
              -73.2786917,
              6.0711129
            ],
            [
              -73.2784174,
              6.0710549
            ],
            [
              -73.2781589,
              6.0710841
            ],
            [
              -73.2775823,
              6.0710305
            ],
            [
              -73.2773339,
              6.0709483
            ],
            [
              -73.27721,
              6.0708611
            ],
            [
              -73.2771108,
              6.0707468
            ],
            [
              -73.2770067,
              6.0705164
            ],
            [
              -73.2767325,
              6.0691899
            ],
            [
              -73.2766104,
              6.0688111
            ],
            [
              -73.2764309,
              6.0684632
            ],
            [
              -73.2762011,
              6.0682068
            ],
            [
              -73.2760115,
              6.068073
            ],
            [
              -73.2749048,
              6.0676693
            ],
            [
              -73.2745949,
              6.0673954
            ],
            [
              -73.2745255,
              6.0672295
            ],
            [
              -73.274499,
              6.0669595
            ],
            [
              -73.2746756,
              6.0657299
            ],
            [
              -73.2746357,
              6.0652388
            ],
            [
              -73.2745456,
              6.0648379
            ],
            [
              -73.274354,
              6.0643063
            ],
            [
              -73.2741059,
              6.063818
            ],
            [
              -73.2730779,
              6.0621891
            ],
            [
              -73.2721773,
              6.062627
            ],
            [
              -73.2715161,
              6.0628501
            ],
            [
              -73.2709641,
              6.062914
            ],
            [
              -73.2704554,
              6.0627967
            ],
            [
              -73.2697315,
              6.0624259
            ],
            [
              -73.2689852,
              6.0619095
            ],
            [
              -73.268414,
              6.0614316
            ],
            [
              -73.2666417,
              6.0597391
            ],
            [
              -73.2659868,
              6.0591721
            ],
            [
              -73.2644063,
              6.0579639
            ],
            [
              -73.2631075,
              6.0571254
            ],
            [
              -73.2625698,
              6.0568924
            ],
            [
              -73.2619779,
              6.0567628
            ],
            [
              -73.2613741,
              6.0567406
            ],
            [
              -73.2597392,
              6.0567888
            ],
            [
              -73.2591766,
              6.056699
            ],
            [
              -73.2588476,
              6.0565526
            ],
            [
              -73.2585014,
              6.0562753
            ],
            [
              -73.2581883,
              6.055908
            ],
            [
              -73.2570886,
              6.0542265
            ],
            [
              -73.2565159,
              6.0534579
            ],
            [
              -73.2559791,
              6.0529141
            ],
            [
              -73.2553752,
              6.0525196
            ],
            [
              -73.2546115,
              6.0522091
            ],
            [
              -73.2519492,
              6.0514608
            ],
            [
              -73.2507484,
              6.0510423
            ],
            [
              -73.2503523,
              6.0509863
            ],
            [
              -73.2500321,
              6.0510223
            ],
            [
              -73.2496893,
              6.0511362
            ],
            [
              -73.2493912,
              6.0512899
            ],
            [
              -73.2489152,
              6.0516246
            ],
            [
              -73.2485374,
              6.0519544
            ],
            [
              -73.2478834,
              6.0526348
            ],
            [
              -73.2468649,
              6.0538606
            ],
            [
              -73.2459007,
              6.0549343
            ],
            [
              -73.245529,
              6.0551518
            ],
            [
              -73.2445417,
              6.0553206
            ],
            [
              -73.2435207,
              6.0553247
            ],
            [
              -73.2394884,
              6.0531166
            ],
            [
              -73.2393326,
              6.0539468
            ],
            [
              -73.2392035,
              6.0546067
            ],
            [
              -73.2387131,
              6.0554988
            ],
            [
              -73.2380238,
              6.056095
            ],
            [
              -73.2372379,
              6.0572191
            ],
            [
              -73.2365843,
              6.0585075
            ],
            [
              -73.2360277,
              6.0593339
            ],
            [
              -73.2351765,
              6.0606231
            ],
            [
              -73.2349836,
              6.0618107
            ],
            [
              -73.2349881,
              6.0629316
            ],
            [
              -73.235026,
              6.0641843
            ],
            [
              -73.2349643,
              6.0652395
            ],
            [
              -73.2345771,
              6.0672522
            ],
            [
              -73.2345952,
              6.0718084
            ],
            [
              -73.2348623,
              6.0726975
            ],
            [
              -73.2349996,
              6.0741146
            ],
            [
              -73.2352018,
              6.0752677
            ],
            [
              -73.2352055,
              6.0761908
            ],
            [
              -73.2351433,
              6.0771142
            ],
            [
              -73.2349166,
              6.0780712
            ],
            [
              -73.2347225,
              6.0789621
            ],
            [
              -73.2346613,
              6.0801162
            ],
            [
              -73.2346698,
              6.0822592
            ],
            [
              -73.2348052,
              6.0831818
            ],
            [
              -73.2344796,
              6.0841062
            ],
            [
              -73.2343525,
              6.0852936
            ],
            [
              -73.2340606,
              6.0864157
            ],
            [
              -73.2336688,
              6.0872744
            ],
            [
              -73.2334751,
              6.0882643
            ],
            [
              -73.2334805,
              6.089616
            ],
            [
              -73.233321,
              6.0909057
            ],
            [
              -73.232731,
              6.0916334
            ],
            [
              -73.2322071,
              6.0923937
            ],
            [
              -73.23165,
              6.0931213
            ],
            [
              -73.2310274,
              6.093915
            ],
            [
              -73.2307675,
              6.0948062
            ],
            [
              -73.2304749,
              6.0957635
            ],
            [
              -73.229885,
              6.0965241
            ],
            [
              -73.2297571,
              6.0974807
            ],
            [
              -73.2295309,
              6.0985696
            ],
            [
              -73.2294359,
              6.0995261
            ],
            [
              -73.2294068,
              6.1004823
            ],
            [
              -73.2294106,
              6.1014384
            ],
            [
              -73.2293162,
              6.1025597
            ],
            [
              -73.2289246,
              6.1034514
            ],
            [
              -73.2284013,
              6.1043766
            ],
            [
              -73.2280754,
              6.1052681
            ],
            [
              -73.227652,
              6.1064567
            ],
            [
              -73.227663,
              6.109226
            ],
            [
              -73.2276338,
              6.1101493
            ],
            [
              -73.2269819,
              6.1118662
            ],
            [
              -73.2268293,
              6.1124753
            ],
            [
              -73.2272646,
              6.1159729
            ],
            [
              -73.227476,
              6.1165029
            ],
            [
              -73.2278521,
              6.1173219
            ],
            [
              -73.2281483,
              6.1179002
            ],
            [
              -73.2284488,
              6.1184422
            ],
            [
              -73.2287655,
              6.1189753
            ],
            [
              -73.2292431,
              6.11972
            ],
            [
              -73.2297508,
              6.1204487
            ],
            [
              -73.2302847,
              6.1211586
            ],
            [
              -73.2308411,
              6.1218469
            ],
            [
              -73.2314166,
              6.1225111
            ],
            [
              -73.2320078,
              6.1231492
            ],
            [
              -73.2326117,
              6.1237593
            ],
            [
              -73.2332252,
              6.1243401
            ],
            [
              -73.2338311,
              6.1248783
            ],
            [
              -73.2344406,
              6.1253871
            ],
            [
              -73.2353883,
              6.1261201
            ],
            [
              -73.2365101,
              6.1269073
            ],
            [
              -73.2372735,
              6.1273985
            ],
            [
              -73.2380431,
              6.1278594
            ],
            [
              -73.2388153,
              6.1282884
            ],
            [
              -73.2398006,
              6.1287878
            ],
            [
              -73.2407795,
              6.1292307
            ],
            [
              -73.2417477,
              6.1296153
            ],
            [
              -73.2427014,
              6.1299408
            ],
            [
              -73.2436369,
              6.1302069
            ],
            [
              -73.2445524,
              6.1304149
            ],
            [
              -73.2454458,
              6.1305662
            ],
            [
              -73.246316,
              6.1306639
            ],
            [
              -73.2470271,
              6.1307071
            ],
            [
              -73.2477213,
              6.130718
            ],
            [
              -73.2484232,
              6.1306988
            ],
            [
              -73.2490131,
              6.1306609
            ],
            [
              -73.2499161,
              6.1305712
            ],
            [
              -73.2515835,
              6.1303737
            ],
            [
              -73.252216,
              6.1303178
            ],
            [
              -73.253119,
              6.1302837
            ],
            [
              -73.2539374,
              6.1303128
            ],
            [
              -73.2545507,
              6.1303734
            ],
            [
              -73.2552133,
              6.1304705
            ],
            [
              -73.2571172,
              6.1308331
            ],
            [
              -73.2579426,
              6.1309771
            ],
            [
              -73.2603043,
              6.1312903
            ],
            [
              -73.2607963,
              6.1313857
            ],
            [
              -73.261063,
              6.1314542
            ],
            [
              -73.2612813,
              6.1315225
            ],
            [
              -73.2616734,
              6.1316826
            ],
            [
              -73.2619507,
              6.131835
            ],
            [
              -73.2621437,
              6.1319662
            ],
            [
              -73.2624973,
              6.1322696
            ],
            [
              -73.2629561,
              6.1327754
            ],
            [
              -73.2635103,
              6.133427
            ],
            [
              -73.2637507,
              6.1336743
            ],
            [
              -73.2640244,
              6.1339173
            ],
            [
              -73.2643639,
              6.1341704
            ],
            [
              -73.2646627,
              6.1343639
            ],
            [
              -73.2656216,
              6.1349295
            ],
            [
              -73.2658829,
              6.1350944
            ],
            [
              -73.266267,
              6.1353639
            ],
            [
              -73.2665688,
              6.135607
            ],
            [
              -73.2668709,
              6.1358862
            ],
            [
              -73.2671806,
              6.1362178
            ],
            [
              -73.2673396,
              6.1364087
            ],
            [
              -73.2675693,
              6.1367129
            ],
            [
              -73.2678052,
              6.1370637
            ],
            [
              -73.268047,
              6.1374686
            ],
            [
              -73.2682966,
              6.1379382
            ],
            [
              -73.2687535,
              6.1389355
            ],
            [
              -73.2695578,
              6.1409329
            ],
            [
              -73.2698859,
              6.1416949
            ],
            [
              -73.2702378,
              6.1424085
            ],
            [
              -73.2705658,
              6.1429649
            ],
            [
              -73.2707591,
              6.143245
            ],
            [
              -73.2709465,
              6.1434846
            ],
            [
              -73.2713042,
              6.143862
            ],
            [
              -73.2716425,
              6.144132
            ],
            [
              -73.2718069,
              6.1442355
            ],
            [
              -73.2721176,
              6.1443856
            ],
            [
              -73.2722671,
              6.1444376
            ],
            [
              -73.2727103,
              6.1445172
            ],
            [
              -73.272946,
              6.1445116
            ],
            [
              -73.2730947,
              6.1444881
            ],
            [
              -73.2732866,
              6.14443
            ],
            [
              -73.2734303,
              6.1443614
            ],
            [
              -73.2735557,
              6.1442816
            ],
            [
              -73.2737002,
              6.1441674
            ],
            [
              -73.2742112,
              6.1436957
            ],
            [
              -73.2744492,
              6.1435212
            ],
            [
              -73.2747944,
              6.1433437
            ],
            [
              -73.2749838,
              6.1432753
            ],
            [
              -73.2752227,
              6.1432112
            ],
            [
              -73.2755167,
              6.1431603
            ],
            [
              -73.2758936,
              6.1431327
            ],
            [
              -73.2763364,
              6.1431464
            ],
            [
              -73.2769783,
              6.1432464
            ],
            [
              -73.2775179,
              6.1434027
            ],
            [
              -73.2778998,
              6.1435532
            ],
            [
              -73.278328,
              6.1437596
            ],
            [
              -73.2788051,
              6.1440329
            ],
            [
              -73.2793546,
              6.144397
            ],
            [
              -73.279965,
              6.1448489
            ],
            [
              -73.2809896,
              6.1456492
            ],
            [
              -73.2813901,
              6.1459408
            ],
            [
              -73.2817689,
              6.146179
            ],
            [
              -73.2820878,
              6.1463305
            ],
            [
              -73.2822112,
              6.1463713
            ],
            [
              -73.2824047,
              6.1464076
            ],
            [
              -73.2825401,
              6.1464068
            ],
            [
              -73.2826676,
              6.1463794
            ],
            [
              -73.2827476,
              6.1463451
            ],
            [
              -73.282868,
              6.1462613
            ],
            [
              -73.2830173,
              6.1460862
            ],
            [
              -73.2830989,
              6.1459453
            ],
            [
              -73.2832774,
              6.1454837
            ],
            [
              -73.2836407,
              6.1440402
            ],
            [
              -73.2838733,
              6.1432372
            ],
            [
              -73.2840642,
              6.1426991
            ],
            [
              -73.284296,
              6.1421478
            ],
            [
              -73.2845657,
              6.1416079
            ],
            [
              -73.2848679,
              6.1410993
            ],
            [
              -73.285192,
              6.1406403
            ],
            [
              -73.2855317,
              6.140235
            ],
            [
              -73.2858781,
              6.139887
            ],
            [
              -73.2862239,
              6.1395946
            ],
            [
              -73.2864085,
              6.1394583
            ],
            [
              -73.2867694,
              6.1392267
            ],
            [
              -73.2871132,
              6.1390441
            ],
            [
              -73.2874105,
              6.1389121
            ],
            [
              -73.2878606,
              6.1387499
            ],
            [
              -73.2885959,
              6.1385521
            ],
            [
              -73.2900939,
              6.1382151
            ],
            [
              -73.2905639,
              6.1380806
            ],
            [
              -73.2911278,
              6.1378783
            ],
            [
              -73.2915148,
              6.1377098
            ],
            [
              -73.2921489,
              6.1373866
            ],
            [
              -73.293895,
              6.1363965
            ],
            [
              -73.2944007,
              6.1361433
            ],
            [
              -73.2948886,
              6.1359261
            ],
            [
              -73.2953932,
              6.135732
            ],
            [
              -73.2959027,
              6.1355697
            ],
            [
              -73.2964073,
              6.1354444
            ],
            [
              -73.2968958,
              6.1353586
            ],
            [
              -73.297364,
              6.135311
            ],
            [
              -73.2978071,
              6.1352993
            ],
            [
              -73.2982223,
              6.1353194
            ],
            [
              -73.2988709,
              6.1354153
            ],
            [
              -73.2994496,
              6.1355717
            ],
            [
              -73.2997734,
              6.1356893
            ],
            [
              -73.3000851,
              6.1358225
            ],
            [
              -73.30044,
              6.135996
            ],
            [
              -73.3008226,
              6.1362053
            ],
            [
              -73.3025636,
              6.1372785
            ],
            [
              -73.3030662,
              6.137573
            ],
            [
              -73.3035925,
              6.1378591
            ],
            [
              -73.3041502,
              6.1381347
            ],
            [
              -73.3047473,
              6.1383986
            ],
            [
              -73.3052773,
              6.138607
            ],
            [
              -73.305847,
              6.1388064
            ],
            [
              -73.3064639,
              6.1389969
            ],
            [
              -73.3071415,
              6.1391803
            ],
            [
              -73.3077822,
              6.1393337
            ],
            [
              -73.3092106,
              6.139629
            ],
            [
              -73.3115668,
              6.1400813
            ],
            [
              -73.3123818,
              6.1402603
            ],
            [
              -73.3131032,
              6.140441
            ],
            [
              -73.3138237,
              6.1406494
            ],
            [
              -73.3144825,
              6.1408707
            ],
            [
              -73.3150917,
              6.1411067
            ],
            [
              -73.3156587,
              6.1413579
            ],
            [
              -73.3162034,
              6.1416317
            ],
            [
              -73.316717,
              6.1419221
            ],
            [
              -73.3173416,
              6.1423211
            ],
            [
              -73.3179395,
              6.1427553
            ],
            [
              -73.3183429,
              6.1430821
            ],
            [
              -73.3186907,
              6.1433901
            ],
            [
              -73.3191553,
              6.1438474
            ],
            [
              -73.3195474,
              6.1442849
            ],
            [
              -73.3199078,
              6.1447412
            ],
            [
              -73.3202667,
              6.1452632
            ],
            [
              -73.3206019,
              6.1458349
            ],
            [
              -73.3208971,
              6.1464384
            ],
            [
              -73.3211443,
              6.1470619
            ],
            [
              -73.3213383,
              6.1476931
            ],
            [
              -73.3214765,
              6.1483182
            ],
            [
              -73.3215605,
              6.1489286
            ],
            [
              -73.3215938,
              6.1495158
            ],
            [
              -73.3215819,
              6.1500738
            ],
            [
              -73.3215449,
              6.1504916
            ],
            [
              -73.3214362,
              6.1511583
            ],
            [
              -73.3213521,
              6.1515228
            ],
            [
              -73.3211137,
              6.1523309
            ],
            [
              -73.3203501,
              6.1544318
            ],
            [
              -73.3201163,
              6.1551592
            ],
            [
              -73.3199386,
              6.1558432
            ],
            [
              -73.3198101,
              6.1565084
            ],
            [
              -73.3197603,
              6.1568552
            ],
            [
              -73.3196884,
              6.1576309
            ],
            [
              -73.3196672,
              6.1585843
            ],
            [
              -73.3196922,
              6.1592644
            ],
            [
              -73.3197476,
              6.159944
            ],
            [
              -73.3198067,
              6.1604395
            ],
            [
              -73.3199679,
              6.1614101
            ],
            [
              -73.3200688,
              6.1618843
            ],
            [
              -73.3203046,
              6.1627902
            ],
            [
              -73.3205834,
              6.1636458
            ],
            [
              -73.3208122,
              6.1642379
            ],
            [
              -73.3210601,
              6.1648003
            ],
            [
              -73.3213256,
              6.1653325
            ],
            [
              -73.321607,
              6.1658345
            ],
            [
              -73.321913,
              6.166322
            ],
            [
              -73.3222326,
              6.1667781
            ],
            [
              -73.3225934,
              6.1672399
            ],
            [
              -73.3228114,
              6.1674958
            ],
            [
              -73.3232276,
              6.1679452
            ],
            [
              -73.3237474,
              6.1684539
            ],
            [
              -73.3249098,
              6.1695061
            ],
            [
              -73.3255084,
              6.1700727
            ],
            [
              -73.3257794,
              6.1703535
            ],
            [
              -73.3262058,
              6.1708545
            ],
            [
              -73.3262127,
              6.1708639
            ],
            [
              -73.3270228,
              6.1714252
            ],
            [
              -73.3271317,
              6.1714773
            ],
            [
              -73.3273023,
              6.1715704
            ],
            [
              -73.3274595,
              6.1716715
            ],
            [
              -73.3275975,
              6.1717849
            ],
            [
              -73.3276961,
              6.1718976
            ],
            [
              -73.3277191,
              6.1714882
            ],
            [
              -73.3277614,
              6.1713314
            ],
            [
              -73.3278135,
              6.1711918
            ],
            [
              -73.3278799,
              6.1710452
            ],
            [
              -73.3279638,
              6.1708874
            ],
            [
              -73.3280586,
              6.1707295
            ],
            [
              -73.3281609,
              6.1705727
            ],
            [
              -73.3283794,
              6.170263
            ],
            [
              -73.3285945,
              6.1699731
            ],
            [
              -73.3288018,
              6.1697049
            ],
            [
              -73.3289086,
              6.1695741
            ],
            [
              -73.3290174,
              6.1694483
            ],
            [
              -73.3291291,
              6.1693285
            ],
            [
              -73.3292721,
              6.1691912
            ],
            [
              -73.3294226,
              6.1690673
            ],
            [
              -73.3295742,
              6.168964
            ],
            [
              -73.3297337,
              6.1688758
            ],
            [
              -73.329889,
              6.1688074
            ],
            [
              -73.3300492,
              6.16875
            ],
            [
              -73.330213,
              6.1687009
            ],
            [
              -73.3303791,
              6.1686581
            ],
            [
              -73.3308808,
              6.1685458
            ],
            [
              -73.3310455,
              6.1685057
            ],
            [
              -73.3312471,
              6.1684479
            ],
            [
              -73.3314411,
              6.168379
            ],
            [
              -73.3316281,
              6.168294
            ],
            [
              -73.3318002,
              6.168191
            ],
            [
              -73.3319373,
              6.1680815
            ],
            [
              -73.332057,
              6.1679558
            ],
            [
              -73.3321383,
              6.1678459
            ],
            [
              -73.3322102,
              6.1677293
            ],
            [
              -73.3322753,
              6.1676086
            ],
            [
              -73.3323973,
              6.1673654
            ],
            [
              -73.3324608,
              6.1672489
            ],
            [
              -73.3325462,
              6.1671201
            ],
            [
              -73.3326498,
              6.1669997
            ],
            [
              -73.3327714,
              6.1669077
            ],
            [
              -73.332941,
              6.166834
            ],
            [
              -73.3330759,
              6.1668069
            ],
            [
              -73.3331956,
              6.1668008
            ],
            [
              -73.3333181,
              6.1668049
            ],
            [
              -73.3336567,
              6.1668347
            ],
            [
              -73.3338016,
              6.1668408
            ],
            [
              -73.333942,
              6.1668327
            ],
            [
              -73.3340985,
              6.1667935
            ],
            [
              -73.3342472,
              6.1667182
            ],
            [
              -73.3343322,
              6.1666428
            ],
            [
              -73.334406,
              6.1665442
            ],
            [
              -73.334468,
              6.1664306
            ],
            [
              -73.3346261,
              6.1660854
            ],
            [
              -73.3347225,
              6.1659086
            ],
            [
              -73.3349095,
              6.1655864
            ],
            [
              -73.3349999,
              6.1653871
            ],
            [
              -73.3350187,
              6.165262
            ],
            [
              -73.3349056,
              6.1652685
            ],
            [
              -73.334792,
              6.165252
            ],
            [
              -73.3346456,
              6.1652131
            ],
            [
              -73.3345424,
              6.165165
            ],
            [
              -73.3344486,
              6.1651014
            ],
            [
              -73.3343396,
              6.165001
            ],
            [
              -73.3342507,
              6.1648869
            ],
            [
              -73.3341466,
              6.164701
            ],
            [
              -73.3340933,
              6.1645582
            ],
            [
              -73.3340619,
              6.1643636
            ],
            [
              -73.3340655,
              6.1641825
            ],
            [
              -73.3340881,
              6.1638663
            ],
            [
              -73.3340641,
              6.1636708
            ],
            [
              -73.3340311,
              6.1635585
            ],
            [
              -73.333911,
              6.163218
            ],
            [
              -73.3338626,
              6.1629904
            ],
            [
              -73.3338485,
              6.1627965
            ],
            [
              -73.3338542,
              6.1625965
            ],
            [
              -73.3338662,
              6.1624742
            ],
            [
              -73.3339037,
              6.1622809
            ],
            [
              -73.3339576,
              6.1620997
            ],
            [
              -73.3340132,
              6.1619577
            ],
            [
              -73.3340726,
              6.1618327
            ],
            [
              -73.3342854,
              6.1614873
            ],
            [
              -73.3344264,
              6.1612751
            ],
            [
              -73.3345794,
              6.1610626
            ],
            [
              -73.3347208,
              6.1608836
            ],
            [
              -73.3348116,
              6.1607785
            ],
            [
              -73.3349055,
              6.1606796
            ],
            [
              -73.3350033,
              6.1605882
            ],
            [
              -73.3351275,
              6.16049
            ],
            [
              -73.3352585,
              6.1604049
            ],
            [
              -73.3353843,
              6.1603385
            ],
            [
              -73.3355142,
              6.1602812
            ],
            [
              -73.3356471,
              6.1602311
            ],
            [
              -73.3357822,
              6.1601868
            ],
            [
              -73.3360278,
              6.1601186
            ],
            [
              -73.3366708,
              6.1599642
            ],
            [
              -73.33692,
              6.1599007
            ],
            [
              -73.3371645,
              6.1598286
            ],
            [
              -73.3372835,
              6.1597876
            ],
            [
              -73.3373983,
              6.1597426
            ],
            [
              -73.3375075,
              6.1596923
            ],
            [
              -73.337609,
              6.1596356
            ],
            [
              -73.3377341,
              6.1595382
            ],
            [
              -73.3378458,
              6.1593948
            ],
            [
              -73.337905,
              6.1592229
            ],
            [
              -73.3379151,
              6.1590783
            ],
            [
              -73.3379028,
              6.1589603
            ],
            [
              -73.3378797,
              6.1588387
            ],
            [
              -73.3378262,
              6.1586011
            ],
            [
              -73.3378033,
              6.158486
            ],
            [
              -73.3377847,
              6.1583679
            ],
            [
              -73.3377716,
              6.1582353
            ],
            [
              -73.3377659,
              6.1580996
            ],
            [
              -73.3377671,
              6.1579615
            ],
            [
              -73.3377749,
              6.1578216
            ],
            [
              -73.3377895,
              6.1576807
            ],
            [
              -73.3378105,
              6.1575408
            ],
            [
              -73.3378371,
              6.1574024
            ],
            [
              -73.3378679,
              6.1572675
            ],
            [
              -73.3379547,
              6.1569698
            ],
            [
              -73.3380173,
              6.1568166
            ],
            [
              -73.3381158,
              6.1566985
            ],
            [
              -73.3385025,
              6.1563445
            ],
            [
              -73.3386235,
              6.1562303
            ],
            [
              -73.3387398,
              6.1561119
            ],
            [
              -73.3388517,
              6.1559898
            ],
            [
              -73.3390495,
              6.1557571
            ],
            [
              -73.3392365,
              6.1555229
            ],
            [
              -73.3399809,
              6.1545416
            ],
            [
              -73.3401403,
              6.1543373
            ],
            [
              -73.3402861,
              6.1541594
            ],
            [
              -73.3403835,
              6.1540478
            ],
            [
              -73.3404837,
              6.1539401
            ],
            [
              -73.3405915,
              6.1538333
            ],
            [
              -73.3407034,
              6.1537331
            ],
            [
              -73.34082,
              6.1536415
            ],
            [
              -73.3409597,
              6.1535516
            ],
            [
              -73.3411562,
              6.1534581
            ],
            [
              -73.3413655,
              6.1534039
            ],
            [
              -73.341528,
              6.1533879
            ],
            [
              -73.3416444,
              6.1533887
            ],
            [
              -73.3420341,
              6.1534024
            ],
            [
              -73.3421889,
              6.1533901
            ],
            [
              -73.3423231,
              6.1533606
            ],
            [
              -73.3424562,
              6.1533151
            ],
            [
              -73.3425878,
              6.1532559
            ],
            [
              -73.3427254,
              6.1531801
            ],
            [
              -73.3428619,
              6.1530942
            ],
            [
              -73.3433026,
              6.1527919
            ],
            [
              -73.3434141,
              6.1527238
            ],
            [
              -73.3436685,
              6.1525899
            ],
            [
              -73.3438073,
              6.1525388
            ],
            [
              -73.3438852,
              6.152681
            ],
            [
              -73.3439836,
              6.1528096
            ],
            [
              -73.3441283,
              6.1529672
            ],
            [
              -73.3442973,
              6.1531212
            ],
            [
              -73.3444821,
              6.153261
            ],
            [
              -73.3446032,
              6.1533376
            ],
            [
              -73.3447269,
              6.1534037
            ],
            [
              -73.3449157,
              6.1534803
            ],
            [
              -73.3450768,
              6.1535202
            ],
            [
              -73.3453252,
              6.1535359
            ],
            [
              -73.3454973,
              6.1535036
            ],
            [
              -73.3456578,
              6.1534378
            ],
            [
              -73.3458205,
              6.1533358
            ],
            [
              -73.3459267,
              6.153252
            ],
            [
              -73.3461659,
              6.1530405
            ],
            [
              -73.3462313,
              6.1529862
            ],
            [
              -73.3462465,
              6.1526057
            ],
            [
              -73.3462707,
              6.1524886
            ],
            [
              -73.3463232,
              6.1523113
            ],
            [
              -73.3463699,
              6.1521901
            ],
            [
              -73.3464269,
              6.1520673
            ],
            [
              -73.3464845,
              6.1519617
            ],
            [
              -73.3465492,
              6.1518585
            ],
            [
              -73.3466215,
              6.1517576
            ],
            [
              -73.3467001,
              6.151661
            ],
            [
              -73.3467837,
              6.1515699
            ],
            [
              -73.3468723,
              6.1514836
            ],
            [
              -73.3469957,
              6.1513771
            ],
            [
              -73.347125,
              6.1512781
            ],
            [
              -73.3472748,
              6.1511754
            ],
            [
              -73.3474282,
              6.1510797
            ],
            [
              -73.347606,
              6.1509767
            ],
            [
              -73.3481174,
              6.1506922
            ],
            [
              -73.3482314,
              6.1506232
            ],
            [
              -73.3484115,
              6.1505007
            ],
            [
              -73.3485827,
              6.150363
            ],
            [
              -73.3486859,
              6.1502693
            ],
            [
              -73.3487858,
              6.1501719
            ],
            [
              -73.3489147,
              6.1500384
            ],
            [
              -73.3492251,
              6.1497088
            ],
            [
              -73.3493612,
              6.1495701
            ],
            [
              -73.3496419,
              6.1493016
            ],
            [
              -73.3497871,
              6.149173
            ],
            [
              -73.349903,
              6.1490761
            ],
            [
              -73.3501149,
              6.1489131
            ],
            [
              -73.3502099,
              6.1488458
            ],
            [
              -73.3504055,
              6.1487172
            ],
            [
              -73.3506485,
              6.1485718
            ],
            [
              -73.351003,
              6.1483798
            ],
            [
              -73.3513582,
              6.1482049
            ],
            [
              -73.3515598,
              6.1481139
            ],
            [
              -73.3517642,
              6.1480296
            ],
            [
              -73.3519696,
              6.1479551
            ],
            [
              -73.3521134,
              6.14791
            ],
            [
              -73.352259,
              6.1478709
            ],
            [
              -73.3523891,
              6.1478418
            ],
            [
              -73.3525207,
              6.1478179
            ],
            [
              -73.3527441,
              6.1477896
            ],
            [
              -73.3528643,
              6.1477801
            ],
            [
              -73.3529856,
              6.1477741
            ],
            [
              -73.3531845,
              6.147771
            ],
            [
              -73.3533859,
              6.1477742
            ],
            [
              -73.3537964,
              6.1477926
            ],
            [
              -73.3544815,
              6.1478372
            ],
            [
              -73.3560027,
              6.1479484
            ],
            [
              -73.3561742,
              6.1479568
            ],
            [
              -73.3573234,
              6.1477458
            ],
            [
              -73.3582345,
              6.1471883
            ],
            [
              -73.3588037,
              6.1470684
            ],
            [
              -73.3597443,
              6.1469063
            ],
            [
              -73.3605204,
              6.1468739
            ],
            [
              -73.3610162,
              6.1468429
            ],
            [
              -73.3615999,
              6.1467201
            ],
            [
              -73.3619577,
              6.1466008
            ],
            [
              -73.3626107,
              6.1462416
            ],
            [
              -73.3640014,
              6.146043
            ],
            [
              -73.3653073,
              6.1461083
            ],
            [
              -73.3669286,
              6.1464001
            ],
            [
              -73.3680517,
              6.1467852
            ],
            [
              -73.369172,
              6.1470652
            ],
            [
              -73.3697495,
              6.1470652
            ],
            [
              -73.3701278,
              6.1470361
            ],
            [
              -73.3703704,
              6.1469322
            ],
            [
              -73.3707499,
              6.1469864
            ],
            [
              -73.3708864,
              6.1473504
            ],
            [
              -73.3710087,
              6.147809
            ],
            [
              -73.3710989,
              6.1479444
            ],
            [
              -73.3715074,
              6.148207
            ],
            [
              -73.3723169,
              6.1486304
            ],
            [
              -73.3721162,
              6.1489019
            ],
            [
              -73.3717421,
              6.1497436
            ],
            [
              -73.3707534,
              6.1521357
            ],
            [
              -73.3700212,
              6.1539186
            ],
            [
              -73.3694138,
              6.1556767
            ],
            [
              -73.3687062,
              6.1572848
            ],
            [
              -73.3676219,
              6.1593898
            ],
            [
              -73.3669926,
              6.1609314
            ],
            [
              -73.3668036,
              6.161845
            ],
            [
              -73.3664179,
              6.1633559
            ],
            [
              -73.3661804,
              6.1640682
            ],
            [
              -73.365845,
              6.1644409
            ],
            [
              -73.3653342,
              6.1646964
            ],
            [
              -73.3650949,
              6.1649622
            ],
            [
              -73.3649494,
              6.1653987
            ],
            [
              -73.3645043,
              6.1671789
            ],
            [
              -73.3639896,
              6.1693343
            ],
            [
              -73.3632768,
              6.1708895
            ],
            [
              -73.3623814,
              6.1724885
            ],
            [
              -73.3616249,
              6.1740015
            ],
            [
              -73.3612169,
              6.1754766
            ],
            [
              -73.360799,
              6.1774578
            ],
            [
              -73.3614852,
              6.1780658
            ],
            [
              -73.3622751,
              6.1784607
            ],
            [
              -73.3629852,
              6.1788394
            ],
            [
              -73.3633852,
              6.1793395
            ],
            [
              -73.3637639,
              6.1802862
            ],
            [
              -73.3638559,
              6.1810221
            ],
            [
              -73.3640362,
              6.1818786
            ],
            [
              -73.3641283,
              6.1827075
            ],
            [
              -73.3641283,
              6.1832895
            ],
            [
              -73.3643862,
              6.1830443
            ],
            [
              -73.3649109,
              6.1826508
            ],
            [
              -73.3657738,
              6.182518
            ],
            [
              -73.3664882,
              6.1827129
            ],
            [
              -73.3673294,
              6.1831335
            ],
            [
              -73.3681411,
              6.1833654
            ],
            [
              -73.3694465,
              6.1835434
            ],
            [
              -73.3705196,
              6.1836627
            ],
            [
              -73.3716034,
              6.1837229
            ],
            [
              -73.3727868,
              6.1839004
            ],
            [
              -73.3736012,
              6.1837918
            ],
            [
              -73.373986,
              6.1834069
            ],
            [
              -73.3739874,
              6.1834058
            ],
            [
              -73.374009,
              6.1834978
            ],
            [
              -73.3740648,
              6.183671
            ],
            [
              -73.3741343,
              6.1838401
            ],
            [
              -73.3742148,
              6.1840055
            ],
            [
              -73.3743045,
              6.1841673
            ],
            [
              -73.3744101,
              6.1843391
            ],
            [
              -73.374631,
              6.1846794
            ],
            [
              -73.3747383,
              6.1848525
            ],
            [
              -73.3748435,
              6.1850387
            ],
            [
              -73.3749423,
              6.1852293
            ],
            [
              -73.3750365,
              6.185423
            ],
            [
              -73.3753931,
              6.1862123
            ],
            [
              -73.3754766,
              6.1864105
            ],
            [
              -73.3755705,
              6.1865927
            ],
            [
              -73.3757523,
              6.1869546
            ],
            [
              -73.3758473,
              6.1871328
            ],
            [
              -73.3760312,
              6.1874542
            ],
            [
              -73.3761291,
              6.1876102
            ],
            [
              -73.3762325,
              6.1877618
            ],
            [
              -73.3763429,
              6.1879078
            ],
            [
              -73.3764594,
              6.1880445
            ],
            [
              -73.3765829,
              6.1881754
            ],
            [
              -73.3767122,
              6.1883012
            ],
            [
              -73.3768465,
              6.1884224
            ],
            [
              -73.3769852,
              6.1885392
            ],
            [
              -73.3771424,
              6.1886628
            ],
            [
              -73.3773035,
              6.188782
            ],
            [
              -73.3774679,
              6.1888975
            ],
            [
              -73.3778019,
              6.1891171
            ],
            [
              -73.377972,
              6.1892228
            ],
            [
              -73.3783017,
              6.1894181
            ],
            [
              -73.3788023,
              6.1897011
            ],
            [
              -73.3797965,
              6.1902518
            ],
            [
              -73.3800949,
              6.1904272
            ],
            [
              -73.38024,
              6.1905195
            ],
            [
              -73.380382,
              6.190616
            ],
            [
              -73.3805205,
              6.1907172
            ],
            [
              -73.3806952,
              6.1908562
            ],
            [
              -73.3808648,
              6.191002
            ],
            [
              -73.3811938,
              6.191307
            ],
            [
              -73.3814988,
              6.1916068
            ],
            [
              -73.3819254,
              6.1920418
            ],
            [
              -73.38236,
              6.1924998
            ],
            [
              -73.3835085,
              6.1937455
            ],
            [
              -73.3843632,
              6.1946482
            ],
            [
              -73.3846411,
              6.1949478
            ],
            [
              -73.3847765,
              6.1950999
            ],
            [
              -73.3849076,
              6.195254
            ],
            [
              -73.3850327,
              6.1954109
            ],
            [
              -73.3851496,
              6.1955716
            ],
            [
              -73.3852385,
              6.1957087
            ],
            [
              -73.3853186,
              6.1958494
            ],
            [
              -73.3853883,
              6.1959941
            ],
            [
              -73.3854454,
              6.1961434
            ],
            [
              -73.3854978,
              6.1963401
            ],
            [
              -73.3855319,
              6.196543
            ],
            [
              -73.3855526,
              6.19675
            ],
            [
              -73.3855641,
              6.1969596
            ],
            [
              -73.3855762,
              6.1973939
            ],
            [
              -73.3855884,
              6.1976098
            ],
            [
              -73.3856134,
              6.1978234
            ],
            [
              -73.3856474,
              6.197994
            ],
            [
              -73.3856931,
              6.198162
            ],
            [
              -73.3857497,
              6.198327
            ],
            [
              -73.3858164,
              6.1984885
            ],
            [
              -73.3858934,
              6.198646
            ],
            [
              -73.3859879,
              6.1988104
            ],
            [
              -73.3860922,
              6.1989702
            ],
            [
              -73.3862043,
              6.1991263
            ],
            [
              -73.3863226,
              6.1992792
            ],
            [
              -73.3864437,
              6.1994267
            ],
            [
              -73.3865688,
              6.1995719
            ],
            [
              -73.3868294,
              6.1998558
            ],
            [
              -73.386984,
              6.200014
            ],
            [
              -73.3877838,
              6.2007932
            ],
            [
              -73.388102,
              6.2011159
            ],
            [
              -73.3882576,
              6.2012829
            ],
            [
              -73.3884092,
              6.2014553
            ],
            [
              -73.3885551,
              6.2016346
            ],
            [
              -73.3886927,
              6.2018229
            ],
            [
              -73.3888128,
              6.2020111
            ],
            [
              -73.3889235,
              6.2022085
            ],
            [
              -73.389029,
              6.2024231
            ],
            [
              -73.3891237,
              6.2026454
            ],
            [
              -73.3891913,
              6.2028288
            ],
            [
              -73.3892514,
              6.2030143
            ],
            [
              -73.3893039,
              6.2031993
            ],
            [
              -73.3893485,
              6.2033802
            ],
            [
              -73.3893914,
              6.2035877
            ],
            [
              -73.389422,
              6.2037676
            ],
            [
              -73.3894722,
              6.2041483
            ],
            [
              -73.3896424,
              6.2044302
            ],
            [
              -73.3900384,
              6.2036601
            ],
            [
              -73.3904393,
              6.2029581
            ],
            [
              -73.3908344,
              6.2023083
            ],
            [
              -73.3918329,
              6.200734
            ],
            [
              -73.392241,
              6.2000232
            ],
            [
              -73.3925729,
              6.1993199
            ],
            [
              -73.3927436,
              6.1988619
            ],
            [
              -73.3928697,
              6.1984427
            ],
            [
              -73.3929889,
              6.1979306
            ],
            [
              -73.3930355,
              6.1976511
            ],
            [
              -73.3930602,
              6.1974027
            ],
            [
              -73.3934763,
              6.1974086
            ],
            [
              -73.3940683,
              6.1973084
            ],
            [
              -73.3950852,
              6.1964741
            ],
            [
              -73.3958164,
              6.1959283
            ],
            [
              -73.3967075,
              6.1955095
            ],
            [
              -73.3975028,
              6.1950272
            ],
            [
              -73.3984577,
              6.1946081
            ],
            [
              -73.3993812,
              6.1942849
            ],
            [
              -73.4006544,
              6.1937048
            ],
            [
              -73.4015134,
              6.1932223
            ],
            [
              -73.4023082,
              6.1926443
            ],
            [
              -73.4028456,
              6.1915567
            ],
            [
              -73.4031581,
              6.1900871
            ],
            [
              -73.4040783,
              6.1890298
            ],
            [
              -73.4047453,
              6.1883885
            ],
            [
              -73.4050285,
              6.1875255
            ],
            [
              -73.4050164,
              6.1847487
            ],
            [
              -73.4057752,
              6.1832452
            ],
            [
              -73.406314,
              6.1824769
            ],
            [
              -73.4071415,
              6.1820902
            ],
            [
              -73.4076175,
              6.1815455
            ],
            [
              -73.4080604,
              6.1807137
            ],
            [
              -73.4087913,
              6.180136
            ],
            [
              -73.409617,
              6.1793344
            ],
            [
              -73.4105407,
              6.179075
            ],
            [
              -73.4114,
              6.1786563
            ],
            [
              -73.412069,
              6.1784938
            ],
            [
              -73.4128464,
              6.1782236
            ],
            [
              -73.4135698,
              6.1780686
            ],
            [
              -73.4142334,
              6.1779366
            ],
            [
              -73.4148968,
              6.1778178
            ],
            [
              -73.4155403,
              6.1777158
            ],
            [
              -73.415969,
              6.1776578
            ],
            [
              -73.4163916,
              6.1776081
            ],
            [
              -73.416839,
              6.1775625
            ],
            [
              -73.4179443,
              6.1774587
            ],
            [
              -73.4183546,
              6.1774154
            ],
            [
              -73.4187355,
              6.1773695
            ],
            [
              -73.4191364,
              6.1773137
            ],
            [
              -73.4195573,
              6.1772466
            ],
            [
              -73.42057,
              6.1770673
            ],
            [
              -73.4209755,
              6.1770004
            ],
            [
              -73.4214116,
              6.17694
            ],
            [
              -73.4216303,
              6.1769153
            ],
            [
              -73.4220228,
              6.1768817
            ],
            [
              -73.4224163,
              6.1768597
            ],
            [
              -73.4228581,
              6.1768467
            ],
            [
              -73.4239639,
              6.1768311
            ],
            [
              -73.4245786,
              6.1768113
            ],
            [
              -73.4251672,
              6.1767754
            ],
            [
              -73.4257529,
              6.1767238
            ],
            [
              -73.4261429,
              6.1766833
            ],
            [
              -73.4265652,
              6.1766347
            ],
            [
              -73.4276198,
              6.1765013
            ],
            [
              -73.4280411,
              6.1764438
            ],
            [
              -73.4285889,
              6.1763633
            ],
            [
              -73.4297748,
              6.1761695
            ],
            [
              -73.4301332,
              6.1761015
            ],
            [
              -73.4302462,
              6.1761079
            ],
            [
              -73.4305818,
              6.176058
            ],
            [
              -73.4309688,
              6.176023
            ],
            [
              -73.4313825,
              6.1760013
            ],
            [
              -73.4316005,
              6.1759957
            ],
            [
              -73.4320013,
              6.1759931
            ],
            [
              -73.4328037,
              6.1759993
            ],
            [
              -73.4332048,
              6.1759989
            ],
            [
              -73.4336251,
              6.1759895
            ],
            [
              -73.433835,
              6.1759803
            ],
            [
              -73.4340438,
              6.1759676
            ],
            [
              -73.4344609,
              6.1759333
            ],
            [
              -73.4356377,
              6.1758083
            ],
            [
              -73.4359414,
              6.1757726
            ],
            [
              -73.4360543,
              6.1757809
            ],
            [
              -73.4361962,
              6.1757685
            ],
            [
              -73.4363772,
              6.1757631
            ],
            [
              -73.4365501,
              6.1757626
            ],
            [
              -73.4367226,
              6.1757671
            ],
            [
              -73.4368815,
              6.1757763
            ],
            [
              -73.43704,
              6.1757905
            ],
            [
              -73.4371888,
              6.1758087
            ],
            [
              -73.4373369,
              6.1758319
            ],
            [
              -73.4376179,
              6.1758899
            ],
            [
              -73.4378278,
              6.1759451
            ],
            [
              -73.438036,
              6.1760084
            ],
            [
              -73.4383763,
              6.1761264
            ],
            [
              -73.4390646,
              6.1763795
            ],
            [
              -73.4392455,
              6.1764419
            ],
            [
              -73.4395988,
              6.1765542
            ],
            [
              -73.4399553,
              6.1766552
            ],
            [
              -73.4403281,
              6.176746
            ],
            [
              -73.4407172,
              6.1768237
            ],
            [
              -73.4407941,
              6.1768364
            ],
            [
              -73.4413944,
              6.1769226
            ],
            [
              -73.441905,
              6.176943
            ],
            [
              -73.4422492,
              6.1769446
            ],
            [
              -73.4425904,
              6.1769318
            ],
            [
              -73.4429309,
              6.1769051
            ],
            [
              -73.4431536,
              6.1768797
            ],
            [
              -73.4433755,
              6.1768485
            ],
            [
              -73.4435965,
              6.1768114
            ],
            [
              -73.4437955,
              6.1767724
            ],
            [
              -73.4439935,
              6.1767285
            ],
            [
              -73.4441917,
              6.1766791
            ],
            [
              -73.4443886,
              6.1766248
            ],
            [
              -73.4445842,
              6.1765655
            ],
            [
              -73.4447783,
              6.1765013
            ],
            [
              -73.4449683,
              6.1764332
            ],
            [
              -73.4451567,
              6.1763605
            ],
            [
              -73.4453584,
              6.1762771
            ],
            [
              -73.4455209,
              6.1761935
            ],
            [
              -73.4463103,
              6.1757876
            ],
            [
              -73.4464876,
              6.1757243
            ],
            [
              -73.4465345,
              6.1756855
            ],
            [
              -73.4465767,
              6.1756505
            ],
            [
              -73.4466316,
              6.1756215
            ],
            [
              -73.4466668,
              6.175613
            ],
            [
              -73.4466976,
              6.1756055
            ],
            [
              -73.4467423,
              6.175598
            ],
            [
              -73.4468287,
              6.175563
            ],
            [
              -73.4474735,
              6.1753021
            ],
            [
              -73.4476739,
              6.175221
            ],
            [
              -73.4480166,
              6.1750597
            ],
            [
              -73.4482953,
              6.1749167
            ],
            [
              -73.4484303,
              6.1748422
            ],
            [
              -73.4486822,
              6.1746922
            ],
            [
              -73.4489694,
              6.1745036
            ],
            [
              -73.4493131,
              6.1742597
            ],
            [
              -73.4496373,
              6.1740298
            ],
            [
              -73.4499155,
              6.1738381
            ],
            [
              -73.4501656,
              6.1736766
            ],
            [
              -73.4503061,
              6.1735906
            ],
            [
              -73.4506254,
              6.1734066
            ],
            [
              -73.450962,
              6.1732267
            ],
            [
              -73.4513151,
              6.1730503
            ],
            [
              -73.4516814,
              6.172878
            ],
            [
              -73.4522625,
              6.172629
            ],
            [
              -73.4524368,
              6.172535
            ],
            [
              -73.4528981,
              6.1723126
            ],
            [
              -73.4531924,
              6.1721585
            ],
            [
              -73.4538666,
              6.1717809
            ],
            [
              -73.4540404,
              6.1716873
            ],
            [
              -73.4541973,
              6.1716075
            ],
            [
              -73.4543562,
              6.1715319
            ],
            [
              -73.4545117,
              6.1714631
            ],
            [
              -73.4546691,
              6.1713982
            ],
            [
              -73.4550189,
              6.1712664
            ],
            [
              -73.4557463,
              6.1710084
            ],
            [
              -73.4565357,
              6.1707223
            ],
            [
              -73.4568866,
              6.1706022
            ],
            [
              -73.457191,
              6.1705061
            ],
            [
              -73.4573991,
              6.1704453
            ],
            [
              -73.4583966,
              6.1701803
            ],
            [
              -73.4585956,
              6.1701243
            ],
            [
              -73.4588125,
              6.1700585
            ],
            [
              -73.4590248,
              6.1699884
            ],
            [
              -73.4591996,
              6.1699255
            ],
            [
              -73.4595126,
              6.1698001
            ],
            [
              -73.4596893,
              6.1697748
            ],
            [
              -73.459775,
              6.1696703
            ],
            [
              -73.4598364,
              6.1693594
            ],
            [
              -73.4599614,
              6.1687377
            ],
            [
              -73.4602347,
              6.1672831
            ],
            [
              -73.4603123,
              6.1669063
            ],
            [
              -73.4603884,
              6.1665679
            ],
            [
              -73.4604344,
              6.1663787
            ],
            [
              -73.4605331,
              6.166002
            ],
            [
              -73.4606414,
              6.1656281
            ],
            [
              -73.4607766,
              6.1652116
            ],
            [
              -73.4609248,
              6.1647996
            ],
            [
              -73.4610666,
              6.164413
            ],
            [
              -73.4611288,
              6.164277
            ],
            [
              -73.4611788,
              6.1641755
            ],
            [
              -73.4613525,
              6.1637886
            ],
            [
              -73.4615403,
              6.1633972
            ],
            [
              -73.4618377,
              6.1628116
            ],
            [
              -73.4626058,
              6.1613623
            ],
            [
              -73.4627914,
              6.1610011
            ],
            [
              -73.4631291,
              6.1603278
            ],
            [
              -73.4632314,
              6.1601356
            ],
            [
              -73.4633394,
              6.159948
            ],
            [
              -73.4634393,
              6.1597908
            ],
            [
              -73.4635462,
              6.1596396
            ],
            [
              -73.4636713,
              6.1594831
            ],
            [
              -73.4638061,
              6.1593364
            ],
            [
              -73.463922,
              6.1592271
            ],
            [
              -73.4640448,
              6.1591259
            ],
            [
              -73.4641609,
              6.1590426
            ],
            [
              -73.4642821,
              6.1589664
            ],
            [
              -73.4644448,
              6.1588781
            ],
            [
              -73.4646135,
              6.1587991
            ],
            [
              -73.4647796,
              6.1587302
            ],
            [
              -73.4654619,
              6.1584796
            ],
            [
              -73.4656246,
              6.1584161
            ],
            [
              -73.4658657,
              6.1583156
            ],
            [
              -73.4660634,
              6.1582244
            ],
            [
              -73.4662391,
              6.1581351
            ],
            [
              -73.4663748,
              6.1580603
            ],
            [
              -73.4670706,
              6.1576437
            ],
            [
              -73.4673446,
              6.1574958
            ],
            [
              -73.4676421,
              6.1573534
            ],
            [
              -73.46782,
              6.1572763
            ],
            [
              -73.4681818,
              6.157135
            ],
            [
              -73.4683654,
              6.1570705
            ],
            [
              -73.4685509,
              6.1570105
            ],
            [
              -73.4687372,
              6.156956
            ],
            [
              -73.4692907,
              6.1568107
            ],
            [
              -73.4694429,
              6.1567989
            ],
            [
              -73.4698476,
              6.1567345
            ],
            [
              -73.4709682,
              6.1565769
            ],
            [
              -73.4718381,
              6.1564473
            ],
            [
              -73.4724923,
              6.1563435
            ],
            [
              -73.4734684,
              6.1561782
            ],
            [
              -73.4744951,
              6.1560352
            ]
          ]
        ]
      },
      "id": "relation/1315450"
    }
  ]
}